order_id,order_name,order_type,order_status,order_date,provider_id,patient_id,facility_id,department_name,order_priority,order_category,order_description
198bf2b8-92b3-498a-83b2-5f796a66a6d7,MRI Scan,Imaging,Scheduled,2025-05-24,5d955e93,3bb950d2,F002,Radiology,Urgent,Medication,Top level knowledge.
d9581658-3188-42db-a6a9-727616f28247,Blood Test,Lab,Canceled,2025-05-26,1af9a3ab,3f6a4be1,F001,Radiology,Routine,Medication,In market have deal safe bar.
cb3ffc87-5c18-4355-85cb-1117da92f22e,Acetaminophen,Lab,Pending,2025-05-24,c7824036,2942e6ff,F003,Emergency,Routine,Medication,Sort recognize many have eye point.
c9be6c16-ec52-4ac3-b5f3-4c5bb8f3168a,COVID-19 Test,Lab,Pending,2025-05-28,24eec49c,aadf9f48,F004,Outpatient,Urgent,Diagnostic,New drop a.
2a1aaafb-e478-4507-bde7-ae7f67b15543,Insulin Injection,Imaging,Completed,2025-05-30,05e88006,67deb072,F004,Emergency,Routine,Medication,Grow until discuss remember have offer trouble.
6c3b40ce-2658-4f5f-a2ca-b574ec04bd1a,Acetaminophen,Imaging,Canceled,2025-05-30,9e87b0a7,af27d5a9,F004,Pharmacy,Urgent,Diagnostic,Court face service security her organization.
31476a4b-1662-4d3e-9eb8-a2c466fb6339,MRI Scan,Surgery,Pending,2025-05-21,d309bb33,2ffaf406,F002,Inpatient,Routine,Diagnostic,Treatment stage write individual look down work.
9142fbc9-a667-49b9-b8f4-157b4ce8af8f,COVID-19 Test,Imaging,Canceled,2025-05-24,d56e2c91,7368c6df,F003,Pharmacy,Urgent,Medication,List network program hair loss rock myself.
0e6887fd-8fd9-47de-aeef-e822f00b3a56,Blood Test,Surgery,Canceled,2025-05-23,bf603b91,3bbdf469,F002,Outpatient,Routine,Diagnostic,Young rate beat president clearly.
241b9695-f7d2-49a8-9755-b454f8b62184,Acetaminophen,Surgery,Completed,2025-05-28,3a8dbbf0,5258ce4e,F001,Laboratory,STAT,Diagnostic,Bring last condition attack deep certainly.
3c3f3917-f8b6-4f8d-bc55-8e75207d25c5,Insulin Injection,Imaging,Canceled,2025-05-27,c922e807,2fa9ae40,F002,Laboratory,Urgent,Medication,City forward television best.
1f8608b6-3943-4f54-9168-cf4df0f6bbde,Insulin Injection,Imaging,Pending,2025-05-23,5f9a74ce,03bdefb7,F004,Outpatient,Routine,Medication,Century blood both garden peace cut value.
04aba251-d994-4e24-867b-b0e7e501cce9,Blood Test,Surgery,Completed,2025-05-26,c2579566,78fb2ce5,F002,Emergency,STAT,Diagnostic,Project skin walk vote seek church.
f89f18b8-31e9-49c2-b200-c0c8846de90c,MRI Scan,Lab,Canceled,2025-05-22,bc512613,51575e94,F001,Laboratory,STAT,Medication,Experience pick rest field agree push forget or.
7c80a259-a226-4132-8e21-8fa09f801d28,MRI Scan,Imaging,Pending,2025-05-25,ab023320,a3de04fc,F003,ICU,STAT,Medication,Measure day make matter off.
cfbc1cb3-3311-4824-abdb-0c519ad15626,COVID-19 Test,Imaging,Scheduled,2025-05-24,42d10bb6,0fda93fd,F002,Outpatient,Routine,Diagnostic,Property increase the page.
58ddbcea-abf5-475e-8c91-2e314db59b8c,Acetaminophen,Medication,Pending,2025-05-27,3cdd0a4e,f295b602,F001,Outpatient,Urgent,Medication,Television perform usually from safe.
0cfb0f91-ce4f-475d-90fd-f2cb15dff9f5,Blood Test,Medication,Canceled,2025-05-30,ba539c09,ba833b50,F002,Inpatient,Urgent,Medication,Memory happen difficult institution all.
da39ffe6-8cad-4671-b3ad-1106f3934dfb,Insulin Injection,Imaging,Completed,2025-05-30,f79afb02,017b75fb,F001,Outpatient,Urgent,Medication,Bar movement available interest region.
cde95e8b-77fe-45f4-98e0-2a9854867759,Insulin Injection,Medication,Canceled,2025-05-27,7f8e8051,3f4d2b2d,F001,Laboratory,Routine,Diagnostic,Education likely drive listen break free.
9018d643-71b1-4343-95b4-ad0deaafe612,Acetaminophen,Surgery,Completed,2025-05-30,23f46d78,6c9475a6,F004,Radiology,STAT,Diagnostic,Leave vote seven have analysis.
05935d1d-2826-4e61-85cf-fa7f0d887148,Acetaminophen,Imaging,Canceled,2025-05-29,1500541e,660fd888,F002,Laboratory,STAT,Diagnostic,Next hair who sense.
a844a666-f4d9-4fc5-9af9-321cce609ba1,MRI Scan,Medication,Scheduled,2025-05-24,6616f5f6,25f43d75,F004,Outpatient,Urgent,Diagnostic,Evidence structure everyone onto.
6c1d1a2d-8c1a-4456-8319-d366aa2c418c,COVID-19 Test,Lab,Canceled,2025-05-21,e5f98bf8,6c49067c,F001,Inpatient,Routine,Medication,Movement help oil hundred night.
1899ddbd-102d-4b03-b2f3-869360a70886,Acetaminophen,Lab,Pending,2025-05-22,5d648538,6b1a682f,F001,Pharmacy,STAT,Diagnostic,Century federal yourself store total want already energy.
e101cfe9-9c53-4039-9fdd-8124dca78d20,COVID-19 Test,Imaging,Completed,2025-05-23,77f5906f,3e2cf2dc,F003,Laboratory,STAT,Medication,Organization safe approach decision compare card herself.
dfae2dd8-cb52-421e-b615-984b062453c3,Insulin Injection,Surgery,Completed,2025-05-25,8b1c7c59,74fa1243,F003,Inpatient,STAT,Diagnostic,Above best offer sign wrong.
d6aba708-8a79-46a9-8ed1-f0ff602dbd18,COVID-19 Test,Medication,Completed,2025-05-29,38987c43,1704a954,F001,Inpatient,Urgent,Medication,Hotel computer research provide before staff.
196caa63-e2d6-4b77-a873-6c612cc89abb,MRI Scan,Surgery,Canceled,2025-05-30,534f9ddc,0703a402,F004,Radiology,STAT,Diagnostic,When TV pretty Mrs control.
57cf231a-7248-47e4-8bf7-63d9c50bee00,Blood Test,Medication,Scheduled,2025-05-21,4f96bcdd,05eaaa42,F004,Laboratory,Urgent,Diagnostic,Mission against avoid nothing collection he.
2a5a2806-1c89-4416-86cf-e83fd4422a61,MRI Scan,Medication,Completed,2025-05-29,eb8f8c9b,97cf30d2,F003,Pharmacy,STAT,Diagnostic,Sport after age easy eight.
c1b0bff2-aad3-41f2-85d8-b5096bd1cdeb,MRI Scan,Lab,Scheduled,2025-05-24,cc1fff4b,63263266,F002,Outpatient,STAT,Medication,Join community go billion.
d289feba-5b4c-4cd2-aad9-416ad17c208b,Insulin Injection,Medication,Pending,2025-05-27,38ab1a58,feca483a,F002,Outpatient,Urgent,Diagnostic,Team board main nothing approach before wish contain.
0934d1f1-fde7-4833-8684-be80a42f8a34,Insulin Injection,Medication,Pending,2025-05-30,9edead4a,40ffcb57,F001,ICU,STAT,Medication,Movement federal ask ball give offer wall edge.
353d8b36-607f-416f-883a-c466b6f38f65,Blood Test,Surgery,Canceled,2025-05-25,94a9b401,edd00f7d,F001,Emergency,Urgent,Medication,Tend form member tend social.
e94d58a6-93dd-4e48-9f2b-75b3d0abbcdc,Acetaminophen,Medication,Canceled,2025-05-23,ad3d438b,b2cd24b5,F004,Pharmacy,Urgent,Diagnostic,Each once develop we know.
6e3cb91e-07c4-44be-b134-d2c880c6c453,Blood Test,Medication,Completed,2025-05-27,0985ad59,1fce47d3,F001,Laboratory,Routine,Medication,Value produce prove common alone.
59164167-7136-4c05-9e06-9e0ec1e8c43f,Insulin Injection,Lab,Pending,2025-05-31,b1ee75c7,d769d870,F004,Laboratory,STAT,Diagnostic,Effect but listen mean like than again.
b40f57a1-fee4-46eb-b9bf-964e69f9cabd,MRI Scan,Surgery,Completed,2025-05-26,81781edb,c8efbd24,F002,ICU,Routine,Medication,Source hair case question fine them your.
2c75c32a-19a7-47df-a678-0a5ebf15c7ba,COVID-19 Test,Surgery,Completed,2025-05-25,b00cefca,a752e015,F004,Inpatient,Routine,Diagnostic,So speech relate member mother former physical.
82440e41-25d6-4306-9e40-2f2c523b412f,Acetaminophen,Lab,Scheduled,2025-05-24,8cf87802,c9ef5bd2,F001,Pharmacy,Urgent,Medication,If former main thought attack red.
f13a961b-a62d-4ed7-a720-2af418d55612,Insulin Injection,Lab,Canceled,2025-05-25,4dfbd342,78cb0829,F004,Radiology,Urgent,Medication,Main food require professor.
83ecf96b-c576-4436-b79e-729d2b30cccf,COVID-19 Test,Medication,Pending,2025-05-29,5bf02f28,74ac30fa,F004,ICU,STAT,Diagnostic,Physical market art learn.
427fd043-f961-4e74-9261-002582c7e9c0,COVID-19 Test,Lab,Scheduled,2025-05-28,425fb3a6,8913c13c,F003,ICU,Routine,Medication,Attention amount citizen stock.
8afcd9cc-604a-421e-b624-4de079e087c3,Acetaminophen,Medication,Canceled,2025-05-28,865d28be,f46d4811,F004,Inpatient,Routine,Medication,Approach cup sea certain speak hotel conference.
2066754f-768b-4272-b2c4-86ffc9f11e76,Blood Test,Imaging,Pending,2025-05-28,4408dd31,d22acb88,F004,Pharmacy,STAT,Diagnostic,Cause plan simple black society any specific.
2aad1e9c-af3f-4f52-a548-a0c9c00622d1,Acetaminophen,Surgery,Completed,2025-05-30,fb331e73,c3eec10e,F003,Laboratory,STAT,Medication,Concern machine road practice amount.
1b2ca264-b0a2-4857-bf2b-8b0900018685,COVID-19 Test,Imaging,Scheduled,2025-05-25,2d2ee60f,0eed6387,F003,Laboratory,STAT,Diagnostic,Music film writer.
969127b9-daf3-43a6-b5e7-aea10104b9cc,Acetaminophen,Surgery,Canceled,2025-05-22,fcdd5bed,5bd95f27,F002,Inpatient,STAT,Medication,Pattern alone loss care.
393e0b48-4403-4a1d-a66c-91584a0780d6,COVID-19 Test,Lab,Pending,2025-05-26,8b10fa8d,93124c5a,F001,Emergency,STAT,Diagnostic,Hold computer yourself standard fish off.
c2dd5ee8-e045-451e-9a23-97dfb2539ec7,Acetaminophen,Imaging,Canceled,2025-05-30,5f13d847,e1569653,F002,Emergency,STAT,Diagnostic,Baby south guess real.
42206d6a-bfb7-437e-a621-34318de5aa31,Insulin Injection,Imaging,Pending,2025-05-26,a6709aea,14dadcc9,F003,Pharmacy,Urgent,Diagnostic,Both our even during his job.
4295277a-0ff8-4c25-aa57-4c3badfeb247,Blood Test,Imaging,Canceled,2025-05-27,534f9ddc,02655aaf,F001,Pharmacy,Urgent,Medication,Few manage these.
2610b7e9-7f33-424e-a7a7-2af6879015a9,COVID-19 Test,Surgery,Pending,2025-05-23,5afb172f,57554270,F003,Emergency,STAT,Diagnostic,Onto southern morning every style tend few.
3314f5d4-c08d-45f5-95c5-9f5fa63e061f,Insulin Injection,Medication,Canceled,2025-05-31,d1b04b99,fed614c9,F003,Radiology,STAT,Diagnostic,Side hot represent open read coach window.
3e58c457-614a-4cee-94ff-ebfc154108b2,Blood Test,Surgery,Pending,2025-05-21,2c45d579,830ea087,F004,Outpatient,Urgent,Diagnostic,Coach respond north center growth.
e7152953-96c4-4bbd-a707-3505687c9636,Blood Test,Surgery,Canceled,2025-05-29,a7717de7,5990ea3f,F002,Radiology,Routine,Medication,Nor hotel fill play big talk growth across.
35b307cc-7b7f-4f61-af2c-695a3aee32f4,MRI Scan,Imaging,Completed,2025-05-22,38ab1a58,cb3ac8b0,F001,Emergency,Routine,Diagnostic,State produce computer.
4f503e6f-acfa-421f-a3fc-3541bf4c79fc,MRI Scan,Lab,Pending,2025-05-24,f9e9b9e4,14dadcc9,F004,Inpatient,STAT,Medication,Common staff exist big writer human.
6ca43c55-a5c2-4850-969d-64da958fd7da,COVID-19 Test,Lab,Pending,2025-05-29,8cf87802,59a53d18,F001,Outpatient,STAT,Diagnostic,Enjoy foreign may little center never drop.
aed55e47-594c-4037-832b-c6b8199628d1,Blood Test,Lab,Canceled,2025-05-30,1a95b987,d3115e65,F004,Inpatient,Routine,Diagnostic,Rest one of city center.
d226d3bc-4b62-486b-8c93-eac58683c80d,Insulin Injection,Surgery,Pending,2025-05-24,adc7843f,92bba228,F002,Pharmacy,Routine,Diagnostic,Serve some plan at paper speech language.
85b7d3f0-f774-43f6-aaa8-edb77a23284f,COVID-19 Test,Imaging,Pending,2025-05-30,46cffb73,9f9e1cf3,F003,Pharmacy,Urgent,Diagnostic,Face interview prepare sure whatever become.
a7cc9ce6-07c4-4a12-893c-9e1a99e030f8,Acetaminophen,Lab,Completed,2025-05-21,e0b79eb9,45762701,F004,Inpatient,STAT,Medication,Sort organization someone work past traditional develop.
5ad3484b-6474-494d-8c53-70d900a3edf3,Blood Test,Medication,Pending,2025-05-22,ad3d438b,3e024fd4,F003,Pharmacy,Routine,Medication,Time account through group chance player national.
05f77a4d-1574-4478-92f4-63a620e38504,Blood Test,Imaging,Canceled,2025-05-24,86a79453,27c06551,F001,Laboratory,Urgent,Medication,Seat left stand discussion step so speech.
3c434f75-d55d-4515-a5fd-b3bc552bc4f7,Insulin Injection,Lab,Canceled,2025-05-23,979e6fa0,10f1862b,F003,Emergency,STAT,Diagnostic,Store light popular her smile safe across think.
219e1173-56a4-44d1-ae0e-1ffa47db566f,Blood Test,Lab,Scheduled,2025-05-23,23a48c3b,5bd95f27,F003,Pharmacy,STAT,Diagnostic,Avoid difference human anything hard media.
55e936db-5e46-4701-a4bd-67d408c8aa62,Insulin Injection,Medication,Completed,2025-05-31,3cdd0a4e,57554270,F004,Pharmacy,STAT,Medication,Picture raise wonder laugh compare executive former.
2d6169bb-244d-4b4e-b771-edc2e6fd3568,Blood Test,Lab,Completed,2025-05-24,4f1f7444,87314ad7,F003,Emergency,Routine,Diagnostic,Certainly leg chair hope store.
5aaaf025-7dcc-4da8-9346-e347764371e3,Insulin Injection,Medication,Completed,2025-05-22,e69ad073,aae7a6ef,F001,Laboratory,Urgent,Diagnostic,Guess them matter.
b93ab8bb-6a0b-41da-8d47-46205bd66a3e,COVID-19 Test,Surgery,Scheduled,2025-05-21,49692c93,f49543b8,F004,Emergency,Routine,Medication,Job win four pressure always.
259e5cf4-e1e2-4fb3-a457-7efbc4118ea3,Insulin Injection,Imaging,Canceled,2025-05-25,5f6d8b65,c7183a39,F004,Radiology,STAT,Diagnostic,Try arm poor little already simply.
1f6af17b-cd1b-4dc6-943b-1d2f10959849,MRI Scan,Imaging,Scheduled,2025-05-25,e4f1b6b6,b399a05f,F003,Emergency,STAT,Diagnostic,Account product whether ask.
9d74bb5c-ec0d-4a81-9a02-89047fb2f984,MRI Scan,Surgery,Scheduled,2025-05-29,ed2eda6b,935792f2,F004,Laboratory,Urgent,Medication,Example ten line.
e81fa55e-35b0-42dc-95a8-540c624340f0,COVID-19 Test,Surgery,Scheduled,2025-05-30,27caf036,359b6177,F004,Outpatient,Urgent,Diagnostic,Somebody everything share.
98b49c6a-7074-4f37-9321-df0eb2568bdb,Blood Test,Imaging,Pending,2025-05-27,af9a56f7,b859d4b2,F002,Pharmacy,STAT,Diagnostic,My next owner go nearly.
7af58a49-4153-44ed-a74a-c42539898280,Blood Test,Surgery,Canceled,2025-05-25,187eae1b,199c66e9,F002,Emergency,Routine,Medication,Reach during sign industry best.
67da19ce-e259-45a7-ac4b-7c13b659b737,Insulin Injection,Lab,Completed,2025-05-31,24053a29,87314ad7,F002,Outpatient,Urgent,Diagnostic,Book any third.
52b73eca-afe8-4be7-b8b9-1ce94c09a790,COVID-19 Test,Surgery,Scheduled,2025-05-27,6e07516b,d7ebe688,F001,Inpatient,STAT,Diagnostic,Across cause and argue amount major.
aecbbe0f-8f3e-463a-9c88-e3d772e7d21d,MRI Scan,Surgery,Canceled,2025-05-29,72f65d78,7a615700,F003,Laboratory,Routine,Medication,Reveal cover style language second woman.
0b6ff969-2b31-44d2-972c-fe814644dab3,Insulin Injection,Surgery,Scheduled,2025-05-23,80190eb5,1fce47d3,F004,Radiology,STAT,Diagnostic,Catch school song enjoy.
97923f51-06b4-46c9-836e-fd0749a73308,Acetaminophen,Medication,Completed,2025-05-23,74690969,216d21af,F002,Pharmacy,STAT,Diagnostic,Impact thousand now city special.
7d97c0b3-371e-4a5d-8039-0b50889b9171,MRI Scan,Lab,Canceled,2025-05-25,13859e2b,3e668ee0,F002,Outpatient,Urgent,Medication,School everything teach admit throughout.
0a0beb49-b5cc-4b3d-8a55-07e798068989,MRI Scan,Lab,Canceled,2025-05-24,e366930b,79784b17,F003,Radiology,STAT,Medication,Bag leader reality million who.
2a4de374-a956-4197-918a-67107f7d7a58,Acetaminophen,Medication,Completed,2025-05-26,be188856,7a615700,F004,Pharmacy,Routine,Medication,Hear result scientist product of operation.
e9740746-dedf-4ba2-ad20-46bb0ab0328b,MRI Scan,Surgery,Canceled,2025-05-31,06209b5c,f79b1a8f,F002,Emergency,STAT,Medication,Born report cultural or financial.
65a3032f-2ce4-401f-8f8f-71dbc211d6df,MRI Scan,Lab,Canceled,2025-05-29,753f8097,67ad1d72,F004,Laboratory,Routine,Medication,Choice method music somebody school between police.
97282f18-fa59-47da-b625-91ba7ec8cdcb,Insulin Injection,Surgery,Completed,2025-05-30,b694870c,97a2c225,F001,Outpatient,Routine,Diagnostic,Possible bank identify far.
3e6637c5-c7d9-4fb8-abba-95eece6796d1,Insulin Injection,Imaging,Pending,2025-05-24,db1200c4,3bbdf469,F002,Outpatient,Urgent,Medication,Community water too body.
98586890-76a4-427e-a898-a55b06cd5ef6,Insulin Injection,Medication,Scheduled,2025-05-25,3fb73524,bb5ba6b3,F002,Emergency,Urgent,Diagnostic,Traditional clearly born generation us.
eee70af0-10bf-4167-a4ce-e05e84a85411,Insulin Injection,Imaging,Canceled,2025-05-23,979e6fa0,97cf30d2,F001,Outpatient,Urgent,Diagnostic,Sense able always perhaps.
ba034705-3848-450c-ad79-afc8ee77e741,COVID-19 Test,Lab,Canceled,2025-05-21,b4b76e79,b52363e7,F003,Emergency,STAT,Medication,Lawyer guess shoulder.
bc93cd90-e472-4ada-8f4d-2d18d6bd9ad0,Insulin Injection,Lab,Scheduled,2025-05-25,9c70b179,cd7c12d4,F001,Inpatient,STAT,Diagnostic,Response baby late among one.
37f74c17-4da8-473a-aca0-3c15a9e3d223,Insulin Injection,Surgery,Pending,2025-05-29,ed2eda6b,3808fecf,F001,Radiology,Routine,Medication,Training professional herself course everything reflect project.
ac3926f6-9aa1-4932-9a53-d9b1e7db6aee,MRI Scan,Surgery,Scheduled,2025-05-24,f61e672c,92bba228,F002,Radiology,STAT,Medication,Team meeting work.
869e32d4-afa3-4197-a63c-8831ba88a760,Blood Test,Surgery,Completed,2025-05-28,3410d721,a408e55a,F003,Inpatient,Routine,Diagnostic,Everything maybe enjoy yes marriage recent.
1e741458-11bf-4636-86d5-7506d683c655,Insulin Injection,Surgery,Canceled,2025-05-24,a4d67758,23a61bc3,F001,ICU,STAT,Medication,Material whether ok and.
f2577409-76b2-44b7-9847-f58ef2da72f2,MRI Scan,Lab,Scheduled,2025-05-29,de2a35b9,5a7d010f,F004,ICU,STAT,Medication,Skin hot professional rock unit summer.
2750e705-dec8-47d8-8aec-3e1a68b6664a,Insulin Injection,Imaging,Canceled,2025-05-25,246161a3,cfd15207,F003,Inpatient,Routine,Diagnostic,Point ever similar every give especially strong.
d9f08b97-1b8c-46dd-b5f0-fd641aca1220,MRI Scan,Medication,Scheduled,2025-05-23,2d804436,70d096ac,F002,Inpatient,STAT,Medication,Letter benefit deep lead money political or suffer.
845befa9-9732-49a1-83f5-865c421b1586,COVID-19 Test,Lab,Scheduled,2025-05-21,c97fbc15,04a5636c,F001,Pharmacy,Routine,Diagnostic,Color level civil manage.
7d6b22ee-e63b-40ef-9416-316aea8bb9d3,Blood Test,Lab,Canceled,2025-05-28,38ab1a58,776ac78e,F001,Outpatient,Urgent,Diagnostic,Training money right serve garden power see.
a8add95b-d9af-4f21-85f5-8e77487d3df1,MRI Scan,Lab,Completed,2025-05-29,35432439,7398571b,F004,ICU,Urgent,Medication,Senior radio maintain treatment.
841e4b00-00ac-4efc-9e3d-7ea02ea4f560,Insulin Injection,Surgery,Scheduled,2025-05-22,e4f1b6b6,42ad78c3,F004,Outpatient,STAT,Medication,Put everybody popular fear heart it.
db6ebc2d-2d72-4457-8e01-a0f22b5c270d,MRI Scan,Surgery,Scheduled,2025-05-25,38ab1a58,63f76d5a,F001,Emergency,STAT,Diagnostic,Voice identify ever.
e3dc9355-2080-48d0-927c-fca7d1ec28bf,Blood Test,Imaging,Pending,2025-05-22,d1707c93,93124c5a,F002,Inpatient,Routine,Medication,Movement economic difference tax grow subject business.
ff6f8ffb-2fff-42bf-b38b-da96de18a969,Acetaminophen,Medication,Scheduled,2025-05-26,72f65d78,c3eec10e,F004,Radiology,STAT,Medication,Miss road allow occur situation property expect.
23bcc131-72b1-4e6d-896d-0e9ee0187b88,MRI Scan,Imaging,Pending,2025-05-24,42d10bb6,daf312f2,F003,ICU,Urgent,Diagnostic,Assume help Democrat information position.
ca9c996c-aebd-4ad9-9ae8-528fecf05b2b,Acetaminophen,Surgery,Pending,2025-05-31,e366930b,3b00f934,F001,Laboratory,Urgent,Diagnostic,Attention partner star near.
37d05088-50e1-4c82-8359-c9c727b52d8c,Acetaminophen,Surgery,Completed,2025-05-27,717cc01a,8038cfeb,F004,Laboratory,Urgent,Medication,Career a less television question sing team soon.
9f370417-3f6a-4b69-8ab8-c7cc3679d86e,COVID-19 Test,Imaging,Scheduled,2025-05-24,b97e4374,2290d4ea,F002,Emergency,STAT,Diagnostic,Old away camera capital base window.
4f3d7af2-026a-4d7a-9593-cd0d035e14d5,COVID-19 Test,Surgery,Pending,2025-05-31,4ca891c2,a3de04fc,F002,Pharmacy,Urgent,Diagnostic,Scientist green player believe million perhaps everybody after.
856e8f98-49d2-489b-a9be-77b80a634ee0,Insulin Injection,Medication,Pending,2025-05-29,aaa0e0a0,454d50a8,F003,Radiology,Routine,Medication,Within tell trade beat sister.
e3fe62ca-bcb5-4c73-b019-eff7d284323f,COVID-19 Test,Lab,Pending,2025-05-26,03e567d9,bc3f02b4,F004,Inpatient,Routine,Medication,Whether into represent ten health.
c2e2c47e-9761-4bcc-988e-681bfb79c805,Insulin Injection,Surgery,Pending,2025-05-24,24eec49c,2eb89aec,F004,Emergency,STAT,Diagnostic,Year article for road.
b486d215-b2a7-4c4b-8f4b-dc3c4f01f58c,COVID-19 Test,Medication,Completed,2025-05-28,0d4bf07b,42c3ccf4,F004,Pharmacy,Urgent,Medication,Up director care realize.
863b3935-3028-4fbc-b88c-f0f7b571040d,COVID-19 Test,Surgery,Scheduled,2025-05-28,2491e187,f1a8b482,F003,Pharmacy,Urgent,Diagnostic,Eye anyone him professor after type part.
f76138ef-1612-4323-9865-b81a902d4d63,MRI Scan,Lab,Pending,2025-05-27,0ac57949,6b1a682f,F002,Laboratory,Urgent,Diagnostic,Whom recent color.
9ea24872-5b37-4cdc-a665-07c485b7c6eb,Blood Test,Medication,Scheduled,2025-05-27,7bb1a690,9ea912ab,F002,Radiology,STAT,Medication,Key expert trial box conference himself.
2d859c27-6530-4f19-aef3-9beaa9a6c2ee,MRI Scan,Surgery,Scheduled,2025-05-21,db1200c4,246f66b4,F001,ICU,STAT,Diagnostic,Soon reveal example drive environmental usually fact.
71a15f63-1f69-4387-bba4-186b8fdac42c,Insulin Injection,Surgery,Pending,2025-05-31,35e2b6be,7398571b,F001,ICU,STAT,Diagnostic,Send wear one important college mouth.
81c5259c-2c0d-4c66-ba52-ec86fb14ec34,Blood Test,Medication,Scheduled,2025-05-24,04501608,f834f785,F003,ICU,Routine,Diagnostic,Receive hundred product money.
cd528eca-99cd-4ef0-8323-2170ab2d9c44,Insulin Injection,Imaging,Canceled,2025-05-29,175c0444,cbcf3bf3,F001,Inpatient,STAT,Diagnostic,All young east four.
f243076b-eb57-47a9-add6-e662503abba3,MRI Scan,Medication,Completed,2025-05-28,3893e1d8,fa528926,F002,Emergency,STAT,Medication,Million place end war everybody option thought.
6c505006-f81b-4f5d-ad2e-c66a6e94f2cf,Insulin Injection,Medication,Canceled,2025-05-31,d4206172,70d096ac,F003,Pharmacy,Urgent,Medication,Send blue spring.
91058810-a928-4ba0-acee-5f3d80ec7d88,Insulin Injection,Imaging,Canceled,2025-05-22,3c8380ba,0d49b5dd,F002,ICU,Urgent,Medication,Share this want interesting space about lay accept.
dae39b59-93bc-4792-83b4-a6dc5d619045,Blood Test,Medication,Scheduled,2025-05-27,c0fcb643,3ae76626,F003,Emergency,Routine,Medication,Example finish suddenly glass edge language.
8336884d-e056-4a64-b6a8-18594b3d3885,Acetaminophen,Surgery,Canceled,2025-05-31,6bf90bca,85eb92a8,F003,Laboratory,STAT,Diagnostic,Bad attention cultural way himself.
8b02e880-7174-486e-a1f5-ddca678abb52,Blood Test,Imaging,Pending,2025-05-31,13184010,9ff990c2,F003,Outpatient,Urgent,Diagnostic,Away heart best machine operation give.
826418d0-bb4b-4544-9f69-0d2e812f196e,COVID-19 Test,Medication,Scheduled,2025-05-28,427c397a,98c16ca5,F004,Emergency,Urgent,Medication,Rise modern sell during.
44497999-fba7-4528-b20a-68c5a07af22d,MRI Scan,Lab,Pending,2025-05-21,317c27b1,6248619c,F001,Radiology,Urgent,Medication,Address visit hard part manager.
34956f74-281c-402a-a42c-f68237d16555,MRI Scan,Imaging,Pending,2025-05-31,56ba40ea,8c2fbf70,F001,ICU,Routine,Medication,Call fund situation southern president top shoulder.
1a573eba-8b6a-4b8a-aa44-7e4a1b2b5ea3,MRI Scan,Surgery,Canceled,2025-05-23,5bd64fa1,52379df1,F002,Laboratory,Routine,Medication,Old hair shoulder garden benefit bad.
cadc6b52-e8cc-49dd-b1e9-48f1b1bb2b57,Blood Test,Imaging,Completed,2025-05-26,38ab1a58,7a615700,F001,Inpatient,STAT,Medication,Create win bring thus modern.
65e33ccc-1fef-4141-9c3b-e10ceee6b065,COVID-19 Test,Medication,Scheduled,2025-05-27,317c27b1,5c1d05f7,F004,Radiology,STAT,Diagnostic,Oil entire big quite chance or.
eb20010d-04ab-4d78-92ac-8dcd06a585a8,COVID-19 Test,Medication,Canceled,2025-05-23,56eb7689,646945d0,F003,Laboratory,Routine,Diagnostic,She ready probably edge present.
b033648a-f78c-491a-bee0-cf1a7422a305,Insulin Injection,Lab,Scheduled,2025-05-24,f61e672c,61fd41b6,F002,ICU,Routine,Medication,Question man short sit add himself.
0e1fbd27-94cb-4a4d-8d79-12587cbc55a8,MRI Scan,Medication,Scheduled,2025-05-27,5ef7405d,3a9b4dae,F003,Radiology,STAT,Medication,Late cell shoulder safe.
aa2e7ee5-0b69-4eee-b5bb-ffb8ca41ced2,MRI Scan,Imaging,Canceled,2025-05-30,d551fb6c,fcbf6008,F003,Radiology,Urgent,Diagnostic,Identify seem off will.
2d050826-e54f-44a3-becd-6b0a2f5c7d32,Acetaminophen,Surgery,Pending,2025-05-25,40fd5c24,79b25bea,F003,ICU,STAT,Diagnostic,Let community month actually whole.
2b55a975-15e9-4fd8-bba9-71923e57b322,Acetaminophen,Imaging,Canceled,2025-05-29,a613ac91,3b933225,F004,ICU,STAT,Diagnostic,Poor hand Mr against.
20fb403a-5b99-4934-b235-1c667a3de326,MRI Scan,Surgery,Scheduled,2025-05-27,786f217c,cd7c12d4,F004,Laboratory,STAT,Diagnostic,Say item power place send.
c54bf62b-6a73-4660-9ac2-b6ae08ac8347,Acetaminophen,Medication,Scheduled,2025-05-30,2d804436,13cd435f,F001,ICU,STAT,Diagnostic,Money home think message foot north.
b270882a-d81c-4651-8de1-9dbc9fff301d,Insulin Injection,Surgery,Scheduled,2025-05-21,d31d1f71,344da502,F001,ICU,STAT,Diagnostic,Religious large red smile determine field increase.
80149870-4d9e-44b5-ab27-73dab761e189,Blood Test,Medication,Pending,2025-05-30,5bf02f28,4aa82fa2,F002,Inpatient,STAT,Diagnostic,Fast simple other.
2e24a43d-160d-42da-9a40-e3547a47e470,COVID-19 Test,Surgery,Scheduled,2025-05-21,5bbc5706,afc0b4f8,F001,Inpatient,Urgent,Medication,Career major reason brother response with she.
53e68bb0-5f43-48fa-a8f5-4a3505960c12,Blood Test,Imaging,Pending,2025-05-26,b296f59c,356e2c04,F003,Pharmacy,Urgent,Diagnostic,Business whose itself that.
48e71461-d3ee-4e52-adb3-712bc92aac80,Insulin Injection,Imaging,Completed,2025-05-23,2621cd5e,e1569653,F002,Radiology,Routine,Medication,Challenge indicate plan.
1d03bb2d-0edd-4edc-8c9c-3b7cab3f56f2,COVID-19 Test,Lab,Completed,2025-05-21,99b52f65,a91ad029,F004,Pharmacy,Routine,Diagnostic,Conference be up door government front speech.
f087f6ab-0ce6-43f5-86e6-9c7285ed63a6,Blood Test,Medication,Completed,2025-05-31,ad3d438b,344da502,F001,ICU,STAT,Medication,Matter where art hard memory purpose those box.
a71ee6c8-7abc-40c0-9a0e-11ad91b3e7b1,Acetaminophen,Imaging,Completed,2025-05-25,3c2ce6a9,776ac78e,F001,Emergency,STAT,Diagnostic,Beat actually today.
ac403f40-df32-4378-a0e2-80af8561334e,MRI Scan,Lab,Completed,2025-05-31,53d23f4e,6ddf2467,F004,Outpatient,Urgent,Diagnostic,Move shoulder among.
6029a25a-7fc3-497a-8630-fad1d708b31c,MRI Scan,Medication,Scheduled,2025-05-25,a089762f,627c173b,F001,Radiology,STAT,Diagnostic,Home gas quality.
965c4808-7b3a-4781-b753-9ec4c353b637,Acetaminophen,Medication,Pending,2025-05-30,96969be7,2b9e1e65,F001,Radiology,Routine,Diagnostic,Also poor compare two.
4e6e205b-1bdd-45fe-862c-2970e779e78c,Acetaminophen,Imaging,Scheduled,2025-05-23,a089762f,0c46bf0a,F002,Outpatient,STAT,Medication,Prepare position stuff forget hear officer pressure campaign.
06e8df5c-92c6-41c4-9ef5-1d8d3615b6e7,Blood Test,Imaging,Completed,2025-05-25,ae215d80,22459a13,F001,Radiology,Routine,Diagnostic,Behavior work when these.
540d878f-948a-4c07-bdc1-891ba2832856,Blood Test,Medication,Completed,2025-05-22,0430706f,eb588afd,F003,Inpatient,STAT,Diagnostic,Source safe career involve shoulder paper.
0392e707-80e9-4ce8-87d5-7e38df812033,Insulin Injection,Lab,Completed,2025-05-31,528c6f53,42d4cf1b,F003,Laboratory,STAT,Medication,Board see toward great tell.
474944e2-003a-4ec6-8840-2b130a2ee7b7,Insulin Injection,Medication,Canceled,2025-05-28,8a096a35,32acf63f,F001,Laboratory,Urgent,Medication,Style without project notice we development.
6445555c-8082-4b67-811a-fe09fa70fddc,MRI Scan,Imaging,Completed,2025-05-23,2082fe99,017b75fb,F002,Radiology,STAT,Medication,Firm foreign leg lead quite receive.
85d2b02d-1ba1-410f-b427-bdb33e14a480,COVID-19 Test,Lab,Scheduled,2025-05-26,011e186f,58dffca0,F001,Radiology,Routine,Diagnostic,Cold agency until reflect worry.
fe9f7079-7786-45d3-9d07-18d02435a04a,MRI Scan,Surgery,Completed,2025-05-28,6bf90bca,68a822f4,F002,Radiology,Routine,Diagnostic,Bed write third people believe writer provide.
2a900261-9fe3-47d6-84b4-d484924d9888,Insulin Injection,Lab,Pending,2025-05-25,96969be7,19428ddc,F002,Pharmacy,STAT,Diagnostic,Song seem into sport member table attorney budget.
5776c48e-242a-42d9-959c-cb7a2ef79d0c,Insulin Injection,Surgery,Scheduled,2025-05-21,f6a9d0f8,ae289880,F002,ICU,STAT,Diagnostic,Several back election discover.
a3277ffa-b8e8-49a4-b672-a53a935055d8,MRI Scan,Imaging,Completed,2025-05-23,24053a29,59a53d18,F002,Inpatient,Routine,Diagnostic,New white mother plan baby.
8e99c9bf-9a07-4246-95e1-919745752891,COVID-19 Test,Surgery,Pending,2025-05-28,d6f39c39,9ea912ab,F001,Radiology,Routine,Medication,Professor east firm treatment ten mind.
ede95c1e-12c4-4ba6-8a5e-6ee63a1d0a94,Insulin Injection,Surgery,Scheduled,2025-05-29,23b06770,09745748,F004,ICU,STAT,Medication,Color alone no forget test friend office.
7f981f66-8001-4bee-85a2-d9bb34317c92,COVID-19 Test,Imaging,Canceled,2025-05-25,8c8e4de4,ce47af19,F003,Emergency,Routine,Diagnostic,Police international responsibility way minute.
d79954fa-af97-4457-bdaa-6c56cc3e400b,Blood Test,Medication,Scheduled,2025-05-28,4aa7a097,a637ff16,F003,Radiology,Urgent,Medication,Benefit speech pass from attack note station.
07809bb7-1d10-4b7b-8988-add99a1b400c,MRI Scan,Lab,Canceled,2025-05-26,74457b10,95965602,F004,Pharmacy,STAT,Medication,Thank think resource.
7d36e0ef-9bb8-4b3c-81b2-6c0b9b8a9ac9,Acetaminophen,Medication,Scheduled,2025-05-29,075dab42,f50b5436,F002,ICU,STAT,Medication,Person computer mind southern low give compare.
a3b3c528-6f83-4f08-bce1-ef3d39d99384,Insulin Injection,Imaging,Canceled,2025-05-27,6420bd49,3ae76626,F003,Emergency,STAT,Diagnostic,South care see.
cbe213af-7210-4c27-8b69-a1df70381d9a,Insulin Injection,Imaging,Pending,2025-05-21,0faf344d,6ae7fc8f,F001,Inpatient,Urgent,Diagnostic,Star not can beautiful alone fact film.
2ef24fe8-a982-4b26-9a32-d31720eee410,COVID-19 Test,Imaging,Scheduled,2025-05-29,e64e9e6e,b66e3b45,F004,Radiology,Routine,Diagnostic,Today chair shake yard three result pass.
cbe1e22b-22a3-4727-9e98-a88de9b85f74,MRI Scan,Surgery,Completed,2025-05-29,39e48857,4ab4649d,F003,Pharmacy,Routine,Diagnostic,Film easy cup after continue college.
f432e41e-fc18-4df7-8194-9423d402b224,MRI Scan,Imaging,Canceled,2025-05-26,83ae4f35,dc42298c,F002,Emergency,Urgent,Diagnostic,Town despite view dinner quickly design we.
8a43685f-31ca-4948-adb3-0f0d81a73cb9,Acetaminophen,Imaging,Canceled,2025-05-23,04501608,f32df77d,F003,Radiology,Urgent,Medication,Watch thought lose leader anything loss.
d041b2a2-c36b-4d63-8fee-f756b8a0aa7b,Blood Test,Lab,Canceled,2025-05-27,72d61f91,3ae76626,F003,Pharmacy,Urgent,Medication,Shoulder while smile build stage down.
8f9f14ff-938b-491a-82a4-80642349ae59,MRI Scan,Medication,Completed,2025-05-28,979e6fa0,a6e38479,F002,ICU,Routine,Diagnostic,Which ten list.
b5d37f9d-5ddf-46ad-8a46-90df1836162b,COVID-19 Test,Lab,Pending,2025-05-23,9169be12,abbf462b,F004,Laboratory,Urgent,Diagnostic,Official model allow president contain call everything.
f3deec38-6bd3-429b-86d7-061f3fe3d80f,MRI Scan,Surgery,Canceled,2025-05-22,b4651004,5bb428ec,F003,ICU,Routine,Medication,Behavior consumer research half.
a3191675-0359-4a1d-9e4a-4e2c18eaad35,COVID-19 Test,Medication,Scheduled,2025-05-28,d1707c93,57554270,F003,Outpatient,Routine,Medication,Hand today author budget continue.
94927ff4-561f-4d4e-aa71-84ada2e6edda,MRI Scan,Medication,Scheduled,2025-05-21,221d3acf,d7ebe688,F002,Outpatient,Urgent,Medication,Year hundred be age.
aedd6b95-097b-45a3-8f0f-e1df30001c4f,Acetaminophen,Imaging,Completed,2025-05-29,390d3299,d769d870,F002,Inpatient,Urgent,Diagnostic,Everything play discuss.
88a22629-90ee-4ac6-a815-f84f2a5533bd,Insulin Injection,Imaging,Scheduled,2025-05-29,cb3684ba,1791490a,F001,Radiology,STAT,Diagnostic,Social crime contain test meet.
55a2a202-d29b-4bae-9935-9ee4a78e8cdb,Acetaminophen,Lab,Completed,2025-05-28,ba9214e6,9cf8ff0e,F004,Outpatient,STAT,Diagnostic,Six type college simply security note.
87f9c4a7-d4e3-4f3e-9dc9-10c7a6f87cb5,Insulin Injection,Imaging,Completed,2025-05-28,72d61f91,0d49b5dd,F003,Outpatient,Routine,Medication,Stand face to sort.
f5ac3cdc-47a4-4d27-aa94-116dcfd64a15,MRI Scan,Imaging,Scheduled,2025-05-21,2b2c3f29,9c7213eb,F004,Pharmacy,Urgent,Medication,Left defense necessary international.
f941765c-289d-49e1-9eb8-f3ef0754c98c,COVID-19 Test,Imaging,Completed,2025-05-24,bb4f9d06,f0dd44a5,F004,Pharmacy,Urgent,Diagnostic,System throughout experience what but they sing.
8231de4e-3462-4f02-83db-a91edde91095,MRI Scan,Medication,Canceled,2025-05-23,3c2ce6a9,aae7a6ef,F003,Radiology,STAT,Diagnostic,My lot also finish boy.
53e220dc-97d0-4562-b07d-ff6e77673167,Blood Test,Medication,Canceled,2025-05-31,406aeec4,20657178,F004,ICU,Urgent,Medication,Region security his market.
6678d6fd-cff9-4342-a65c-844ab02d7142,COVID-19 Test,Medication,Completed,2025-05-31,3dfd8091,ad7db716,F002,Laboratory,Routine,Diagnostic,Seek film whatever sort put.
a211bb61-f673-4548-a2a8-8cdcfaf34794,MRI Scan,Lab,Pending,2025-05-24,835fea6a,491ac4d6,F003,Inpatient,STAT,Medication,Trial country next economy probably name have.
36598eee-20d6-4562-b490-a1f40e850f53,MRI Scan,Surgery,Completed,2025-05-28,3c2ce6a9,b66e3b45,F004,ICU,Urgent,Medication,Tell trial shoulder religious hundred.
05ec1fa9-22d5-4a87-8b42-d5bdde7d5f79,COVID-19 Test,Imaging,Scheduled,2025-05-31,23145844,469bbbbf,F001,Radiology,STAT,Diagnostic,Activity marriage person remain us take.
e677ceab-13ad-46a4-a9f3-82f8ae3b2d4f,MRI Scan,Surgery,Pending,2025-05-30,c0f53519,35e61879,F003,Pharmacy,STAT,Medication,Talk our describe.
81300a73-102f-4706-9454-564baa582ab1,Insulin Injection,Lab,Pending,2025-05-25,5ef7405d,ae164ef1,F002,Pharmacy,STAT,Diagnostic,Remember father begin bad fund three difficult.
ed678b41-223a-46af-9592-b5b32327c1c5,Insulin Injection,Imaging,Canceled,2025-05-30,37c5a27c,81ddf8dd,F003,Radiology,STAT,Diagnostic,Industry interview focus western smile her.
521a95f7-dd49-4a38-94a7-1ea4e6bf5b13,Acetaminophen,Surgery,Scheduled,2025-05-29,278acb5b,0703a402,F003,Outpatient,STAT,Medication,See across street black interesting adult probably.
674598b6-dec4-44f8-98c5-fecbcb4f67f0,MRI Scan,Imaging,Scheduled,2025-05-21,5f13d847,58a6ebce,F003,ICU,Urgent,Diagnostic,Start close fill oil people face.
f4491962-4694-4e38-84df-fa89ebe8d899,COVID-19 Test,Surgery,Canceled,2025-05-28,8f209868,64d0afbd,F002,Radiology,STAT,Diagnostic,Wife investment lawyer network development cultural focus than.
2e4e3370-ea88-4045-8cac-2bf71dcd6e6d,COVID-19 Test,Medication,Completed,2025-05-23,37c5a27c,356e2c04,F002,Outpatient,Urgent,Medication,Drug along explain born individual west wide language.
4088d59a-fbf3-4adf-bd3e-12a05f1510a0,Insulin Injection,Lab,Completed,2025-05-23,6420bd49,469bbbbf,F004,Radiology,STAT,Medication,Water author good wish recently political.
db4b81ba-a124-4607-b761-21b67e9ac242,Insulin Injection,Surgery,Scheduled,2025-05-21,317c27b1,89476a95,F004,Emergency,Urgent,Diagnostic,Cut eat own claim maybe.
a6e2b86c-0d36-431f-9178-d63976c70b57,COVID-19 Test,Surgery,Scheduled,2025-05-31,e366930b,bfd02fe2,F001,Outpatient,Urgent,Medication,Fish parent media mother many national soon pay.
fe35e9f4-47bd-4a24-a523-c62d1fe74780,Acetaminophen,Lab,Scheduled,2025-05-29,d47552a7,3642e791,F004,Inpatient,Routine,Medication,Might leave help there process choose town.
36e2cef9-f4fd-41c4-b744-7addbb4fbccd,Acetaminophen,Imaging,Completed,2025-05-29,048e68cb,2290d4ea,F001,Inpatient,Urgent,Diagnostic,Let sing myself soldier.
bb27c2f0-7231-4dac-811e-0d0591cc898a,Insulin Injection,Medication,Canceled,2025-05-21,c5d16cc2,2eb89aec,F002,Laboratory,Routine,Diagnostic,Soldier artist go account candidate town week.
78a1eb3e-7f7b-4df8-9b51-fc21457bb0cf,MRI Scan,Lab,Canceled,2025-05-28,a484058f,0c46bf0a,F002,Emergency,STAT,Medication,Child sure politics human eat behavior it.
9c1e8adc-818d-42fb-9447-61b9ddb918a4,Insulin Injection,Imaging,Pending,2025-05-21,52a59e9b,f0dd44a5,F004,Inpatient,STAT,Diagnostic,Threat democratic interest become many big.
fcea5a75-7262-44a7-923a-5a9fa7fe7d4e,Blood Test,Lab,Canceled,2025-05-25,175c0444,61fd41b6,F004,Inpatient,Routine,Diagnostic,Notice best former.
c42e70c7-960e-4ec1-87b4-3ce28714965c,Blood Test,Medication,Canceled,2025-05-28,ea32677b,74ce7eea,F004,Inpatient,Urgent,Medication,Well order college fact senior people particular.
3b640cf8-cb83-4156-99bc-6e45c05f0f2f,Insulin Injection,Medication,Scheduled,2025-05-29,a41903eb,0e6f0fad,F004,Radiology,STAT,Medication,Decade purpose her ten spend church each.
59daf4b9-5bc3-4e61-8bf2-fa407fd73f88,COVID-19 Test,Medication,Scheduled,2025-05-23,10f8bd0c,21790389,F004,Outpatient,STAT,Diagnostic,Attack grow chance boy.
9a5af9f0-55c5-4c2c-8e07-628a220957f8,Blood Test,Imaging,Completed,2025-05-28,a41903eb,01549e24,F001,Laboratory,STAT,Medication,Media him similar section mention radio thank.
e93d91d0-6347-4b98-9d1a-eef5f921f0f2,Blood Test,Lab,Scheduled,2025-05-28,5afb172f,768afbf1,F004,Pharmacy,Routine,Medication,Current soldier current security boy Congress quality.
51ec35dd-ca64-4547-b0e5-1ee7b05e93a1,COVID-19 Test,Medication,Canceled,2025-05-27,40fd5c24,d01854ca,F003,Emergency,STAT,Medication,Boy hope child fish.
aefda9b8-8b9c-4fb0-83d6-758ec8c9790f,COVID-19 Test,Surgery,Canceled,2025-05-29,e366930b,cfd15207,F002,Laboratory,STAT,Medication,Occur daughter officer strategy parent stage of base.
4a5dd9e8-524c-4487-9806-8b0217a67112,MRI Scan,Lab,Scheduled,2025-05-26,c332fa53,8913c13c,F004,Inpatient,Urgent,Diagnostic,Smile choose stay word participant standard.
ce292ea5-590e-4c39-9252-6ddb2db3cb2a,Blood Test,Medication,Completed,2025-05-23,187eae1b,0f705010,F001,Inpatient,Routine,Diagnostic,Everything range interview save it.
dc50e386-bb13-4e0f-9fa9-ddebf6aa84fa,Blood Test,Imaging,Scheduled,2025-05-22,3f671f42,a5b0ed73,F004,Inpatient,STAT,Medication,For pull no new instead industry.
2db30065-b387-42a0-ada9-b11cc2ce7db4,COVID-19 Test,Imaging,Completed,2025-05-29,3568aa10,89f7a96a,F004,ICU,Routine,Diagnostic,Term bed pretty early forward institution mother.
6b5f5eec-464e-4749-8969-1a21d6ed6a61,COVID-19 Test,Imaging,Completed,2025-05-25,3a41e8af,20657178,F002,Laboratory,Urgent,Diagnostic,Star development reason include he computer cause.
8f28c1ff-15a2-4ed5-a66b-62c5cfe9097f,COVID-19 Test,Surgery,Completed,2025-05-28,14b09493,abbf462b,F002,Inpatient,Urgent,Medication,Energy old prevent full establish artist.
884e0ea7-81c7-4c09-8412-a68485f0d169,Blood Test,Surgery,Canceled,2025-05-26,c8c464af,b60b29de,F001,Radiology,Urgent,Diagnostic,Street mouth region beautiful nice.
6002502f-f51d-4edc-b792-02b2cfc47686,Blood Test,Lab,Scheduled,2025-05-31,db348e1f,518df717,F001,Inpatient,STAT,Medication,Five their herself middle ground food.
7e56e0e4-c798-4d8b-a234-d057eaa77bea,Blood Test,Imaging,Completed,2025-05-22,1500541e,0eed6387,F004,Pharmacy,Urgent,Diagnostic,Have finish case sing view.
8227bf04-4c0d-42a8-b416-06bb8570974c,Insulin Injection,Medication,Canceled,2025-05-23,3cdd0a4e,1323ab16,F003,Outpatient,Routine,Diagnostic,Organization field assume prepare nice local land difference.
98594cb6-8c09-489f-88ac-a9837d6e6b0e,COVID-19 Test,Surgery,Canceled,2025-05-26,d1b04b99,3bb950d2,F003,Emergency,Urgent,Diagnostic,Almost painting role hospital.
5c5d4f0c-a9fd-4021-83d9-2d5dd9fb8bb9,Insulin Injection,Surgery,Canceled,2025-05-28,68fca58a,27c06551,F004,Laboratory,STAT,Medication,Risk us might fact.
3eedbdcf-714b-43ea-945c-77890cb78f85,MRI Scan,Imaging,Canceled,2025-05-27,c612ce79,642cecba,F002,Inpatient,STAT,Diagnostic,They recognize respond growth.
519c6db2-05c0-4d40-904e-5fc0d24b3fda,COVID-19 Test,Lab,Scheduled,2025-05-31,dc9a17c1,a408e55a,F001,Radiology,Routine,Medication,Yet trial write first.
5981cfa0-4255-4efd-bd9a-9ec269eea506,Blood Test,Imaging,Canceled,2025-05-21,ae215d80,c6a0d5e0,F003,Inpatient,STAT,Diagnostic,Assume land main team note.
be67804a-50bd-47b5-836f-02701f1ec866,Blood Test,Surgery,Scheduled,2025-05-21,5f6d8b65,10258b8d,F004,ICU,STAT,Diagnostic,Become receive cold personal case rock their.
b22e911b-7bc9-44b3-91b2-9c9b47d35dfa,Acetaminophen,Surgery,Scheduled,2025-05-28,64b37308,4ffe5b31,F001,ICU,Urgent,Medication,Billion mission sell eight college.
996e1b6c-03e8-4535-af99-e9a44ef5ec4a,Acetaminophen,Medication,Pending,2025-05-31,b8bd0c8f,4b7f7cd0,F002,Emergency,STAT,Medication,Team hit phone.
0637ebc3-323d-4a76-b697-83b9ca3568af,Acetaminophen,Imaging,Canceled,2025-05-27,37bf24c9,1004b8b5,F002,Outpatient,Urgent,Diagnostic,Experience cost executive game base.
c0cde21e-952f-40d7-8988-e8bf8a78fb93,Insulin Injection,Surgery,Scheduled,2025-05-27,0985ad59,85be10ad,F001,Emergency,Routine,Medication,Third travel American before upon air.
d77fc778-3515-499d-8aa5-fa66c4864df9,Insulin Injection,Imaging,Completed,2025-05-25,8f8b31bf,57b9c9e9,F001,Pharmacy,STAT,Diagnostic,Lay form build.
0e583593-0dda-48ca-ac07-2426ec88be63,MRI Scan,Lab,Completed,2025-05-23,d55740c1,b459332c,F001,Laboratory,STAT,Medication,Catch most point continue off.
d9cbebc0-cfa0-4ef9-99a5-69bc7d16a060,COVID-19 Test,Lab,Pending,2025-05-23,073dbda6,3e2cf2dc,F001,ICU,Routine,Medication,During happen city husband let role American.
2f75bc41-fbd1-45f1-8d91-ab9a8f6456e3,Blood Test,Imaging,Scheduled,2025-05-23,e4877209,cf05bb48,F003,Outpatient,STAT,Diagnostic,Father almost sport street particularly entire.
54b81559-28a8-41a3-be8a-ecb9e8663fac,Acetaminophen,Medication,Completed,2025-05-31,bc68f301,a752e015,F003,Laboratory,STAT,Medication,Should worker spend late stock.
a6da07bb-551b-41f6-9fcc-f8532eade6c7,Acetaminophen,Medication,Scheduled,2025-05-22,483bba94,1704a954,F003,Outpatient,STAT,Diagnostic,Daughter financial share realize knowledge above.
16aec659-3f18-475f-ae3b-91e7827cc99e,MRI Scan,Surgery,Scheduled,2025-05-26,fb331e73,81f5c8f6,F003,Inpatient,Urgent,Medication,Be establish son until.
dc6693e2-1c91-4ca2-9b3f-226be4c3d78f,Blood Test,Lab,Scheduled,2025-05-24,30d1cfc9,836b6fcd,F001,Laboratory,Routine,Diagnostic,Hour western practice keep major though interesting.
a3440a48-c3d2-46d2-8a8d-b21da0884175,Insulin Injection,Lab,Scheduled,2025-05-28,72f65d78,7d0861a3,F004,Inpatient,Urgent,Diagnostic,Rate campaign artist recent pick no base.
7c0ce835-59cf-429c-afab-5b73c8941e9f,Acetaminophen,Imaging,Scheduled,2025-05-29,02102b0d,19428ddc,F002,Pharmacy,STAT,Diagnostic,Daughter type TV American special mind bed.
94734190-ce23-45f8-9f19-6f19c898005e,Acetaminophen,Imaging,Pending,2025-05-24,d4206172,e921eef1,F001,Outpatient,Urgent,Diagnostic,Compare writer center area compare.
e06b0c2d-870a-4a52-9e8b-115e25721ebd,Acetaminophen,Medication,Scheduled,2025-05-25,e260f6ac,3f4d2b2d,F004,ICU,Routine,Diagnostic,Leave foreign including.
7c63439f-9a7b-4f1a-8fc0-5dea8885d56a,Insulin Injection,Surgery,Pending,2025-05-31,e41f2545,1323ab16,F003,Emergency,STAT,Diagnostic,Short this particular over science right him.
23e7aa82-d1e8-4a98-a7e3-4b35909e0b5c,Insulin Injection,Lab,Completed,2025-05-26,be9295ed,21790389,F003,Radiology,Routine,Diagnostic,Whom stop pick yeah.
98a6102c-3cfb-45e3-a151-8a3ee972d908,COVID-19 Test,Lab,Pending,2025-05-30,813b0b81,0657e258,F004,Emergency,Routine,Diagnostic,Reflect low impact camera time meeting.
83b7ee12-d123-4a70-9bb0-3dac923d0e97,Insulin Injection,Medication,Completed,2025-05-29,1186253d,fa9fae28,F001,Laboratory,STAT,Diagnostic,Whether from return magazine movement common.
6d26573c-a9d9-4946-b491-86f930ceb2f4,Blood Test,Imaging,Pending,2025-05-29,be9295ed,3d036087,F003,ICU,Routine,Diagnostic,Cup bag be one camera send.
08c29593-daa8-41ee-9cc2-bfc5d7f48f35,MRI Scan,Surgery,Pending,2025-05-21,a750fd9f,3e024fd4,F001,Emergency,Routine,Diagnostic,Memory present across certainly season large.
0a868873-b7b7-4615-81f6-6442a8a0dc8b,COVID-19 Test,Medication,Scheduled,2025-05-22,56eb7689,fca24bab,F002,Emergency,Routine,Medication,Either those country nor piece film.
a6177ba5-9ddc-4594-862b-4ae7569a10a6,Blood Test,Medication,Scheduled,2025-05-28,82a5740b,4b2a4427,F001,Outpatient,STAT,Medication,With race necessary eat own president join.
f5ca807a-4b2c-4f90-9f0a-fc49bf348014,Blood Test,Imaging,Completed,2025-05-23,aa32da60,aae7a6ef,F003,Outpatient,Urgent,Diagnostic,Character reality ball base act.
b0d546f5-584c-4768-8345-1b102763d960,Acetaminophen,Lab,Canceled,2025-05-29,0f6454fc,a427c3d4,F004,Emergency,STAT,Medication,Would west avoid apply prepare.
e895c6e8-c6bc-4b75-b7f8-19bc90058556,Acetaminophen,Surgery,Scheduled,2025-05-23,0459db70,19428ddc,F004,Inpatient,Routine,Medication,Want particular free action image.
103fc788-c1c9-49be-bdf5-2e1e737096a7,COVID-19 Test,Medication,Canceled,2025-05-27,bc68f301,a7d9b94d,F002,Inpatient,Routine,Medication,Later here various set job already.
d2bd33bf-24b5-4a0d-ace8-7c518e5322cb,Insulin Injection,Lab,Pending,2025-05-24,4f16368d,a7d9b94d,F004,Laboratory,STAT,Diagnostic,Season every who woman begin center nothing.
2df9b34c-0e7b-41b0-9f8d-023817d1fdda,MRI Scan,Surgery,Scheduled,2025-05-24,27caf036,6c4e8348,F001,Laboratory,STAT,Diagnostic,Sport instead authority risk.
ef2ee563-97bc-49ba-9c32-f31780673a01,COVID-19 Test,Medication,Pending,2025-05-21,31802750,491ac4d6,F002,ICU,STAT,Diagnostic,White himself investment method still development.
be899690-8956-44fd-bbf2-194e454cae27,Blood Test,Surgery,Completed,2025-05-26,4f96bcdd,acba21d4,F002,Laboratory,Urgent,Medication,Animal animal writer.
8d0ea83a-1be6-4b06-b67b-24d6a96344c1,MRI Scan,Imaging,Completed,2025-05-26,0dcfbe3e,a5b859fb,F002,Laboratory,Routine,Diagnostic,Break drive dark.
0abb0f0b-e47b-458f-aa5a-b1102059b273,Blood Test,Imaging,Pending,2025-05-28,3fc9dac7,ede5cf37,F001,Laboratory,Urgent,Medication,Suddenly analysis forward would majority write power participant.
81f7ecc3-c453-4779-a014-5ff0e90b912f,Acetaminophen,Imaging,Canceled,2025-05-25,03e567d9,2b9e1e65,F004,ICU,Routine,Diagnostic,Nice born return difference.
aba83073-7483-4a12-ad8c-84fa63a4cd7b,COVID-19 Test,Lab,Canceled,2025-05-27,e64e9e6e,8926a581,F002,Pharmacy,Urgent,Diagnostic,Scene officer deal agree want.
90b89972-2a62-43b4-8d74-71c604bc2fc6,Acetaminophen,Medication,Pending,2025-05-21,d273fa61,c8414b69,F001,ICU,Urgent,Diagnostic,Dream catch fear stage your computer right.
6a18e19d-8439-49bb-aff1-e7196ffe01ca,Acetaminophen,Medication,Pending,2025-05-26,8376bd7d,5b57712f,F004,Inpatient,Routine,Diagnostic,Subject player management high.
77cd9bb8-4459-4f5d-bbb9-34b5e55bb28f,Blood Test,Lab,Scheduled,2025-05-21,b915d8d1,967f6561,F004,ICU,STAT,Medication,Continue professional career mouth race.
dd4c3b64-da01-487d-978c-a8aed43a2d58,COVID-19 Test,Lab,Pending,2025-05-27,e64e9e6e,abfd6fb8,F004,Pharmacy,Routine,Diagnostic,Old control serve process.
b131f87d-074a-40b8-a891-f63b936c1e87,COVID-19 Test,Lab,Completed,2025-05-24,7bb1a690,216d21af,F001,Laboratory,STAT,Medication,Education open blood positive north.
9b92e1cf-73f6-4da1-9a56-ada2c3059d20,COVID-19 Test,Imaging,Completed,2025-05-24,d7e791b3,7739d13d,F004,Radiology,Routine,Medication,State least camera property full sea song.
0434cd65-392e-4768-8587-6475ae67bc5e,Blood Test,Medication,Completed,2025-05-21,e64e9e6e,e9f99686,F002,Pharmacy,Urgent,Diagnostic,High still leave board unit realize.
0b199546-080c-486e-babb-41de50e356f9,Blood Test,Lab,Scheduled,2025-05-21,c48c7329,89f7a96a,F002,Laboratory,STAT,Diagnostic,From peace what responsibility up measure sister.
b8e4ba3c-195a-4359-b72b-3f0a8d13a8a7,MRI Scan,Lab,Pending,2025-05-23,6c48ea9d,25f43d75,F003,Laboratory,Urgent,Medication,Kid human citizen laugh although daughter.
b14eefaa-7098-4920-8a4a-eff647facf87,Acetaminophen,Lab,Scheduled,2025-05-23,17741fcc,d1b724f7,F002,Emergency,STAT,Medication,Since account final item example.
71f08e70-da56-45a9-aaf4-6024665e6418,COVID-19 Test,Medication,Scheduled,2025-05-29,192ab39a,5bd95f27,F001,Emergency,Urgent,Diagnostic,Bit process magazine meet figure protect ball.
d649d62b-46fa-4f62-86a4-e0ed692b5300,MRI Scan,Medication,Canceled,2025-05-23,ec93b7d3,161a398f,F002,Emergency,Urgent,Diagnostic,Decide bank sense score.
b2e43d16-aef1-4d23-b271-deb0abe387bf,MRI Scan,Imaging,Completed,2025-05-31,6e07516b,afc2d3d3,F004,Outpatient,Routine,Medication,Recently exist day full.
16be1bae-2757-42e4-bc1f-8612e30c9e20,MRI Scan,Medication,Pending,2025-05-23,97c1c6fb,967f6561,F002,Pharmacy,Routine,Medication,Fire shoulder well leave walk poor.
176a845d-248b-46c6-bdf3-b00e832e5127,Blood Test,Medication,Pending,2025-05-30,ba539c09,e23aea81,F003,ICU,STAT,Diagnostic,Data above human eight.
f2b715fa-f0ee-4fb6-88e4-04a6beb0e937,Blood Test,Imaging,Canceled,2025-05-25,3dfd8091,42c3ccf4,F002,Inpatient,Urgent,Diagnostic,For different gun government guy.
8c6d13a3-6403-459e-8e2b-e93d728ad7a3,Blood Test,Surgery,Completed,2025-05-25,68fca58a,6248619c,F002,Outpatient,Urgent,Medication,Report that manager war law year.
8554be69-893c-401a-b46e-9ef577cf8da0,Acetaminophen,Surgery,Completed,2025-05-27,9bc13b2f,00b877a7,F004,Emergency,STAT,Medication,Common weight under toward deep fire deal.
a830afe4-3ffb-46b5-a3eb-cc62018f9854,Insulin Injection,Imaging,Completed,2025-05-25,5508cd7e,9f9e1cf3,F002,Inpatient,STAT,Diagnostic,Man political project then well.
7d6d355d-06d4-4dc7-904a-6a0d6281e6c8,Blood Test,Lab,Canceled,2025-05-29,e69ad073,5fb5af8a,F002,Radiology,STAT,Medication,Staff art different these better listen throw.
ff2e44cc-602b-4803-8f86-67a6f182e54a,Blood Test,Lab,Pending,2025-05-25,40fd5c24,e2fc6194,F003,ICU,STAT,Diagnostic,Even get agreement wonder middle marriage.
fa57bf24-4a02-46fb-8eed-1e1a64106189,MRI Scan,Medication,Completed,2025-05-29,f56b26d5,2fa9ae40,F003,Inpatient,STAT,Medication,Term foreign hear church.
888f89cb-c094-48d1-aa2a-31790ca181bb,Acetaminophen,Surgery,Scheduled,2025-05-31,2b2c3f29,a8e29985,F001,Laboratory,STAT,Medication,Book former debate mission candidate kitchen evening.
a82a1da6-9fa2-4af6-ba38-6f4158f59c6b,Insulin Injection,Imaging,Completed,2025-05-29,8f209868,a4b6c4af,F003,Pharmacy,STAT,Medication,Whatever learn create not.
fa86b502-8b0b-4358-879c-8f610907d93e,COVID-19 Test,Imaging,Canceled,2025-05-22,30d1cfc9,e23aea81,F001,Outpatient,Routine,Diagnostic,I herself memory.
b9647883-d03b-4b93-95b3-e605b968bdc0,Acetaminophen,Medication,Scheduled,2025-05-26,86a79453,62bc6927,F004,Outpatient,Urgent,Medication,Consumer affect maintain fight poor back talk.
9185f899-b4ea-42ef-a6f3-1298195a2784,Acetaminophen,Medication,Scheduled,2025-05-26,1ce31296,62bc6927,F003,Radiology,Routine,Diagnostic,Subject side for whole beat lay.
67137548-ca25-4a39-870a-0fbad0dfcb57,Insulin Injection,Surgery,Pending,2025-05-30,32777cbd,19abaeb2,F003,ICU,Urgent,Medication,Sell until national rise.
4869e4de-2274-40fd-aef8-a68c4d823b58,Acetaminophen,Imaging,Canceled,2025-05-28,3d06be0e,4abc069e,F001,Inpatient,Urgent,Diagnostic,Sometimes know surface article.
84a4cb64-c1dd-4fdb-93f3-12dec5f6e94d,Blood Test,Lab,Scheduled,2025-05-27,9a01cfce,e320a3a8,F001,ICU,STAT,Diagnostic,Why build best paper owner though.
efcd37c2-64e7-464e-bc9f-19b790912bcd,Acetaminophen,Surgery,Completed,2025-05-23,8f3a71a4,ba07e8a6,F003,Emergency,Urgent,Medication,Run never friend take become.
4ed78671-bda3-4640-a8b5-58113d12becf,MRI Scan,Medication,Scheduled,2025-05-24,03e567d9,8bddb998,F003,Laboratory,Routine,Diagnostic,Song to ahead back my.
d8c72083-b4b8-4378-8dfa-77edfdc27e99,COVID-19 Test,Medication,Scheduled,2025-05-31,ae215d80,640fa63a,F001,Inpatient,Urgent,Diagnostic,Ask line bad new street.
c0848fc5-272c-4937-ad87-285365973d38,Acetaminophen,Lab,Pending,2025-05-25,83ae4f35,1b419f47,F004,Emergency,STAT,Medication,Doctor material country open compare fine.
e8c4692e-f23e-4ccf-8354-77062eb363d8,COVID-19 Test,Medication,Scheduled,2025-05-24,8abb59d1,4ffe5b31,F003,Laboratory,Urgent,Medication,Establish today business question result.
463eb2c0-6df2-4a35-8ee1-ccae15a84b90,Insulin Injection,Lab,Pending,2025-05-22,3fc9dac7,12b7cca3,F001,ICU,Routine,Diagnostic,Individual early growth director knowledge interesting enter.
e4e797b0-c40f-4373-bd0f-62247d454bba,Acetaminophen,Lab,Canceled,2025-05-30,5a82bed4,f16256e6,F002,Pharmacy,Urgent,Medication,Plant lead by.
98d0aae9-08d8-45d0-9dc0-9ce7587e098e,Blood Test,Medication,Canceled,2025-05-29,831b4cc3,daf312f2,F002,ICU,STAT,Medication,Trade small remain throw trip star.
fc84d28d-ae4a-4588-a7f1-04dbb6d44f96,COVID-19 Test,Imaging,Completed,2025-05-25,3c2ce6a9,5bb428ec,F003,Outpatient,Routine,Medication,Movement join another central building.
eaf7eb0c-6eff-4eb5-b1ad-0bd19ec3f51b,Acetaminophen,Lab,Completed,2025-05-24,31802750,bc3407bd,F003,Outpatient,STAT,Medication,Idea important human many see chair authority.
3139e2f1-c130-4753-acdd-8ccb1f5fe963,COVID-19 Test,Lab,Pending,2025-05-31,6175c6ab,933385d3,F003,Inpatient,Urgent,Diagnostic,Deal mother force last lay employee.
e4d7eb4f-4b8e-4d2c-831f-f40dcfed313e,Insulin Injection,Surgery,Pending,2025-05-25,a537cefc,642cecba,F003,Pharmacy,Routine,Medication,Meet dark out garden event.
bb0c0749-4c42-49bc-af66-f94f195a7556,Insulin Injection,Lab,Scheduled,2025-05-28,b81d9159,2af4f47c,F003,Emergency,Routine,Medication,Approach bag really heavy send activity office finish.
293830d0-a99f-4b84-9c12-4b5c1f27a550,Blood Test,Medication,Canceled,2025-05-29,6da94c43,b745dc5c,F003,Radiology,Urgent,Diagnostic,Cell among hand magazine food.
d4ab7e1a-1f30-463d-8f7b-0659c5c6db14,Insulin Injection,Lab,Completed,2025-05-28,60b09f5e,5ef64916,F001,Inpatient,Urgent,Diagnostic,Modern himself read allow minute environment fall pass.
1052e06e-707c-4338-b6a6-c491036c85b7,COVID-19 Test,Imaging,Completed,2025-05-26,b0f4bbfc,6ca7c3b8,F003,ICU,Urgent,Diagnostic,Church success despite condition hope state appear.
266c0daf-0f80-45cc-a5dd-6a3f751d2712,MRI Scan,Lab,Canceled,2025-05-27,fad20604,60b27918,F002,Inpatient,Urgent,Diagnostic,International easy community owner.
9bb78312-ba35-402f-9f16-b0cfd54a27d1,Acetaminophen,Lab,Scheduled,2025-05-31,46cffb73,0d1c1b6e,F001,Pharmacy,Routine,Diagnostic,Face claim medical president on read treat.
e03b2b00-a2c3-4b5c-a74e-4cc157bf3618,Acetaminophen,Surgery,Scheduled,2025-05-29,3c8380ba,6dccc191,F002,Pharmacy,Routine,Diagnostic,Size individual today edge song.
cfff671e-d0e2-4f41-a1e1-2f387b013be5,Insulin Injection,Medication,Pending,2025-05-21,e6d75a37,ebef1450,F003,Laboratory,Urgent,Medication,Real individual entire.
ff711d6b-7539-476c-b15a-e0373df0b23d,COVID-19 Test,Imaging,Pending,2025-05-31,38ab1a58,2af4f47c,F002,Laboratory,Urgent,Medication,System despite then.
a781e514-3444-42f5-8956-85a3e914d8a0,Insulin Injection,Medication,Canceled,2025-05-29,cfe7e460,bc64f216,F003,Radiology,Routine,Diagnostic,Draw actually hold film record the several care.
e0895ebd-16fb-4377-84fc-1095e8c4dab2,MRI Scan,Lab,Completed,2025-05-23,c0fcb643,bb239311,F004,Pharmacy,Routine,Diagnostic,Through dinner support learn father American.
7bd7dc12-da6d-48eb-b785-7469a1eb94d2,Blood Test,Surgery,Pending,2025-05-23,bd92a19c,cae04a20,F004,Pharmacy,Urgent,Medication,Change leader people hard good.
d179d9bf-1c62-4f33-9d7e-38976512d65c,Blood Test,Surgery,Scheduled,2025-05-21,07c3c3b4,5ff85bd8,F003,ICU,Urgent,Medication,Agency able plant expect.
a09b8b61-8f48-4787-8aa4-4f1ba80993a3,Blood Test,Surgery,Pending,2025-05-31,b00e3c08,42ad78c3,F001,Radiology,Urgent,Diagnostic,Well everybody do democratic.
4f995a3f-bdf1-42b4-9411-c05fd89ebe4d,MRI Scan,Medication,Canceled,2025-05-25,4dfbd342,0eed6387,F004,Radiology,STAT,Diagnostic,System hope serious also rule trip.
5940bce6-a0ea-4284-b68c-c3b2572d8612,MRI Scan,Surgery,Pending,2025-05-24,d47552a7,7b5a0aa4,F001,Inpatient,Routine,Medication,Offer white yeah safe chair.
025900d3-fd34-413d-b541-157498744a3a,COVID-19 Test,Lab,Completed,2025-05-25,9d3765db,92a70b62,F001,Laboratory,Routine,Medication,College responsibility you help PM as around right.
59ba7835-94b6-4105-a241-8ff8db74328b,Insulin Injection,Surgery,Canceled,2025-05-29,5bf02f28,42d4cf1b,F001,Radiology,Routine,Medication,Heart increase toward measure.
5bc4263f-da77-434a-9d1c-baf4bcb28d34,Insulin Injection,Imaging,Completed,2025-05-27,cc1fff4b,2fc46798,F001,Laboratory,STAT,Diagnostic,Foot child writer them.
9b603151-c449-4863-bd5a-ab04813aaff2,COVID-19 Test,Imaging,Pending,2025-05-23,13ef9343,74ac30fa,F001,Emergency,Urgent,Diagnostic,Toward suddenly agency language personal.
86d415d2-4248-431e-a648-f39a3880ea2e,Insulin Injection,Surgery,Scheduled,2025-05-22,c0f53519,abfd6fb8,F001,Laboratory,Urgent,Medication,Next learn itself check wall seem.
b498692b-ec48-48a3-a605-8a3e4c7ef854,Blood Test,Medication,Completed,2025-05-25,c9aca306,bb5ba6b3,F001,Radiology,Routine,Medication,Run here usually before allow all action.
c0c1ba40-e252-4098-ab47-6a4041e8062c,COVID-19 Test,Lab,Pending,2025-05-27,b81d9159,a7d035ad,F003,Emergency,Urgent,Diagnostic,Such success this involve certain.
98499b19-c12a-4032-8b79-43bcfc76b833,MRI Scan,Imaging,Completed,2025-05-21,073dbda6,d01854ca,F003,ICU,Urgent,Medication,White whole learn throw stuff respond lay.
aa4fb612-eee7-44ae-a11d-a5ffafd12dc5,Insulin Injection,Medication,Canceled,2025-05-24,14e5712a,5ee448d1,F002,Emergency,STAT,Diagnostic,Watch space technology weight course.
d7b866d5-878d-453f-8980-34f925a9efe5,MRI Scan,Imaging,Pending,2025-05-22,dec5776c,3944fa45,F004,Pharmacy,Urgent,Diagnostic,Hotel positive true contain.
86256060-51ae-4eba-8ae0-f509f83df15a,COVID-19 Test,Lab,Scheduled,2025-05-24,f873be88,b678e170,F003,Inpatient,Urgent,Diagnostic,Rule behavior level use military very.
0f2471be-da45-4ae6-a54e-9c3be14b1e70,COVID-19 Test,Imaging,Canceled,2025-05-22,4268fdb7,42fa7f96,F003,Emergency,STAT,Diagnostic,Senior per effect laugh treatment financial.
3a4d61e3-ece8-4232-beb7-d6a272657c29,Blood Test,Surgery,Scheduled,2025-05-25,83ae4f35,4aa82fa2,F004,Pharmacy,STAT,Medication,Difficult person past.
cc8cbffd-1c5b-45a4-8fe3-46d130f48a12,Acetaminophen,Surgery,Scheduled,2025-05-28,35432439,1791490a,F003,Inpatient,Urgent,Medication,College account long suddenly general with personal.
df5c6d6f-d067-4ba2-8d54-3c5b18ba2362,Blood Test,Lab,Completed,2025-05-22,9bc13b2f,9eb4c33b,F003,Laboratory,Urgent,Medication,Important probably future continue speak great figure.
41d40503-05d6-4cd6-8cb2-c055ec53bc47,Blood Test,Lab,Pending,2025-05-24,406aeec4,b859d4b2,F001,Pharmacy,Urgent,Diagnostic,Main total occur election policy director.
b08dab6a-3def-4541-92bc-abd01d853ba6,Blood Test,Imaging,Scheduled,2025-05-21,1af9a3ab,2fc46798,F001,Emergency,Urgent,Medication,Consider society indicate challenge.
ae52bb6a-ee6a-4193-8e91-c22bb80b8327,Acetaminophen,Surgery,Pending,2025-05-30,f0c0681d,c80db0c1,F003,Emergency,Routine,Diagnostic,Network it clear dog finally sit.
549e12e9-f682-41fd-8741-8869e158e3b1,COVID-19 Test,Imaging,Pending,2025-05-22,939539cb,0c0f6456,F004,Laboratory,STAT,Diagnostic,Likely deep gas suffer order our.
75f39165-1bef-47c4-9afa-c3e97da74880,Blood Test,Lab,Scheduled,2025-05-30,af9a56f7,2af4f47c,F001,Laboratory,Urgent,Medication,Structure action least dream.
539d2c8d-975e-44d4-960b-7dda3fdc65ed,Blood Test,Surgery,Pending,2025-05-24,ac11ea5d,6ae7fc8f,F002,Outpatient,STAT,Diagnostic,With political spend many Democrat arrive.
d93fe4a3-9210-4799-868f-5775857460c6,MRI Scan,Lab,Canceled,2025-05-27,5d648538,13cd435f,F002,ICU,Urgent,Diagnostic,Plan final participant let.
c4ba7971-de3d-4e83-ad33-3e82163066b5,COVID-19 Test,Medication,Canceled,2025-05-31,f19ef8de,5ed13536,F001,Pharmacy,Urgent,Medication,Quite mention maybe here soldier knowledge.
fc1d854e-5cdf-4fc6-be33-dbb8ac619595,Insulin Injection,Medication,Completed,2025-05-25,f6a9d0f8,9fd5e5f1,F004,Pharmacy,STAT,Medication,Appear like development way organization job.
07ed50e6-35a3-436d-9c32-cd1ec95b5859,Blood Test,Imaging,Completed,2025-05-22,739a8b99,4b2a4427,F003,Pharmacy,Urgent,Diagnostic,Huge risk five fine himself long our.
d7b2839b-810d-45fe-be75-8718f8ff58b0,MRI Scan,Surgery,Completed,2025-05-30,82a5740b,35e61879,F004,Pharmacy,Urgent,Diagnostic,Thus light for site leave spend ahead southern.
cbedd892-de3d-42b2-9eeb-e93f6665262e,Insulin Injection,Imaging,Canceled,2025-05-27,97c1c6fb,19573c87,F002,Inpatient,Routine,Diagnostic,Perform director out become.
346a9cdb-00b2-4f9b-b30e-6d478f4b9b54,Insulin Injection,Lab,Scheduled,2025-05-22,a750fd9f,356e2c04,F002,Laboratory,Urgent,Medication,International everybody start trade determine win project.
7320e22e-961b-44ba-bf17-a7ae16cc6687,Insulin Injection,Lab,Scheduled,2025-05-23,5dadcd58,f49543b8,F001,Laboratory,STAT,Medication,Media friend force.
47168ff5-be00-4700-a267-de142bf60d03,COVID-19 Test,Medication,Pending,2025-05-29,cbce3aa3,77992a8b,F004,Emergency,STAT,Medication,Feel the large six.
ed0c6d58-3700-4391-88ba-29d7f356cc97,COVID-19 Test,Imaging,Pending,2025-05-31,838d8744,518df717,F004,Outpatient,Routine,Medication,Sort low dinner drive property generation resource.
570d836d-f855-4e5a-8fce-fe4b0409ca26,COVID-19 Test,Surgery,Pending,2025-05-21,85065aea,4fca79b8,F002,Laboratory,Urgent,Medication,Really add able treat analysis.
2dc4ff79-7f68-4dd4-a05b-044363524b15,COVID-19 Test,Imaging,Canceled,2025-05-29,739a8b99,2af4f47c,F004,Outpatient,STAT,Diagnostic,Because east professional religious fear.
60754f21-376d-4cf1-8825-52256266d1b8,Blood Test,Surgery,Canceled,2025-05-25,e5f98bf8,c3c535ee,F001,Radiology,Routine,Diagnostic,Tell something realize again knowledge.
d2ad6afc-75ef-4fd4-9cc2-4cc4c5c571a8,MRI Scan,Surgery,Completed,2025-05-30,acd32da9,4a393074,F002,ICU,STAT,Medication,Option pick reduce glass give least.
68d04464-60d2-4ce1-9f1f-fd27e9d5d47a,MRI Scan,Lab,Scheduled,2025-05-28,5d648538,627c173b,F003,Emergency,Routine,Medication,Especially recently first nearly seat.
6a729fda-98f5-45eb-8323-f2f4617f7bf2,Insulin Injection,Lab,Canceled,2025-05-21,2675a584,ba07e8a6,F003,Outpatient,Routine,Medication,Watch difference poor across side tax.
e217197f-3dd2-45bc-8c0f-8d1c5d7a982d,COVID-19 Test,Imaging,Completed,2025-05-22,ab023320,e2fc6194,F002,Emergency,Urgent,Diagnostic,Around live grow you black.
64d9e80e-7343-4e06-ab96-8b79013e24bd,Insulin Injection,Surgery,Scheduled,2025-05-30,9bc13b2f,698e7746,F001,Laboratory,STAT,Diagnostic,Civil receive follow type.
d644e4c8-8718-4bd6-8e72-14eb8c54dbae,Insulin Injection,Lab,Pending,2025-05-21,7bb1a690,8bddb998,F003,Laboratory,Urgent,Medication,Item personal red business several entire.
f22ce2f5-6e75-40b7-ba3d-c0524a042797,Blood Test,Surgery,Pending,2025-05-23,9b9ff26c,4b2a4427,F003,Emergency,Urgent,Medication,See moment ball computer growth rich.
8ce2a7d5-3ea7-43cd-b63d-472be08f76a2,Insulin Injection,Medication,Completed,2025-05-28,71ef42d3,aadf9f48,F004,Radiology,Urgent,Medication,Name action cause customer carry outside.
3d102efc-4fee-4f56-8ed5-e6f1734e7d87,Blood Test,Surgery,Canceled,2025-05-25,8abb59d1,63f76d5a,F004,ICU,Urgent,Medication,Across show enter since.
0d03613e-e3e5-468f-902b-dc1fdcbfeff8,MRI Scan,Surgery,Scheduled,2025-05-21,be9295ed,97a2c225,F003,Radiology,Routine,Medication,President their federal lawyer put so candidate.
49e935b8-d1d5-495c-bb13-f78ccca95efd,COVID-19 Test,Imaging,Scheduled,2025-05-26,0b5ec544,ca0f914e,F003,Laboratory,Urgent,Medication,Everyone pick door make law.
58652227-266b-4d6d-ba01-2bc74efa168b,Blood Test,Lab,Pending,2025-05-22,64b37308,57554270,F003,Radiology,STAT,Diagnostic,International might lay character space remain.
5d9fc533-6f69-4313-a291-de4519ef8f30,Acetaminophen,Medication,Canceled,2025-05-29,064a05b7,f1a8b482,F003,Inpatient,STAT,Medication,See something painting poor.
d965ce9d-617c-4c06-b135-ab55d23bc9b2,Acetaminophen,Medication,Scheduled,2025-05-31,b7dc4c2d,63f76d5a,F003,Emergency,STAT,Diagnostic,Environmental little sea moment girl.
80c30f7b-759b-474e-9c83-bcfc951fc747,Acetaminophen,Lab,Scheduled,2025-05-25,af11802c,41c11b30,F003,Emergency,Urgent,Medication,Owner born president country.
439bfc27-4d32-443f-b050-51563a7eef0c,Acetaminophen,Lab,Canceled,2025-05-24,adc7843f,61fd41b6,F002,Inpatient,Urgent,Diagnostic,Summer sit heart thus employee.
c61b4d07-50e2-4611-858f-216a092bd808,COVID-19 Test,Imaging,Pending,2025-05-29,0d7225a4,ffedad17,F001,ICU,Urgent,Diagnostic,Specific both market clear some benefit.
2f36ea2f-07a7-4e65-8e02-189eaf99176a,MRI Scan,Imaging,Completed,2025-05-31,6c48ea9d,6131a0bf,F003,Laboratory,STAT,Diagnostic,Kind seem her teacher large.
afb5bb8e-0bd0-4e00-9d10-fb08558bb263,Insulin Injection,Surgery,Scheduled,2025-05-31,b63db9d7,9ee49919,F003,Emergency,Routine,Medication,Explain among she study for check daughter.
1e05bb08-f7bb-4dd8-9488-2004f5ef9dd1,COVID-19 Test,Medication,Completed,2025-05-22,2f8c36c5,74ce7eea,F003,Outpatient,STAT,Medication,Become appear about.
b8952c0e-8381-4516-b0a7-f70a5af033e3,Insulin Injection,Imaging,Canceled,2025-05-23,3f671f42,fd16ea4e,F001,Pharmacy,Urgent,Diagnostic,Discuss quickly former inside oil different mouth.
aa17b636-839e-42f1-adb7-a6b059edb37f,Insulin Injection,Surgery,Scheduled,2025-05-30,8376bd7d,fec557c9,F001,ICU,STAT,Medication,Material final more space her month budget.
1542e654-f2d9-4e19-bc46-30682dc0e0b5,Insulin Injection,Imaging,Scheduled,2025-05-29,de2a35b9,27c4955d,F004,Inpatient,Routine,Medication,Course summer dark main especially clear effort.
ceb5d9af-d1a6-49a8-b2ad-5a7472cfd282,Acetaminophen,Surgery,Scheduled,2025-05-21,13859e2b,879c28c2,F004,ICU,Routine,Diagnostic,Whose plant significant follow.
ab1d5d7b-e97e-4577-ae0a-293ff202b727,Blood Test,Medication,Completed,2025-05-24,3b038355,b399a05f,F004,Emergency,STAT,Medication,Choose speak million woman.
fee547b2-6baa-46c7-87b9-7621e3cdfc69,Insulin Injection,Medication,Canceled,2025-05-23,a8c1ba2f,b6b78670,F004,Inpatient,STAT,Medication,Out sometimes herself today finally nor poor.
69020497-dca2-4c41-b661-9bddef996b2f,Insulin Injection,Medication,Completed,2025-05-29,c5b81ce5,2290d4ea,F003,Inpatient,Routine,Diagnostic,Better recent glass billion.
2f44471d-7b29-4984-a2dd-233f158083b4,MRI Scan,Imaging,Scheduled,2025-05-29,b296f59c,0d49b5dd,F004,ICU,STAT,Diagnostic,Key contain exist glass price party responsibility.
94c5915c-5319-4a03-b829-6d922584262c,COVID-19 Test,Medication,Completed,2025-05-21,616b3f25,45816e5c,F004,Emergency,Urgent,Medication,Near Republican president method like put.
f7a1ca1e-8e3e-4fed-ae48-d5f000f3b90c,Acetaminophen,Medication,Pending,2025-05-23,46cffb73,344da502,F004,Laboratory,STAT,Medication,Quality strategy probably reveal model its.
7459c3a8-b43e-41ea-8410-46400b0a6ce7,COVID-19 Test,Medication,Scheduled,2025-05-21,9169be12,36e7e5a2,F004,Outpatient,STAT,Diagnostic,Admit drug quality only election sound cause.
0644ed72-0800-4ed7-ae5a-660653591c09,COVID-19 Test,Lab,Completed,2025-05-30,a657688c,97a2c225,F003,Laboratory,Urgent,Medication,Sing itself ever wall thing open.
9ed60f49-dd49-41b3-b18c-cb9ad31e22b0,COVID-19 Test,Surgery,Canceled,2025-05-29,88e25341,0d7f470a,F001,Inpatient,Routine,Diagnostic,Range network wall thought every anyone year.
737b0c2e-1910-4def-8363-679e583037ee,Acetaminophen,Surgery,Canceled,2025-05-21,4aa7a097,6c4e8348,F003,Pharmacy,Urgent,Diagnostic,Foot test friend in.
a51ceaa3-a890-4f43-86bb-4f1117348f46,Insulin Injection,Surgery,Completed,2025-05-29,835fea6a,d769d870,F004,Radiology,Urgent,Medication,Serious follow respond but lawyer side resource.
5bfd0a03-81e2-41c6-96ac-8d280a280a7a,Blood Test,Medication,Pending,2025-05-31,ab023320,feca483a,F002,Inpatient,STAT,Medication,Give movement dinner support.
40484fa1-d612-41e8-80b2-2253d3d5a1d8,MRI Scan,Surgery,Completed,2025-05-24,3568aa10,c7345090,F002,ICU,Urgent,Medication,Authority news soldier trip American many lose.
bdd869ac-6c35-42ba-80f9-bc944e2fde1c,Acetaminophen,Imaging,Canceled,2025-05-29,60b09f5e,7368c6df,F002,Radiology,Routine,Diagnostic,Dark record work old nature.
f733fb94-dfd8-4ab0-b0e3-b4defb1d20ca,COVID-19 Test,Surgery,Completed,2025-05-28,44126599,3642e791,F003,Pharmacy,STAT,Medication,Various her back not key ready.
1900ea0e-20ed-4486-84fc-a7463805ff65,Acetaminophen,Lab,Scheduled,2025-05-30,8f8b31bf,63f69ed4,F001,Outpatient,Urgent,Diagnostic,Open fund likely structure.
186ce721-8b4b-4269-a1dd-95a4a91dcb5e,Acetaminophen,Surgery,Scheduled,2025-05-23,6f4d4720,41ee3fe0,F001,Outpatient,Routine,Medication,Method effect ground however several memory knowledge.
5ce745ec-57e5-442c-ae1b-8125712021fd,Insulin Injection,Surgery,Canceled,2025-05-25,e56166d5,5a7d010f,F004,Laboratory,Urgent,Medication,Exactly decide player night think write drive.
fb5ad235-a663-46c7-a04a-7615819689d4,Acetaminophen,Medication,Pending,2025-05-21,c332fa53,640fa63a,F002,Outpatient,Urgent,Medication,Whatever interest one bank.
89c13dc7-bf75-406c-b57d-7d949c642476,Blood Test,Lab,Completed,2025-05-26,cbce3aa3,017b75fb,F003,Radiology,Urgent,Diagnostic,Various strong significant.
79a1162c-30f5-4152-9811-cd92c5316c17,Acetaminophen,Imaging,Canceled,2025-05-25,d6189a2a,d1b724f7,F001,Inpatient,Urgent,Diagnostic,Cup direction right have memory all seven.
40fa5f50-c5bd-44cd-8b0c-4977d5e455d8,MRI Scan,Medication,Canceled,2025-05-24,2f07ba67,f01088b7,F004,Radiology,Routine,Diagnostic,Maintain human exist child see none quickly put.
f3d412bf-8540-4412-9415-55daed6ceb93,Blood Test,Imaging,Completed,2025-05-22,bd92a19c,b2dca21f,F001,Laboratory,Urgent,Medication,Else of store position.
645b313a-f17e-42b4-b933-261c6a7f5064,COVID-19 Test,Medication,Pending,2025-05-29,9e87b0a7,acba21d4,F004,Inpatient,Urgent,Medication,Smile above create develop tax.
70129b9e-79ae-4366-8b4a-b7be20add549,Blood Test,Surgery,Pending,2025-05-25,a9adfe84,63263266,F003,Outpatient,Urgent,Diagnostic,Agency game step choice wish store.
1743cec7-51d3-4845-9948-91cd7d0da8fc,COVID-19 Test,Lab,Pending,2025-05-24,c9da2e0a,473125b7,F001,Outpatient,STAT,Medication,Kitchen million live drug alone personal.
9b090776-6ff7-4bd5-bacf-98f855304317,Blood Test,Lab,Completed,2025-05-26,94c6d4d3,0f705010,F004,Inpatient,STAT,Diagnostic,Kitchen phone seven upon.
fdfdee64-71b3-439a-af0a-6606048955bf,Acetaminophen,Medication,Completed,2025-05-29,c5b81ce5,59a53d18,F001,Inpatient,Urgent,Diagnostic,Significant ability seem around.
f76309c6-0559-41e2-b4e8-1fd777af032a,MRI Scan,Medication,Canceled,2025-05-23,0985ad59,f46d4811,F003,Emergency,Routine,Diagnostic,Page human high believe.
51e1af7e-5fd3-41c6-b34a-46fe813ade17,COVID-19 Test,Medication,Canceled,2025-05-26,192ab39a,06e69e30,F003,Radiology,Urgent,Medication,Camera Republican by back may system.
7c03e075-dac3-4a71-8475-78bf90e51e69,Insulin Injection,Lab,Completed,2025-05-25,2c45d579,c8df0091,F004,Radiology,STAT,Diagnostic,Range determine institution.
9e9a1be8-460a-4589-9538-9fefe7f9e5da,COVID-19 Test,Surgery,Scheduled,2025-05-23,a484058f,c7345090,F004,Outpatient,Routine,Diagnostic,News religious sound prove indeed time accept.
c25685db-2c27-4bbd-940f-f5b97d113c1d,Insulin Injection,Medication,Pending,2025-05-23,8376bd7d,a3de04fc,F002,ICU,STAT,Medication,Effect approach simple possible represent.
3860691b-993f-4881-8bb4-959cef689603,Acetaminophen,Medication,Pending,2025-05-24,60051771,ae164ef1,F003,ICU,Routine,Diagnostic,She west interesting.
73fe7de8-9ccd-4e37-a913-75fbf2754df9,Blood Test,Lab,Completed,2025-05-27,0f609cf5,491ac4d6,F003,Inpatient,STAT,Diagnostic,Bank institution father.
177d39a0-66cf-49a5-9ace-7e31d62eb8ee,Insulin Injection,Lab,Pending,2025-05-31,e330396d,8d856cb4,F004,Inpatient,Urgent,Medication,Build interesting lead build response stand.
3cb61ae4-0f2e-4bcd-9fe6-3e0e4fb05157,COVID-19 Test,Lab,Completed,2025-05-24,13184010,281cf8bb,F001,Emergency,Urgent,Medication,Middle shoulder show begin position.
98627255-aab0-414f-8af0-5a624bf7626b,COVID-19 Test,Medication,Pending,2025-05-25,3cfd094e,5bb428ec,F004,Radiology,STAT,Diagnostic,Star value key practice major responsibility grow.
e405d717-bdef-40b4-baa0-dece5f4d7e1e,Insulin Injection,Imaging,Scheduled,2025-05-23,cbce3aa3,03bdefb7,F004,Outpatient,STAT,Diagnostic,Building off method own.
c96ca6a7-cb49-40e9-a6c8-5581276211c0,Blood Test,Lab,Scheduled,2025-05-24,db348e1f,52379df1,F004,Laboratory,Urgent,Medication,None Mrs fire.
2eb19feb-5806-4c0b-9135-b5bf9e6495f9,Acetaminophen,Surgery,Completed,2025-05-21,a8c1ba2f,c168e157,F003,Emergency,Routine,Diagnostic,Gun modern clearly me.
469458de-f272-4469-aa42-526e063e2bf9,COVID-19 Test,Surgery,Completed,2025-05-26,011e186f,63f76d5a,F003,Radiology,STAT,Diagnostic,Policy individual per professional trouble individual million agent.
53e4b5cc-689d-4bbc-bb3c-3a158fa95212,Insulin Injection,Medication,Pending,2025-05-25,07c3c3b4,78fb2ce5,F004,ICU,Routine,Diagnostic,Item despite scientist election remember dream this.
104b0909-8b87-4bb1-8a5d-90c91be6f857,Acetaminophen,Medication,Canceled,2025-05-27,b2a935e6,d0e64211,F003,Laboratory,Urgent,Diagnostic,Every field whom Democrat morning.
f0f0ee8e-6c46-4c3e-b2a1-2523ba26f001,Acetaminophen,Lab,Completed,2025-05-31,1af9a3ab,79b25bea,F003,Emergency,Routine,Medication,Picture break run catch space teach office.
5456a743-5d29-4b02-8498-410861d22387,Acetaminophen,Medication,Completed,2025-05-28,4f16368d,06e69e30,F002,Pharmacy,Routine,Diagnostic,Off example recently religious notice candidate.
9f41a1b9-bada-4d0f-9d31-bf446263600a,MRI Scan,Medication,Canceled,2025-05-25,35432439,93124c5a,F001,Laboratory,STAT,Diagnostic,Quickly exactly live.
7da2b683-0fc0-4232-aab6-64f3c0df851a,Blood Test,Lab,Pending,2025-05-31,865d28be,3ae76626,F004,Inpatient,Routine,Medication,Position enough economic quality run.
5cef4b4c-08d0-45b7-aa76-fea94de20213,Insulin Injection,Lab,Pending,2025-05-26,f9fc88fa,f01b4847,F003,Outpatient,Routine,Diagnostic,Mrs everything above despite day able.
a54d6ad8-dab7-42d9-8ec7-529be11917fd,Acetaminophen,Surgery,Scheduled,2025-05-24,812048de,469bbbbf,F004,Emergency,Urgent,Diagnostic,Cause agreement over understand body administration option another.
255b8f3b-7e70-4331-a4b6-3f76444e0b01,Acetaminophen,Medication,Canceled,2025-05-26,c9aca306,74dbfa54,F001,ICU,Urgent,Medication,Place two task paper.
2f72d95c-c51a-49f0-8ebd-887ccd7bc6b0,MRI Scan,Surgery,Scheduled,2025-05-31,1500541e,9cf8ff0e,F002,Laboratory,Urgent,Medication,Case color company.
7a367063-dd81-4fb7-8909-f1b294162d7c,MRI Scan,Surgery,Pending,2025-05-25,0985ad59,15331a36,F001,Radiology,STAT,Diagnostic,Pick debate light television well.
004431aa-3358-41bd-9e03-1ee76c1f59ee,MRI Scan,Imaging,Pending,2025-05-30,ec92ac54,3e2cf2dc,F002,Pharmacy,Urgent,Medication,Sign growth effort I individual culture it road.
75c49139-f9fc-4686-a268-fc7eeaa02c4c,Insulin Injection,Lab,Pending,2025-05-21,35e2b6be,79784b17,F004,Outpatient,Urgent,Diagnostic,It interview section amount growth.
7828d5fb-cec6-41de-90b0-2b4c2ac6ce0e,Insulin Injection,Lab,Pending,2025-05-26,24eec49c,95383db1,F004,Emergency,Urgent,Diagnostic,Yeah military case treatment arm section.
961952c8-c0b7-4e73-ad60-855644f07a31,COVID-19 Test,Lab,Completed,2025-05-30,842dbc9e,768afbf1,F001,Laboratory,Urgent,Medication,Seven go perform work.
a7fd0cbe-9e90-4286-825a-ce9d56ec1771,Insulin Injection,Lab,Scheduled,2025-05-29,c97fbc15,57554270,F001,Inpatient,Urgent,Diagnostic,Debate goal collection glass fall become.
307c6eab-eb7a-4d68-b212-8985e1c081f3,Blood Test,Medication,Scheduled,2025-05-25,acd32da9,1004b8b5,F001,Laboratory,Routine,Medication,Write true wrong.
632c6f43-8dff-492b-8ba6-f339801451c6,Insulin Injection,Lab,Pending,2025-05-28,80190eb5,b43c7fef,F001,ICU,Routine,Medication,Result detail life run whatever pay how.
2320cfca-ac10-4b8b-a42b-f3492440cc32,Acetaminophen,Imaging,Scheduled,2025-05-22,e4877209,0c46bf0a,F002,Radiology,Urgent,Medication,Cause candidate available story.
10ef7882-72fd-4103-895b-8727f77db0d7,MRI Scan,Surgery,Pending,2025-05-31,3d06be0e,f79b1a8f,F002,Inpatient,Urgent,Medication,Surface same discuss design actually ten.
f91f80c9-067c-4b9d-b86b-43025224769b,Acetaminophen,Lab,Completed,2025-05-22,c0f53519,ebef1450,F004,Laboratory,Urgent,Medication,Other member lawyer fine probably.
2c3593ad-2162-4179-a1b7-1aced875387e,Acetaminophen,Imaging,Scheduled,2025-05-21,ec93b7d3,42ad78c3,F003,Emergency,STAT,Medication,Current spend local well subject.
acfe1005-f75a-496d-9ed6-2a663fc734a2,COVID-19 Test,Lab,Scheduled,2025-05-29,1186253d,bc3407bd,F001,Inpatient,Urgent,Diagnostic,Artist available defense senior.
b0696991-5a00-4191-a954-2373fa6295dc,COVID-19 Test,Imaging,Pending,2025-05-25,5bd64fa1,e1733e57,F003,Radiology,Urgent,Medication,Able catch day bank war leader already we.
1de92a41-b0b7-4ea1-aeea-52bb0b998932,MRI Scan,Lab,Canceled,2025-05-28,3568aa10,e1569653,F002,Laboratory,STAT,Medication,My good skill center process.
5ef0d219-de3e-432d-83ac-a5d4bd278f83,COVID-19 Test,Medication,Scheduled,2025-05-24,8b1c7c59,957e3b4c,F003,Emergency,STAT,Medication,Vote write war.
3798f8d3-2bc8-4c6c-86d2-dc3a3ebe9d35,MRI Scan,Surgery,Pending,2025-05-25,3c4b746e,448b3edb,F001,Radiology,Routine,Medication,Available Congress people anyone.
06d2c6de-9331-4f19-b740-6a2389147ee2,Blood Test,Medication,Completed,2025-05-31,4040d5f7,161a398f,F001,Outpatient,Routine,Diagnostic,Tax relate vote lead decide stay star.
1a54009d-26b7-4066-8c16-a580dd95e9ce,Blood Test,Surgery,Completed,2025-05-28,a41903eb,d01854ca,F004,ICU,STAT,Medication,Large thing enter shake.
07c35d69-bfc1-424a-8324-8c52baa43251,MRI Scan,Lab,Scheduled,2025-05-25,3d06be0e,c7183a39,F003,Inpatient,Routine,Medication,Number political year certain when.
a7dcbac9-369f-4630-9d71-dc034c6276a1,Acetaminophen,Imaging,Completed,2025-05-23,2b2c3f29,c8ac665b,F001,Outpatient,STAT,Diagnostic,Everything try cause economy point painting.
0d71429a-083d-45c7-a46f-8197f4d265fe,COVID-19 Test,Imaging,Pending,2025-05-22,3f671f42,35e61879,F001,Laboratory,STAT,Medication,Exist pass technology bring today.
412ca207-ccc8-4da8-a372-21290a520a57,Insulin Injection,Imaging,Scheduled,2025-05-28,2d804436,e51595ff,F002,Outpatient,Routine,Diagnostic,Win pay forward seat.
c4295599-8023-49c5-a122-37f30c45ff1d,COVID-19 Test,Surgery,Completed,2025-05-29,23a48c3b,81f5c8f6,F001,Emergency,Routine,Diagnostic,Experience impact property ok kitchen.
cba82439-f238-443d-98fe-1cb65f318874,Acetaminophen,Medication,Completed,2025-05-31,1ee64f05,27c4955d,F004,ICU,STAT,Medication,Expect talk three teach sit shake letter.
41c66901-7fce-4499-9ec0-58ac11beeff2,Blood Test,Imaging,Pending,2025-05-27,dc9a17c1,7e3adbf5,F003,Laboratory,Urgent,Diagnostic,For condition program simple although common painting and.
494af646-15bb-45d6-8876-fc32953874e0,COVID-19 Test,Lab,Pending,2025-05-28,7bb1a690,e55d3165,F004,Radiology,Urgent,Medication,Respond somebody particular eight chance recent itself them.
85c8649a-4ba4-4d72-ae78-49906e287941,Acetaminophen,Imaging,Scheduled,2025-05-27,03aeec8c,5ed13536,F001,ICU,Routine,Diagnostic,Believe right loss.
b6e5b5b0-cc0f-44f9-8004-8deca348967c,MRI Scan,Lab,Scheduled,2025-05-23,f6a9d0f8,73bb6d6f,F002,Inpatient,Routine,Medication,Probably great early old cost wish.
23a7139f-721a-4be8-892d-6c28389aa4e6,Acetaminophen,Imaging,Completed,2025-05-30,af9a56f7,976f0584,F003,Laboratory,Routine,Medication,Rich whole beyond show surface activity.
002f835c-f5b7-423f-87fe-a4d1df3eec9b,MRI Scan,Medication,Completed,2025-05-26,38ab1a58,abfd6fb8,F004,ICU,Urgent,Diagnostic,Behavior during become bag.
9e56ea33-11e2-4d03-8ef0-4ba5bacf579d,Insulin Injection,Medication,Pending,2025-05-30,1168220b,92a70b62,F004,Inpatient,STAT,Diagnostic,Impact place research heavy green turn effect close.
34afdd15-9aa1-4b62-9a17-15cbbcc954bc,MRI Scan,Medication,Completed,2025-05-31,a343be0b,3642e791,F001,Radiology,STAT,Medication,Finish leg involve political report safe.
3da3595b-0029-4fe0-a993-69ca6092d71c,MRI Scan,Surgery,Scheduled,2025-05-27,4f16368d,b66e3b45,F001,Pharmacy,Urgent,Diagnostic,Say deal third upon building.
803fc697-6b45-4b84-890a-1666d7234309,Blood Test,Surgery,Scheduled,2025-05-29,084858a3,fd37519d,F004,Emergency,Routine,Diagnostic,Side building light avoid claim such.
7bcb0eed-4515-410f-99a3-2578a51e4be0,COVID-19 Test,Medication,Scheduled,2025-05-24,f873be88,38b52247,F002,Radiology,STAT,Medication,Society recognize how owner apply politics people.
101f09c5-8f46-4798-b8da-92cb11d43d94,Insulin Injection,Surgery,Pending,2025-05-29,75921228,3944fa45,F004,Radiology,Urgent,Diagnostic,Force drop oil attorney.
b835787d-8086-4216-8457-35146860f44b,Insulin Injection,Imaging,Completed,2025-05-27,af0b6f37,5fc8dbf5,F001,Radiology,STAT,Diagnostic,Where natural hope may quite.
05ee182d-f522-4399-9456-8303ce2c27c3,Acetaminophen,Medication,Canceled,2025-05-24,3aba6166,46f8b99a,F003,Inpatient,Routine,Diagnostic,Court painting remain surface decide affect whether.
018b28cf-ad39-4123-9243-b62f2e6d725f,Insulin Injection,Lab,Pending,2025-05-24,530fa6ef,b459332c,F001,ICU,Routine,Medication,Focus all consider room grow personal quality.
ef485a74-2a4c-4063-98a5-c052d4c815e5,Blood Test,Medication,Pending,2025-05-31,b2a935e6,7cbb1945,F001,Laboratory,STAT,Diagnostic,Under last reason south defense whose else.
f55fbb04-601b-4035-a606-b2bf810ecd70,Blood Test,Surgery,Completed,2025-05-27,19852a24,9ea912ab,F001,Pharmacy,Routine,Diagnostic,Indeed report force though.
8edc0ba3-05c4-4b8c-96fc-4fc0f962c42b,MRI Scan,Medication,Canceled,2025-05-24,b0ec3686,dc704f29,F003,Pharmacy,Urgent,Diagnostic,Goal manage decide.
3c509ef0-2826-4135-a876-bab817948fda,Blood Test,Medication,Canceled,2025-05-28,81bffa3e,feca483a,F003,Emergency,Routine,Diagnostic,Wind effect popular.
4bfe3d33-bc09-4e1b-8314-01532d3b1459,Acetaminophen,Medication,Completed,2025-05-23,4f96bcdd,5a7d010f,F001,Pharmacy,Urgent,Medication,Check lose commercial well left mind.
bed0cf58-75d1-44a1-be13-8018b855e4af,Blood Test,Lab,Scheduled,2025-05-30,e4f1b6b6,e55d3165,F001,Pharmacy,Urgent,Diagnostic,Mention benefit foreign.
c3c983e8-59a1-4e71-bc59-819283e9e516,MRI Scan,Lab,Pending,2025-05-31,813b0b81,90e69a82,F001,Pharmacy,STAT,Diagnostic,Draw prevent different example according situation short.
ce139826-6bff-4827-bc5e-b4984da3414f,Blood Test,Lab,Canceled,2025-05-27,51f6e53b,454d50a8,F002,Radiology,STAT,Medication,Place popular see address on happy itself.
0824f65f-3fd0-4b08-bfce-d4c1a40a540c,Insulin Injection,Imaging,Completed,2025-05-23,75921228,4df38db4,F002,Radiology,Routine,Diagnostic,Thank condition ahead suggest.
24eb414e-24ff-4540-87eb-2b64067f9bf4,Blood Test,Medication,Pending,2025-05-31,b296f59c,51575e94,F002,Emergency,Urgent,Medication,Action believe help of fly adult manage.
1921aef6-c265-413c-8524-45c7f186194b,MRI Scan,Surgery,Completed,2025-05-23,f601f99f,42c3ccf4,F002,Inpatient,Urgent,Medication,While animal out.
00f17ef3-689b-4a40-9c45-cc79d07e3808,Insulin Injection,Surgery,Completed,2025-05-26,187eae1b,3497da69,F001,Outpatient,STAT,Medication,Week wind ground worker.
7fa7d1dc-40e4-40ea-ba72-5a58563e2a90,COVID-19 Test,Medication,Canceled,2025-05-29,47861002,59a53d18,F001,Outpatient,Urgent,Diagnostic,Carry east support away concern social girl.
a2e5a85a-122e-43f0-bdf9-dcc1930dc58f,Blood Test,Medication,Scheduled,2025-05-24,5ef7405d,6ca7c3b8,F003,Pharmacy,Urgent,Medication,Seek building project.
59cbfee7-30e8-41b1-bd94-8c13a157d3a3,Blood Test,Medication,Pending,2025-05-25,e41f2545,724322f6,F003,Pharmacy,Urgent,Medication,Consumer onto focus two heart.
cd4a5456-415c-462e-8924-64c39b5a0781,COVID-19 Test,Imaging,Completed,2025-05-22,04501608,7f14b056,F001,Laboratory,Routine,Medication,Phone professional because prove wall left my.
02e44618-8658-4ba2-95cc-61a4614e4951,Blood Test,Lab,Completed,2025-05-27,9c70b179,355f5b03,F004,Radiology,Urgent,Diagnostic,Difficult pull though.
c801ecb1-d47e-4a43-8a7b-54fb139100e9,COVID-19 Test,Surgery,Scheduled,2025-05-24,c612ce79,97cf30d2,F002,Inpatient,Routine,Diagnostic,Find network push best agree government ability.
e4ab4519-3f74-45de-ab1e-1328dcbbab0e,COVID-19 Test,Lab,Scheduled,2025-05-28,75921228,fca24bab,F004,Pharmacy,Urgent,Medication,Fund young game nearly their travel talk.
8512a65d-0edd-4c10-b105-b961e4110f34,MRI Scan,Surgery,Scheduled,2025-05-23,406aeec4,2eb89aec,F003,Inpatient,Urgent,Medication,Major apply event field.
4c25cf6d-383f-41eb-8b3b-bbbc65596831,Insulin Injection,Imaging,Completed,2025-05-23,aaafd233,a5b0ed73,F001,ICU,Urgent,Diagnostic,Either cup collection along focus.
