order_id,order_name,order_type,order_status,order_date,provider_id,patient_id,facility_id,department_name,order_priority,order_category,order_description
c700235d-fb08-42a8-86e2-02b628d501d7,Blood Test,Medication,Scheduled,2025-01-26,21cc5c77,ae636131,F002,Inpatient,Routine,Medication,Edge month return go economy expect side find.
3e30248c-f8b1-4c39-97b3-eb89e4a9ce4c,MRI Scan,Medication,Completed,2025-04-30,9981e153,af0c7684,F001,Radiology,Routine,Diagnostic,Manager organization because range college available.
6e0a1025-be97-495d-932a-89ac9ed3263d,Acetaminophen,Imaging,Scheduled,2025-01-13,4d8f806f,96905111,F001,Emergency,STAT,Diagnostic,Type gas science manager plan lead.
91e88656-d082-4ce8-8e09-fccba1179036,COVID-19 Test,Lab,Completed,2025-05-09,8205c2e0,b93176d6,F001,Emergency,Routine,Medication,Toward five want face just laugh.
34a16604-8fbd-49d7-9b7c-4a31020b319a,Acetaminophen,Medication,Scheduled,2025-02-01,15721b33,11d61a33,F001,Inpatient,Routine,Medication,Book serious pass.
a375b53c-f6cf-4595-9bab-b6fd341c2bca,MRI Scan,Lab,Scheduled,2025-01-01,55e5c51e,92cab397,F003,Radiology,Routine,Medication,Stand she culture team here music significant off.
3f516f80-a052-4d2c-88cf-2951c71cb72f,MRI Scan,Imaging,Canceled,2025-03-09,f287803a,00a0b4f5,F002,ICU,Routine,Diagnostic,Stand such paper note range add own.
1bc82232-eb89-4028-b3c8-96ad61fac607,MRI Scan,Lab,Completed,2025-03-02,d9815c36,a3550533,F001,Pharmacy,Urgent,Diagnostic,Focus senior several pay could site several.
88539ed3-27eb-4a88-bf1d-3b8aef32bbf3,Insulin Injection,Medication,Completed,2025-02-27,a8554c59,cba4e0f7,F002,Emergency,STAT,Medication,Operation garden off day loss growth feel.
bfad2293-253f-41f1-9089-2a2329f96c20,Acetaminophen,Medication,Completed,2025-01-23,bc365b1d,13c8eee5,F004,Pharmacy,Routine,Medication,Commercial her explain goal short.
a33f3b15-2b7c-43a6-825e-50caed0117c4,Insulin Injection,Medication,Scheduled,2025-02-06,8fa9eb73,fa36e232,F003,Emergency,Urgent,Medication,Several situation pressure development ball expert service.
4d7698e3-2bbb-4534-96d8-b9216297e59d,Blood Test,Imaging,Scheduled,2025-01-06,21db7e30,b93176d6,F001,ICU,STAT,Diagnostic,Serious board kid guess yet wait.
ee9a289f-a361-4926-9494-fef5dbecaf51,Insulin Injection,Imaging,Canceled,2025-04-04,e3077924,a6df8fb7,F001,Laboratory,STAT,Diagnostic,Nor base significant may point house.
488829c8-7999-4961-b3fd-cba7479bccac,Insulin Injection,Imaging,Completed,2025-01-24,55e5c51e,82da0359,F001,Pharmacy,Urgent,Diagnostic,Prevent let offer important system.
3968cb46-dc68-4e55-b729-b2d3546eb045,COVID-19 Test,Lab,Scheduled,2025-03-07,a1af492e,3ca3f5bc,F002,Inpatient,Routine,Diagnostic,Fine statement three decision weight fact stock.
15da7c80-424a-422d-8b99-ca7fe930c0af,Blood Test,Medication,Pending,2025-03-08,fa080172,fed8b58e,F003,Inpatient,STAT,Medication,Hand care store.
30a574a9-a7f4-4918-a40a-aca77495b21a,Acetaminophen,Lab,Pending,2025-05-05,0fc6f1bd,e46c29cc,F002,Pharmacy,Urgent,Medication,Purpose who window read ground.
4663891b-f356-4086-bf85-530ddc36e6d5,Blood Test,Lab,Canceled,2025-02-28,68990198,d77b952e,F003,Inpatient,Urgent,Diagnostic,Spring perform adult poor garden.
27e1972a-2d96-41b9-a10c-1f8e39832082,COVID-19 Test,Imaging,Completed,2025-03-30,b255e682,c49062f9,F001,Outpatient,Urgent,Diagnostic,Benefit imagine citizen look season real.
3e86c09d-2f70-4a77-9c94-366430a46d22,Blood Test,Medication,Pending,2025-01-03,d26900f5,90f52cf7,F002,Inpatient,Routine,Medication,Risk seek attention traditional case five.
e8ecd858-89ce-4e55-93b0-61915065e306,Insulin Injection,Medication,Pending,2025-03-05,4a8f8166,708a23be,F002,Emergency,Routine,Medication,Include establish board model try management scene.
3de37a21-1353-4bc8-9799-5ebf33e05051,Insulin Injection,Imaging,Pending,2025-01-14,29eb27d3,43c9369f,F001,Laboratory,STAT,Medication,Speak image find sort feel notice.
a79c8bfc-4291-4e8e-91ab-ec44bc88c3d7,Insulin Injection,Medication,Canceled,2025-03-27,740a8d9a,9bdd2247,F001,Radiology,STAT,Diagnostic,Every front treat new level.
bda37840-14f4-4fe1-a124-eb98acf360b5,Insulin Injection,Imaging,Completed,2025-01-07,3a463935,1f15ce61,F002,Pharmacy,Routine,Medication,Probably national girl fill necessary picture.
659549da-9cc8-44ca-971f-bfa9c0b638d4,COVID-19 Test,Medication,Canceled,2025-03-19,1247d75b,1cc58c48,F001,Inpatient,Urgent,Medication,Prevent attorney point remain happen nor.
bba2cf73-3a26-4d53-bb45-44e12bcc342c,MRI Scan,Imaging,Completed,2025-03-13,ca13ad2e,b7ac3414,F004,Emergency,Urgent,Medication,Former Republican front available operation toward.
bbac36aa-a05c-4bd8-be37-f10965b6d080,Insulin Injection,Imaging,Completed,2025-02-05,3adce216,a9328c9c,F003,Laboratory,Routine,Diagnostic,Piece card almost evening.
031da288-96e9-4877-b3b4-de8218168262,Acetaminophen,Medication,Pending,2025-03-29,f5f73bb0,525b46d8,F003,Inpatient,Urgent,Diagnostic,Night record former person traditional police quite.
a26943a2-9f89-4d68-86a7-6cb5b117553f,Blood Test,Lab,Canceled,2025-03-11,4d8f806f,9bdd2247,F004,Radiology,Urgent,Diagnostic,Father whether kitchen site color.
71b08527-aa55-4059-a0b1-b4b2f7a1c370,Blood Test,Lab,Pending,2025-04-19,245e898c,a4feb9ae,F004,Outpatient,Routine,Diagnostic,Community each treatment the really similar.
2cbdf8e9-9edf-4fcb-89bb-84e1ddc5087c,Insulin Injection,Medication,Canceled,2025-04-23,d4935786,de0c420a,F001,Emergency,Routine,Medication,Force include low someone international.
69f9831e-70c0-4ac6-9fb9-4fa9f39ccb7c,Insulin Injection,Medication,Canceled,2025-02-03,bc365b1d,517cf040,F003,ICU,Routine,Medication,Mission water officer rich fire.
3ffc432d-f1ac-4605-ad79-8d2ebea25cdb,Insulin Injection,Imaging,Completed,2025-04-07,245e8a7f,22dcbd9d,F004,Radiology,Routine,Medication,Practice turn care fill brother.
f76ba40c-31f8-4e58-80a3-a28f698ed288,MRI Scan,Medication,Scheduled,2025-01-30,375a68cc,c85ed25f,F001,Radiology,Routine,Medication,Edge provide share above.
ff9b2a77-b702-4149-83a3-224de81e62c9,MRI Scan,Imaging,Completed,2025-04-08,72695fa6,90f52cf7,F001,Inpatient,Urgent,Medication,Strong author age avoid alone action than very.
9c14f7c5-dfe3-4536-a9ab-a660a951516b,Acetaminophen,Imaging,Completed,2025-02-02,fd0a8e81,1f15ce61,F002,ICU,Urgent,Medication,Or itself yourself work here such.
b1c9d43f-299b-4655-aac8-bf957b7bc3e7,MRI Scan,Imaging,Canceled,2025-03-19,852fc996,47997a32,F003,Outpatient,Urgent,Medication,Real great his between policy.
654e407d-a7ed-4e9e-b3f8-d2dfb07129d4,Acetaminophen,Medication,Pending,2025-04-12,6edd4bc0,eede8ed2,F004,Laboratory,Routine,Diagnostic,Who business against cultural experience.
e3bd4b2e-3772-487e-a336-2d7268ebcc12,Insulin Injection,Lab,Canceled,2025-05-05,03707ab4,50eff0e7,F002,Radiology,STAT,Diagnostic,Drop nothing executive kind may include.
6e816780-0c4d-4856-9461-c65371862175,Blood Test,Medication,Pending,2025-05-14,36f9fc33,82da0359,F004,Pharmacy,Urgent,Medication,Investment end use authority question tonight discussion.
8ef43844-9bb5-4a59-aa81-7f0d5f4e8377,Insulin Injection,Lab,Canceled,2025-04-11,874afea9,6dca666e,F001,Outpatient,Urgent,Medication,Daughter number particularly price.
45852cb8-f6f9-4902-a8fb-d3f1aebe2d42,MRI Scan,Lab,Pending,2025-01-11,d4935786,917bc899,F001,Laboratory,Routine,Medication,Important music behavior size price.
6b595405-b422-4fe0-a134-588de457dc52,COVID-19 Test,Imaging,Pending,2025-05-06,f55936f0,ef57ebe6,F004,Pharmacy,STAT,Diagnostic,Then industry member doctor tree.
e4f65f97-27c5-4e1b-b018-a8bb0553ac66,Acetaminophen,Lab,Canceled,2025-03-27,e2fafa2a,55775a5c,F002,Pharmacy,STAT,Medication,Do structure hope too drop discover we myself.
08bce518-94ff-4fbd-8b1e-4c60f81b2f65,Blood Test,Imaging,Completed,2025-03-30,e2fafa2a,b57a6962,F004,Emergency,Urgent,Diagnostic,Discuss gun possible moment imagine.
4176dbe7-d517-4165-9b4f-edc07dbf2bba,Acetaminophen,Imaging,Scheduled,2025-01-13,375a68cc,50eff0e7,F001,Emergency,STAT,Medication,Stock child now seven standard.
d70ce217-8169-47b9-8e6e-f810912f4d1a,Blood Test,Imaging,Pending,2025-03-19,6dcd59ed,c741ab0f,F002,ICU,STAT,Medication,Actually real because same past part officer none.
61ea6afd-c899-4094-ae18-0a95488c2505,Insulin Injection,Lab,Pending,2025-05-14,f9f2b741,153e9671,F003,ICU,Routine,Medication,Account stock box operation century.
040820d7-5d9a-4aa1-940e-3af1fe57ab58,MRI Scan,Lab,Completed,2025-03-04,ccd5efaf,e69fa296,F004,Outpatient,Routine,Diagnostic,Evidence like kitchen whom claim partner best.
308233b8-c996-41a0-99a4-2c6c0019fe48,Blood Test,Lab,Completed,2025-01-04,b9ea7c90,7efb2a3d,F002,ICU,Routine,Diagnostic,Born issue everybody.
ea7bb34d-422b-4fd7-925a-5ac324b58cc4,Insulin Injection,Lab,Pending,2025-04-08,5f409cfe,762fd826,F003,Pharmacy,Routine,Medication,Arrive he focus spend play.
15d32267-76c4-4fa0-999c-0c50bd709f18,MRI Scan,Imaging,Completed,2025-01-20,4b2c3e0f,bcf3046d,F002,ICU,Routine,Medication,Mouth reduce per station office easy fish.
714b30c8-16c8-41ce-b807-3ed772a7243b,Blood Test,Imaging,Completed,2025-04-01,35fa6160,86945db9,F001,Outpatient,Urgent,Medication,My body fall range.
6ed605ea-d893-4b4a-934b-06e4bb8c4f4b,Blood Test,Imaging,Pending,2025-04-20,a8554c59,c8de6a36,F002,Pharmacy,Routine,Medication,Really next agreement officer.
4e2cc74f-5c3c-4db7-8490-0fa2ee6f2f91,Acetaminophen,Medication,Pending,2025-04-18,d4935786,07b81116,F001,ICU,STAT,Diagnostic,Itself remain art thing election right.
75832c0f-2223-4d64-9d3a-e52f6f73c48d,Acetaminophen,Imaging,Scheduled,2025-04-11,5b300d70,cf4d34cb,F003,ICU,Urgent,Medication,Theory several radio similar.
97711816-00da-4642-b52b-e367f8381d54,Blood Test,Lab,Scheduled,2025-01-06,b11d63c1,b7ac3414,F003,Emergency,STAT,Diagnostic,Scene life especially north per surface.
3fd6b890-95d4-4901-83e7-19b4048ae046,Acetaminophen,Lab,Scheduled,2025-03-27,616d40be,5b9cf0d1,F004,Radiology,STAT,Medication,Return gas teacher push many performance should reveal.
cf83e759-4b9e-4dc2-b68f-29ce43f4f282,Insulin Injection,Lab,Canceled,2025-03-05,e4a61835,5b0487ab,F001,Outpatient,STAT,Diagnostic,Thank everybody white trial budget seem.
6a0ab39f-6b8e-4a65-936e-b54dccea8283,Acetaminophen,Lab,Pending,2025-04-02,a8554c59,fefd1c79,F002,Emergency,STAT,Diagnostic,Whole station by tough support only.
28514794-1011-43aa-932e-ee85d52f4006,Acetaminophen,Medication,Completed,2025-05-18,1da46b2e,20b7adc3,F004,Inpatient,STAT,Medication,Person despite war discover city describe cause.
ce1a542a-7248-4fb0-bf59-dcdb222eb112,MRI Scan,Lab,Completed,2025-05-13,245e8a7f,d15e46a2,F003,Pharmacy,STAT,Medication,Four adult enter simple.
bd219ef5-5940-4f26-bdc8-afd2b02f10f2,MRI Scan,Lab,Pending,2025-02-28,7ecd2f0a,7fd914be,F003,ICU,STAT,Medication,Drop cause unit current side fact commercial focus.
397fcea7-4992-4422-a109-c25dfc1a9905,Acetaminophen,Medication,Pending,2025-01-14,61eedbd5,708a23be,F003,ICU,Routine,Medication,Effect public question effort.
69a380c4-c391-4dde-ada9-c0d0005707e2,COVID-19 Test,Imaging,Canceled,2025-03-18,616d40be,86e4fea9,F001,Outpatient,STAT,Medication,Sit purpose enjoy through everyone human.
ef945d96-c789-487c-ae61-7ee43f6ee204,MRI Scan,Medication,Completed,2025-03-18,d770c7f0,f03dc05b,F002,Emergency,Urgent,Diagnostic,Order success voice natural light difficult.
1b5665c9-a4bc-423f-bfaa-0128e9a4a19c,Insulin Injection,Imaging,Completed,2025-04-13,2a443bfd,de0c420a,F004,Radiology,STAT,Diagnostic,Growth major very personal animal guy sell future.
35d0f0e1-a911-4111-b3f7-418b2d377b04,COVID-19 Test,Lab,Scheduled,2025-02-15,80a04e3c,e8387efc,F001,Pharmacy,STAT,Medication,Trouble truth ago together sell.
e18385ea-6b32-4af0-9ff7-8f5cc3d4f44c,Blood Test,Medication,Completed,2025-03-11,f9f2b741,67f3f228,F001,Emergency,Urgent,Medication,Century something future defense gun early structure.
adfc8c44-502a-4110-8f98-5cb5866a7fe5,Insulin Injection,Medication,Completed,2025-03-20,29eb27d3,89f36e69,F001,Radiology,STAT,Diagnostic,Call owner seven sea agent arm.
ff14d557-2e7f-4f81-9bf3-3870c07cf7db,Blood Test,Lab,Canceled,2025-04-05,de181e75,bc13607f,F004,Inpatient,Routine,Medication,Especially learn what.
a30e20cd-b8a2-42c3-9f33-717969ec45e1,COVID-19 Test,Lab,Scheduled,2025-02-10,15721b33,f4d442be,F001,Emergency,Urgent,Medication,Detail very large face rest.
b677314f-61e9-4d09-8fbc-146a627117ff,Blood Test,Lab,Completed,2025-03-15,0fe0797c,20b7adc3,F002,Emergency,STAT,Diagnostic,Whole individual hard ten become minute ball.
d270cdc0-edb0-4667-b9c4-66d2c202402f,Insulin Injection,Imaging,Scheduled,2025-04-10,16ed76a8,647da414,F002,Emergency,Routine,Diagnostic,At class truth guess suddenly hard culture.
1888b617-bd75-4523-ad2e-a8e3edb807bb,Acetaminophen,Medication,Scheduled,2025-03-12,8a27edb1,07b81116,F004,Inpatient,Urgent,Diagnostic,Picture up six successful hotel either.
3bba1a93-74be-4c27-abe6-7f7f45e201de,Blood Test,Medication,Completed,2025-02-28,f9f2b741,70341ff8,F004,Inpatient,Routine,Diagnostic,Tonight serve fight involve attack example her.
14f26da3-13ab-481e-96d1-d09b49b46006,Acetaminophen,Lab,Canceled,2025-04-26,03707ab4,153e9671,F003,Inpatient,Urgent,Diagnostic,Country friend research every.
736f2a07-32d7-4541-9aed-9c2554afcc3f,Insulin Injection,Medication,Canceled,2025-01-28,4d51e807,79750d32,F004,Outpatient,Routine,Medication,Customer let myself treatment role happy seem.
44e13207-53bc-4dd9-978f-45a044965c3b,Insulin Injection,Lab,Pending,2025-04-14,b9ea7c90,9bdd2247,F002,Laboratory,Routine,Diagnostic,Network material dream plant woman on.
4821d96f-7971-4fa7-840e-8fbacd3925f5,Insulin Injection,Imaging,Canceled,2025-05-04,f5f73bb0,16758732,F003,Emergency,Routine,Diagnostic,Rather respond stay anyone Republican.
4e4a408c-9a1e-4428-8779-c92b9797149c,Blood Test,Lab,Completed,2025-02-27,3c540278,77e795d0,F004,Emergency,Urgent,Medication,Answer worker surface history.
6751ef06-265f-4b8e-b95c-ced3495bdb8f,Acetaminophen,Lab,Scheduled,2025-03-15,3dd3722a,0cdeac50,F002,Outpatient,Routine,Diagnostic,Down east movement every top.
153df6ad-6d85-4b54-8b61-6cd34ab5b555,Blood Test,Lab,Completed,2025-01-16,06886b1f,2f05b6c7,F004,ICU,Routine,Diagnostic,Coach near outside drug certain.
86222f32-de93-4432-abb4-056d46755e1d,Blood Test,Medication,Pending,2025-03-11,498006b6,d03f5b9e,F001,Emergency,STAT,Medication,Discuss others fast manager eight market.
4a3f11a4-819d-40bc-844e-31b90de4fd2b,COVID-19 Test,Lab,Canceled,2025-03-25,69217196,d7a47969,F003,Laboratory,STAT,Diagnostic,Heart myself wrong certain.
9d982042-2e42-4c3b-b875-dd8d785cbf88,Acetaminophen,Lab,Canceled,2025-05-15,245e898c,b93176d6,F004,Pharmacy,Urgent,Medication,Pay necessary north claim.
97e098d6-9f31-4b02-be58-b991d2a6389c,Insulin Injection,Medication,Canceled,2025-04-14,21cc5c77,149070da,F002,ICU,Routine,Diagnostic,Son almost international leader when eight.
e7f19cab-5584-4d11-89a3-eb3f1499388f,Acetaminophen,Lab,Scheduled,2025-01-11,35fa6160,917bc899,F001,ICU,STAT,Medication,Lawyer including middle open remember without hope.
81c80e0e-3e89-4714-ad61-af19438f65c5,Acetaminophen,Imaging,Scheduled,2025-02-01,20c3473a,a767bd27,F003,Laboratory,Routine,Diagnostic,Pretty human address begin more.
15c57f2c-dd04-43e8-8aa6-ef889d09697f,Blood Test,Lab,Completed,2025-01-20,a1af492e,b9ff5bbe,F002,Inpatient,STAT,Diagnostic,Her usually method myself less.
66c3be6c-c5ff-4107-a6ed-1939f461ca0d,Insulin Injection,Imaging,Scheduled,2025-03-10,74caa038,d4561852,F004,Pharmacy,STAT,Medication,Teacher ago feel season method step executive.
ea10ac16-bf17-4a7d-9024-870ee05f463e,Insulin Injection,Lab,Canceled,2025-04-10,fd0a8e81,61b40dbc,F004,Inpatient,Urgent,Medication,Force team find open network away attention raise.
1a99297f-bc28-4e7d-9520-76917bec7684,COVID-19 Test,Imaging,Pending,2025-03-03,38e51cf0,5aa91a82,F003,Radiology,Urgent,Diagnostic,Practice cell coach.
0ee27b12-e41a-45bb-abb9-82155e143ec2,Insulin Injection,Imaging,Completed,2025-03-30,434d22ee,b93176d6,F003,Outpatient,Routine,Diagnostic,Dream peace bank run they accept no.
f7e8fc50-eebf-4f63-901f-70728fcb268b,COVID-19 Test,Medication,Scheduled,2025-03-10,ed229b6f,77e795d0,F003,Pharmacy,Routine,Medication,Impact again when many item service.
67ede6a3-0490-4710-87c7-fc1a99a7ecf5,Insulin Injection,Lab,Canceled,2025-03-27,61eedbd5,71da4e80,F004,Inpatient,Routine,Diagnostic,Hot yet within anything data.
fb8c296b-4250-452a-8c9c-4e4b1b4a46e7,Blood Test,Lab,Canceled,2025-03-12,72695fa6,30812879,F004,Radiology,Routine,Medication,Develop blood local why husband outside win truth.
649f832e-e856-4714-aa05-740c3225ea5b,Insulin Injection,Imaging,Pending,2025-04-15,0701f480,e69fa296,F001,Outpatient,STAT,Diagnostic,Newspaper picture near available physical environment second reflect.
b4edb07f-b59d-4229-a48f-73568b1d9b6e,Blood Test,Medication,Canceled,2025-01-02,4020de95,b9ff5bbe,F001,Outpatient,Routine,Diagnostic,Pm pull ahead.
1942c94d-fb4d-47c3-8825-00b2dda514c2,Acetaminophen,Lab,Pending,2025-05-03,06886b1f,b9ff5bbe,F003,Laboratory,Routine,Medication,Ever reduce less two ok pull.
37621979-f9bd-4395-a106-25ea185dc922,Insulin Injection,Medication,Canceled,2025-04-10,ed229b6f,99d264a5,F004,Radiology,Routine,Diagnostic,Family much benefit.
1418edbf-ec13-433e-b1ad-35a85ad1bf2f,Insulin Injection,Imaging,Pending,2025-02-20,e32df381,96ad29a6,F003,Outpatient,Routine,Medication,Citizen send maybe.
6e6fc502-bb27-4972-bdef-09d674880c87,MRI Scan,Lab,Scheduled,2025-04-17,ccd5efaf,c49062f9,F004,ICU,Urgent,Medication,Sound five style.
06a22dfc-5e67-4cbc-98c0-990934be2ba5,Insulin Injection,Lab,Canceled,2025-02-04,bc365b1d,b33d8911,F003,ICU,Routine,Medication,Factor agency likely Mr rock add.
728e1ca9-2697-4670-a7d8-0da59d9c2714,MRI Scan,Medication,Completed,2025-01-16,110d364c,647da414,F001,Pharmacy,STAT,Diagnostic,Professor shake whether listen professional.
24dcc065-895b-4048-bf7e-7d6c8f439d0f,MRI Scan,Lab,Completed,2025-02-15,2d35ae68,61b40dbc,F001,Outpatient,STAT,Diagnostic,Operation follow behavior fish institution.
a9a5e2a5-dd3e-4568-b0f3-cb0edc75c239,MRI Scan,Imaging,Pending,2025-01-07,f7b91650,0f109559,F003,Radiology,STAT,Diagnostic,Month size specific kitchen financial.
0f93f722-e241-449a-871c-6f20a14fbd40,COVID-19 Test,Imaging,Pending,2025-03-25,740a8d9a,00a0b4f5,F003,Inpatient,Urgent,Diagnostic,Role travel under left reveal.
b4efd088-8e5c-4271-bd2e-77f7ee08f611,Insulin Injection,Lab,Scheduled,2025-04-26,3a2913db,61b40dbc,F001,ICU,STAT,Medication,Magazine recognize example natural method interview.
e333829b-0215-421e-97ee-a7de3c8893eb,Blood Test,Imaging,Scheduled,2025-01-26,110d364c,260f7b4d,F001,Radiology,Urgent,Medication,Chance build cultural million peace.
c130e90c-4624-4ac6-935e-0e406b83c0ee,Blood Test,Lab,Scheduled,2025-03-30,245e8a7f,eede8ed2,F002,Outpatient,STAT,Diagnostic,Clear worry decide more soon drop.
538a6352-baee-4603-90d0-9496100a86a8,Blood Test,Medication,Completed,2025-04-01,434d22ee,8d5645d0,F004,Emergency,STAT,Diagnostic,Which page build talk space they.
e105b717-cf89-472f-a5fd-605373e484db,Blood Test,Lab,Pending,2025-01-03,f287803a,9cce3b4c,F004,Pharmacy,Urgent,Medication,Attention check hospital might city candidate.
d181a8a9-160e-4353-8380-1b228a054aa8,MRI Scan,Imaging,Pending,2025-04-22,15721b33,5b9cf0d1,F002,Outpatient,Routine,Diagnostic,While movie range.
1f17672e-dc7e-4daa-9673-373fc7cd8f05,Acetaminophen,Medication,Scheduled,2025-04-25,45119816,60b73d4e,F003,Inpatient,STAT,Medication,Hand particular trade ever.
05975942-f2a8-491b-8ea1-ab60350e320c,COVID-19 Test,Imaging,Completed,2025-01-29,5f409cfe,660c4a1d,F004,Inpatient,Routine,Medication,Part do many.
d3ac3b6a-96cb-4e10-a858-3c382d411071,Acetaminophen,Imaging,Canceled,2025-01-09,68990198,71da4e80,F004,Laboratory,Urgent,Diagnostic,Company teacher bad story newspaper.
a64db48f-d96f-471f-9435-96660b4d8f41,Acetaminophen,Medication,Pending,2025-04-08,018de3bf,31cef0a2,F004,Pharmacy,Routine,Diagnostic,Third ask beyond special record will threat.
b7a40c5c-2548-4c43-a7a0-5ef422f352a6,Insulin Injection,Lab,Completed,2025-01-03,ea940e59,a767bd27,F003,Pharmacy,Routine,Medication,Control culture them about.
fa331136-7478-4eb1-a1bc-4a1d3b8e3221,Insulin Injection,Lab,Pending,2025-02-14,dab2600b,70341ff8,F003,Inpatient,STAT,Medication,Issue generation these blood.
84443ccd-2f99-4d1f-b69e-89d06c02f340,Blood Test,Medication,Canceled,2025-04-12,4020de95,43c9369f,F003,Inpatient,Routine,Diagnostic,Enough window public sign house.
fcfc3dd3-4fba-422d-ac24-089e27ca53e0,Insulin Injection,Lab,Scheduled,2025-03-30,d8b93164,15ccb37c,F003,ICU,Urgent,Medication,Song grow never article.
c678e2af-a846-4747-a45c-4c5ca8cf5080,Blood Test,Lab,Pending,2025-05-13,8a27edb1,6d8fa26a,F002,Inpatient,STAT,Diagnostic,Wrong every international expect my.
05cc850a-495b-483d-aa05-070b507bbb83,Blood Test,Imaging,Pending,2025-04-24,39811a51,b146ee0d,F001,Emergency,Routine,Diagnostic,Keep seem camera this.
2a25fc25-d9a0-458e-b4f9-2e60a4e4ba6e,MRI Scan,Lab,Pending,2025-02-06,d770c7f0,a4feb9ae,F001,Radiology,STAT,Medication,Account meet message it especially usually see establish.
5c0ced1c-5976-4001-b14c-73b23a88b88b,MRI Scan,Lab,Completed,2025-03-18,1f747b87,46ffa8f4,F004,Inpatient,Routine,Diagnostic,Give difference writer if.
ad32d3b8-83e8-47ef-afc6-8135d9778853,MRI Scan,Medication,Canceled,2025-01-03,e32df381,d7a47969,F003,Inpatient,Urgent,Diagnostic,Various save line ground out tonight.
6a95376a-0d4c-4a78-ac76-e659f2eccd9f,Insulin Injection,Lab,Scheduled,2025-01-28,33818dfa,149070da,F003,Pharmacy,Routine,Diagnostic,Even Republican capital civil international service.
5c3a1a57-ab66-47e4-abd4-a99280449663,Insulin Injection,Lab,Completed,2025-02-19,c5348591,708a23be,F003,Inpatient,Urgent,Diagnostic,Left apply throughout song order center.
b595553d-59f6-4a74-9210-79c74f3440aa,Acetaminophen,Imaging,Pending,2025-02-27,5f409cfe,d77b952e,F001,Emergency,Urgent,Medication,Station issue enough analysis start.
26d32617-d606-4276-b4b5-b701dd45c0d6,Blood Test,Medication,Pending,2025-02-27,f7b91650,cba4e0f7,F003,Emergency,Urgent,Medication,Visit section people environmental.
ce7ed766-236d-46ae-a0da-ca207992fa5e,Insulin Injection,Imaging,Pending,2025-02-04,e3077924,44d416fc,F003,Pharmacy,STAT,Medication,Door space water suggest small car heart material.
8b04fba8-879d-41b5-bc5a-62cf3c87eb88,Insulin Injection,Medication,Completed,2025-02-07,08807bc3,07b81116,F004,Pharmacy,STAT,Diagnostic,The letter edge public.
01952c9b-27fe-48f7-9605-addf8f6d7d40,Insulin Injection,Medication,Canceled,2025-01-04,dab2600b,9bdd2247,F004,Emergency,Urgent,Diagnostic,Rise billion military.
7e4d92fa-8edf-4237-b0a3-234f95ef03a3,COVID-19 Test,Lab,Canceled,2025-02-25,3dd3722a,d4561852,F004,ICU,Routine,Medication,Baby summer author stand section power these.
9b058bdd-fba2-4ddf-9350-4d4522801deb,COVID-19 Test,Lab,Pending,2025-02-22,077a362d,15f28060,F003,Inpatient,STAT,Diagnostic,Risk bill while cost would parent.
4613808a-66de-4195-9f5f-4910dde06b9c,COVID-19 Test,Imaging,Canceled,2025-03-29,3ac9d5ca,47997a32,F001,Emergency,Urgent,Medication,Although something any easy visit hot country.
f30dc875-0fe8-42f6-b858-a8f95a3a949b,MRI Scan,Imaging,Canceled,2025-05-10,f229e080,f002eaa9,F003,Outpatient,Urgent,Medication,Avoid under language box goal same.
6cb8be4b-704c-4a96-ba46-3712ff1c076c,MRI Scan,Medication,Completed,2025-03-19,fa080172,d77b952e,F002,Emergency,Routine,Medication,Trial seem matter law four believe manage term.
0ce21d52-a97a-4bdc-8270-90e845567d01,MRI Scan,Medication,Scheduled,2025-03-24,d26900f5,31cef0a2,F004,ICU,STAT,Diagnostic,Choose happy team away know.
f7e94d1c-29a1-4d3e-b922-ef2d34596704,Acetaminophen,Lab,Pending,2025-02-06,0701f480,46ffa8f4,F003,Inpatient,Urgent,Diagnostic,Lawyer work expect.
ee8b2d63-b4e2-4068-8158-ab1184dda1f7,Acetaminophen,Imaging,Canceled,2025-03-16,03d99269,9cce3b4c,F003,ICU,Urgent,Diagnostic,Participant particularly nothing bar role.
8f819e77-2346-4c2a-888f-b499c63853fa,MRI Scan,Medication,Completed,2025-03-01,21cc5c77,b9ff5bbe,F003,Pharmacy,Routine,Medication,Account grow cultural way.
9bead2ec-514d-499c-ade0-096e04ca3ba6,Insulin Injection,Lab,Pending,2025-03-26,9e7156e0,5d3ea51f,F001,Inpatient,Urgent,Diagnostic,Language listen follow per trip.
50bfb72d-4669-4bbf-9372-1f73bd7b1d40,Acetaminophen,Medication,Canceled,2025-01-28,4ace86cd,6d8fa26a,F001,Emergency,STAT,Diagnostic,Set statement position human if.
2a35649e-e295-4d60-8c6b-3a4bdd21d3e1,Insulin Injection,Imaging,Pending,2025-02-12,e10cf5e3,11d61a33,F004,Outpatient,STAT,Diagnostic,All fight former address much.
08662eb3-a7f5-4d01-8962-47c9d945d5d8,Blood Test,Imaging,Completed,2025-02-04,a1af492e,5d3ea51f,F002,ICU,STAT,Diagnostic,Style four still already trial article.
dd2c8b19-d770-418f-a9f7-d473fd22e14b,MRI Scan,Imaging,Scheduled,2025-03-06,baf2628b,70ce557e,F001,Radiology,Urgent,Medication,Meeting even else election water quite.
c34ef394-5e2c-48ec-823a-1ce2109ec723,Acetaminophen,Lab,Completed,2025-03-12,5b300d70,5aab4f7a,F002,Inpatient,Urgent,Diagnostic,Decade service strong what expect dog.
97904242-e243-41d1-b417-2dadb2c414f2,Acetaminophen,Lab,Canceled,2025-02-27,874afea9,31cef0a2,F002,ICU,Urgent,Medication,Me low student maintain identify.
