encounter_id,patient_id,admission_date,discharge_date,reason,facility_id,department_name,provider_id
37cad7cc-27b0-44af-9cb3-30041de80f97,8913c13c,2025-05-24,2025-05-28,Best lawyer near think little.,F004,Radiology,a6709aea
de4409b7-a0ef-4c27-8d0c-2496ae12ece0,f8f42b50,2025-05-26,2025-05-26,Deal rise everything standard analysis attention.,F004,Laboratory,0cd0ed29
f3a86fb5-c9ca-41bc-82b4-9af9eda69ee2,57bd9c0e,2025-05-29,2025-06-02,Help game serve.,F003,Pharmacy,32777cbd
a5269255-1235-49cf-a91c-5d496939d64d,27c4955d,2025-05-27,2025-05-28,Wrong anyone any bit.,F001,Radiology,07c3c3b4
71750927-5a67-43eb-a699-1a6c0dd87a0a,b52363e7,2025-05-28,2025-05-28,Accept catch scene thousand window.,F001,Laboratory,4268fdb7
813b48e7-9466-42dd-b0e8-d25e366a80df,ce47af19,2025-05-22,2025-05-25,On respond half might short.,F003,Outpatient,aaa0e0a0
86658283-4e6a-446c-be43-a819c659b3e1,81d60538,2025-05-22,2025-05-23,Outside although less reach mother company part.,F004,Inpatient,14b09493
4ac10c82-41ea-4414-882c-3e97f9d74fab,7e3adbf5,2025-05-30,2025-05-30,Their entire others.,F003,Outpatient,1ce31296
07dd4410-abbe-4f47-9194-1a9b5b5fec9a,63263266,2025-05-29,2025-05-30,Return stage to question.,F002,ICU,94c6d4d3
40a18f68-c9c5-4f2d-9529-58375b67f613,9cf8ff0e,2025-05-27,2025-05-28,They ability wife data.,F003,ICU,187eae1b
39d5c976-9159-4133-aedf-dfacf9c62ba5,09f18508,2025-05-23,2025-05-23,Four per rich far decade become painting.,F001,ICU,b0ec3686
e18bb8da-f672-4c0e-97f0-c8cb0a09b616,646945d0,2025-05-25,2025-05-26,Support fall with specific.,F001,Laboratory,94a9b401
a53bb96f-8158-4d04-8f76-fc069fec803b,473125b7,2025-05-29,2025-05-30,Then consumer during realize director image.,F003,Radiology,084858a3
1350ee4b-cd84-4748-ae19-01779071d827,62bc6927,2025-05-23,2025-05-23,Alone institution case.,F003,Outpatient,eb3183b2
6c97a6fd-ad45-4eb7-9ffd-bd8e8c2c988d,fed614c9,2025-05-24,2025-05-26,Statement practice forget sort.,F001,Pharmacy,aece23ee
1468e4a6-2248-4c63-b3d5-3a9230864e42,161a398f,2025-05-26,2025-05-28,Budget police individual party loss relate.,F004,Pharmacy,2b9119c8
f82f519b-4c48-4cb1-a56c-b54900156ec6,6dccc191,2025-05-24,2025-05-26,Step level crime simply.,F001,Outpatient,e4877209
384450c9-3f6c-4e97-8c58-9be87cd26fda,3bb950d2,2025-05-23,2025-05-28,Sell position truth guy billion.,F004,Laboratory,d6189a2a
f9552d93-86e3-4f8e-a652-bf570d2a048a,3818a790,2025-05-30,2025-06-04,Article office seven.,F001,Emergency,390d3299
231a034a-ea40-4c94-bb65-267f7f762123,37de6468,2025-05-22,2025-05-23,Message particular all lay win.,F003,ICU,c7824036
902fcaa0-402b-450e-beb1-913875439ca4,e2fc6194,2025-05-22,2025-05-23,See writer director seven might do.,F004,Radiology,8a5c12ce
0a0f7959-41bf-424a-92f5-8a6caf3aa89c,42c3ccf4,2025-05-22,2025-05-27,Your right class.,F003,Outpatient,011e186f
4c4951e0-6ebb-4760-8386-bf5172c209f8,8ec186b8,2025-05-24,2025-05-27,Item lose myself me reduce part.,F002,Laboratory,9bc13b2f
10808f0b-1a43-4ab9-96b8-c03aaf7d38f8,ae289880,2025-05-24,2025-05-27,Short organization lay.,F002,Laboratory,8abb59d1
8e076cd8-b774-42a1-9af7-ca871c91b360,acba21d4,2025-05-26,2025-05-30,Several fill lose trial.,F003,Emergency,81781edb
7d5d2142-1b79-483d-a561-09c631d9ed49,7a615700,2025-05-28,2025-06-01,Pay model and among sister admit.,F002,Laboratory,9d3765db
f100e81b-bb89-46e6-a0e3-c12243244f69,2942e6ff,2025-05-25,2025-05-30,Film green explain deep.,F003,ICU,81781edb
b2d8d9cf-0925-4f2b-80a6-2d8a0aed6579,a3de04fc,2025-05-25,2025-05-29,Measure history fall wife discussion customer.,F004,ICU,1ce31296
66b74284-7f95-4565-8c78-4f914cb6473e,f208fa3f,2025-05-21,2025-05-24,Me happen play oil peace.,F002,Inpatient,e260f6ac
b7512a71-bfdd-4a7e-977a-5d5f755f9676,6ca7c3b8,2025-05-30,2025-05-31,Security week pay view.,F002,Pharmacy,8f3a71a4
b0a2dddd-b555-4ccc-97ea-bb7837f85675,fed614c9,2025-05-29,2025-05-30,Very price base outside hot.,F004,Laboratory,38987c43
85eb096f-35fd-439b-9439-9f608ceacd5f,57554270,2025-05-25,2025-05-27,Personal so answer.,F002,ICU,048e68cb
2d397ea7-4b8a-476c-a190-28571d740d1a,7cad1066,2025-05-21,2025-05-24,Space family trouble.,F001,Emergency,dc9a17c1
b974eb09-17cf-4ee6-8f80-79ec9397897d,a6d895c4,2025-05-21,2025-05-23,Strong alone gun ok during until purpose.,F001,Outpatient,bee1205c
31b54f6a-cff9-4ad3-b77f-d9b023e3ec94,2fa51884,2025-05-27,2025-05-30,Argue present fall.,F002,Outpatient,1168220b
61326627-2efd-47e6-807f-47323e405aad,27c06551,2025-05-31,2025-06-02,Mouth rate quite good gun.,F002,Emergency,53d23f4e
3d86bc2c-5927-4850-98c4-b016767367e4,2af1f16d,2025-05-30,2025-06-02,Democratic share stop machine page.,F002,ICU,0d7225a4
8cf6f326-1347-4ccc-9eff-5a2715650fdd,3e668ee0,2025-05-23,2025-05-24,Company new four save war.,F004,Emergency,af0b6f37
486a96aa-15b9-468e-adaf-7144825196e7,e9f99686,2025-05-29,2025-06-02,Within among morning sell course.,F004,Radiology,87f32d17
645e88e8-13fa-48ec-bdf4-59543355324b,a4edd845,2025-05-29,2025-06-01,Against yeah Mrs black share.,F002,Emergency,3aba6166
80a33f14-7b2b-4538-8337-622422de184d,45816e5c,2025-05-31,2025-06-01,Drug environmental huge lose.,F001,ICU,42d10bb6
7a1948b9-96db-4986-828c-951da1a27854,448b3edb,2025-05-28,2025-05-29,Break general throughout may.,F002,Pharmacy,70aac74c
37b5124e-810b-42f3-ab54-3ef4470c7112,359b6177,2025-05-30,2025-06-04,Court only growth.,F003,Outpatient,c5d16cc2
03616d86-d84e-44ee-8d01-95a84ec86106,e320a3a8,2025-05-28,2025-05-31,Use house on industry.,F004,ICU,0459db70
e503d132-4fce-472e-a9eb-7d70f1c5af78,4ef4a103,2025-05-21,2025-05-21,Exist apply walk resource nothing.,F004,Radiology,175d3bea
1fc9c285-9999-449b-8b15-021e818aeb00,47b7dcd6,2025-05-26,2025-05-26,Remember off police author play effort.,F001,Radiology,c2579566
6eb3caa8-e7cd-44a4-822c-ff7060182344,c7f42861,2025-05-24,2025-05-29,Still feeling current.,F004,Radiology,5191053f
f97168ca-878f-4526-852d-8206d23f1940,f79b1a8f,2025-05-28,2025-05-28,Different side should term.,F003,Radiology,0b5ec544
979b30e2-e2e1-48af-99f7-30350ce43db1,957e3b4c,2025-05-28,2025-05-30,Area only college even bad example.,F003,ICU,cfd79a8f
89467cbc-1380-474b-917c-aa54e5abd044,c80db0c1,2025-05-26,2025-05-29,Compare over administration mother face way.,F003,Laboratory,cfff8ff7
0b90dc45-010b-4e4b-b74f-85923a6028d5,4b7f7cd0,2025-05-29,2025-06-01,They poor break.,F003,Pharmacy,3568aa10
4bd1112c-7f28-4a17-9427-edecacaa18ea,58a6ebce,2025-05-21,2025-05-26,Couple fire best sound send finish.,F001,Radiology,011e186f
6404e877-ac45-4b47-99b8-ad2de60c2dae,79784b17,2025-05-21,2025-05-26,At do effort remain.,F001,Laboratory,8abb59d1
1a12aca9-f4e3-4b2d-a569-3e0e6df28fe5,42fa7f96,2025-05-28,2025-05-31,Suggest long wear force middle north.,F001,Emergency,b63db9d7
804b36b9-26cb-4f07-8ffc-dfe9676f869a,5ff85bd8,2025-05-30,2025-06-02,Evening serve daughter determine.,F002,Outpatient,64b37308
53c19d17-343a-40e1-8326-b9e00f8e0d21,23a61bc3,2025-05-24,2025-05-24,Expert piece song call offer.,F001,Pharmacy,03aeec8c
34eeea41-229f-4622-bc03-6a8520252995,c633018a,2025-05-25,2025-05-29,Base hour carry language current need.,F001,ICU,812048de
c14634d9-f205-46c9-9747-94d4e41d50f0,42fa7f96,2025-05-25,2025-05-30,During give whether gas.,F002,Pharmacy,91a2ee02
dfb5a38a-6a87-49ab-9f9a-268eb44a8a60,8b6a53c9,2025-05-26,2025-05-30,Investment central state any parent notice.,F002,Radiology,4f16368d
97b6f5b0-faf4-4484-9f11-4da32e230aa5,ae289880,2025-05-23,2025-05-26,Believe these wide positive listen.,F003,ICU,b8bd0c8f
d0cfabaf-0383-43b4-b008-88414d86f3e6,47b7dcd6,2025-05-28,2025-05-31,Republican plan instead pay significant such.,F004,ICU,f9fc88fa
a1f30056-1c1e-4f2c-8769-87704a5dde59,3ae76626,2025-05-21,2025-05-26,Feel marriage sure since skill notice.,F002,Outpatient,d82cec6e
1ccee20b-bc24-4c81-b69e-9c2ff37e3193,74fa1243,2025-05-24,2025-05-28,Education national suffer summer.,F004,Emergency,011e186f
f6c5c72b-1642-45f3-b5d9-b01820df7cde,42ad78c3,2025-05-27,2025-05-31,Congress game media first catch.,F004,ICU,cc1fff4b
768b1983-e826-4eff-8db5-a137009dee18,ca0f914e,2025-05-26,2025-05-27,Happen sister certainly western.,F004,Outpatient,3504895c
be94f14e-1d76-41fa-b6b5-702d1900c833,9cff0c5d,2025-05-24,2025-05-28,Smile fill make they move.,F002,Outpatient,07314fc4
9474227a-320a-431c-8fd5-c14469b53d09,2fc46798,2025-05-23,2025-05-26,Health somebody traditional arm today population.,F001,Laboratory,2966a7ce
27d1a102-c4c1-4096-b356-54d72ff802d9,281cf8bb,2025-05-21,2025-05-24,We cost teach clearly rise successful.,F002,Laboratory,ad3d438b
dd9b9e83-ec30-4b01-b247-bede012f2fee,eb4fdf8f,2025-05-30,2025-05-30,How large head if.,F004,Pharmacy,a4d67758
af4cd4d5-023b-43a0-9038-9ceef87947e1,db50713c,2025-05-25,2025-05-28,Defense herself less.,F002,Radiology,77802c3b
3400e531-0439-4958-9dee-886d2f6113f1,7b5a0aa4,2025-05-22,2025-05-23,Cost physical run.,F002,Emergency,bc68f301
b6d15e74-c4e3-443b-92a9-b6e76c8ecf30,20657178,2025-05-24,2025-05-27,Kid song understand successful nor.,F003,Pharmacy,716d7d84
644aaee7-27e9-46dd-a9b8-f1a13b6c2e3a,db50713c,2025-05-27,2025-05-31,Argue Mr fight relate.,F002,Laboratory,b296f59c
312f7035-96c5-4446-bd19-7c1ab1be7bcf,43c778e8,2025-05-31,2025-05-31,Method perform magazine one strategy.,F002,Laboratory,cfd79a8f
1038f544-b5c5-43a6-8778-379fccb8be70,81ddf8dd,2025-05-29,2025-06-02,Democratic garden major protect present month.,F004,Emergency,07314fc4
18f717fb-bc02-4f6a-b409-19e317a65466,bc64f216,2025-05-22,2025-05-27,Likely look focus stand skin soon.,F002,Radiology,4aa7a097
48c2bb7d-4bf5-4c0f-82cb-135c426b0dec,bc64f216,2025-05-30,2025-06-01,Budget drop trouble better discussion garden.,F002,Emergency,074fb263
735426e6-8eb1-4d82-a640-42477ef49696,2af4f47c,2025-05-26,2025-05-27,Enter rich go responsibility future everyone.,F002,ICU,ec8a72cf
d823d5b5-1ce2-4ca2-972a-1432af2d9d7b,836b6fcd,2025-05-23,2025-05-25,Speech son he bar skin any.,F003,Radiology,717cc01a
9e95bccc-c2b4-469a-bfc5-6480c277ece8,abbf462b,2025-05-31,2025-06-03,Let sense today capital world early.,F004,ICU,d4206172
848711c6-5410-40b4-bb8d-866ee4b19395,9ee49919,2025-05-24,2025-05-25,Lose hotel training body lay kid.,F001,ICU,cb3684ba
7fd0f5b3-fdc6-4800-ac1e-461dae5f1668,3a9b4dae,2025-05-21,2025-05-21,Plant once another arm sister.,F003,Inpatient,175c0444
88a6cc87-161f-43dd-8b2b-41bcd5a29f75,5ee448d1,2025-05-26,2025-05-28,Seat language street career where think.,F001,Inpatient,b00cefca
3c784e79-760f-44f3-83a8-999275ec9c4a,487ce962,2025-05-27,2025-05-30,Baby choice bit turn man everything around.,F003,Laboratory,ba539c09
160a999c-5e13-4179-8027-0a724f3aa516,cd7c12d4,2025-05-31,2025-06-01,Agent too start paper.,F004,Pharmacy,8b98d7e7
a66593d5-080f-4a7d-8992-7ad2e7f5238a,a0700bc8,2025-05-26,2025-05-27,Seek my environment industry.,F003,ICU,8c8e4de4
aa53e903-e538-46f6-b5ae-cdda7ffa3cad,f46d4811,2025-05-26,2025-05-31,Term not fast food watch hot.,F003,Radiology,e5c1f825
3db03db0-d4b2-4293-9ce0-cb26ea7964b2,3e2cf2dc,2025-05-31,2025-06-05,We Congress reason beyond story speak.,F002,Laboratory,aaafd233
2e044e96-0e8a-495a-a728-ce00ab24a88c,3e024fd4,2025-05-31,2025-05-31,Smile some of minute.,F001,Outpatient,52a59e9b
567c366a-862f-4ed7-ae86-ef35458f73ec,e1733e57,2025-05-25,2025-05-28,Ok religious very cut matter skin.,F001,ICU,fad20604
6512784e-1ce7-4683-8ce6-f93f80d49540,09f18508,2025-05-29,2025-05-31,Song camera lay.,F004,Pharmacy,a657688c
21340b7b-39df-4353-aed6-4e1caa1a11c4,b6b78670,2025-05-31,2025-05-31,Research to through.,F004,ICU,7de9ca0b
91570e22-2d12-4142-bb12-06d2d63deadd,b60b29de,2025-05-22,2025-05-22,Specific upon black.,F001,ICU,e330396d
dfb49550-f60a-4447-b450-b35613c5d33d,90e69a82,2025-05-31,2025-06-03,Price look too term follow.,F002,Inpatient,07534144
f54e22c9-8ea9-4f8b-9165-8861e0cdd9ab,81ddf8dd,2025-05-27,2025-05-28,Product son together president buy.,F002,Laboratory,60adf285
31bab418-8bf2-4867-ac9e-a61ef62e447c,7d0861a3,2025-05-29,2025-06-03,Break none hot soon accept.,F001,Laboratory,c2adba2f
98e3d252-9080-438c-a9eb-324e0f63c6fd,7f14b056,2025-05-27,2025-05-31,Long show mother serve after half.,F002,Inpatient,ce7167c8
8e2fa1e6-729e-4ccc-9bda-357426a7401c,19428ddc,2025-05-23,2025-05-25,Ago you ago.,F003,Laboratory,4f16368d
4f9f811b-9596-400c-930e-767b86c47e9d,cae04a20,2025-05-21,2025-05-23,Mother pressure television interest staff trouble.,F002,Inpatient,63e3bb20
042ad170-9c7f-419c-9149-680737e34d3e,9f9e1cf3,2025-05-27,2025-05-28,Enjoy we north.,F004,ICU,a6709aea
d1824097-66fb-4931-bc77-3c0ad6349013,4ffe5b31,2025-05-26,2025-05-30,History care turn range.,F003,Emergency,27caf036
a31d311d-85de-46ff-a2f3-9e91183f4a67,92a70b62,2025-05-21,2025-05-22,Car popular since Mr.,F003,ICU,c2579566
82269da3-3418-453a-b360-c7e9b3db08cf,3642e791,2025-05-28,2025-05-29,Mr everyone official fine such.,F003,Laboratory,51445241
4107a38a-1292-434e-9b2d-2ef8ef02b284,e84d0b4e,2025-05-22,2025-05-23,Increase standard officer father use author.,F004,ICU,b10a04ff
bd386a68-136d-489e-908d-371ac4744a96,95383db1,2025-05-26,2025-05-26,Network anyone executive pick make eye.,F004,ICU,83911d17
6b545d11-c09a-4d17-a20a-9e7dc3c985f5,7d0861a3,2025-05-29,2025-05-30,Against lose visit.,F003,Radiology,0f609cf5
8127005e-c495-4fa2-a22d-ad991540b0d4,fcbf6008,2025-05-27,2025-06-01,Sister whose lead law tree prepare.,F002,ICU,85065aea
c7a682bc-da78-48c5-a3d8-ce4d9fbb4b12,c8414b69,2025-05-31,2025-06-02,However various culture above stage.,F003,Inpatient,0985ad59
78e0d4b0-ed4e-4464-911e-61b457a7eefd,cb2765ec,2025-05-28,2025-05-28,Change mean church.,F003,Pharmacy,3410d721
9c20e201-2c68-470c-8042-1511ecc00ac0,64d0afbd,2025-05-29,2025-05-29,Back hit general resource fact cultural.,F001,Emergency,07534144
ba59d849-483c-4fe3-abda-6ba631614c7e,5c1d05f7,2025-05-21,2025-05-21,Leg interesting develop.,F001,Inpatient,5da89a9c
5faf95b3-4509-48c1-a7df-7b3a8ff43fd3,b43c7fef,2025-05-25,2025-05-25,Individual including civil other.,F002,Outpatient,8175c6cb
94a755ed-499f-4a7d-8141-4a176a04e243,0d1c1b6e,2025-05-22,2025-05-25,Gun industry miss send.,F003,Laboratory,d309bb33
452c1979-5b2a-4396-b7e3-f8a6ac389d14,8ab34ddf,2025-05-27,2025-05-28,Simply get like hospital since agency.,F004,Pharmacy,291374f3
24bb2b20-aef4-4966-85dd-19f7870e26f0,05eaaa42,2025-05-27,2025-05-30,Range reflect speak represent sit enough.,F003,Radiology,e41f2545
002b6a01-2b7e-4015-baac-0e91f981861c,abfd6fb8,2025-05-22,2025-05-25,Concern product wait research early young.,F001,Radiology,528c6f53
3aa26424-1640-4b4d-9486-b06413fc2e4c,85eb92a8,2025-05-25,2025-05-26,Court affect lot close kitchen effort.,F001,Inpatient,f61e672c
80a9bd66-c3bf-4290-8405-f69456cb67f6,74e1b3fc,2025-05-23,2025-05-24,Ever evidence design third television.,F003,Radiology,175d0378
d19218b1-0f9f-4744-b2c1-63309ff9df9b,f16256e6,2025-05-28,2025-05-29,Her time activity step admit.,F004,Pharmacy,5da89a9c
f7c66e57-4661-48a8-b3b1-09b475ccff28,fec557c9,2025-05-28,2025-06-02,Open care letter for decade.,F001,Pharmacy,e1685c77
ee60df75-c27f-48d0-9a93-bfc5db166218,c633018a,2025-05-23,2025-05-24,Account beautiful without.,F004,Emergency,52a59e9b
e679ac20-7740-44f0-b99a-4ded0054a818,abbbc42d,2025-05-21,2025-05-25,Accept candidate tree prove goal single.,F004,Laboratory,616b3f25
739b8ede-0e41-4511-8474-75784d19379c,5177c073,2025-05-24,2025-05-29,Administration upon agency.,F001,Pharmacy,52a59e9b
7f555b98-4108-4a15-a4da-81c3024cf3ba,dae71067,2025-05-22,2025-05-24,Record you feel take popular.,F004,Outpatient,4ca891c2
4c884ca5-c170-48d2-9f31-dc4e8c9c4882,7398571b,2025-05-25,2025-05-28,Physical first common care kitchen too.,F004,Radiology,af0b6f37
823e682b-6f9a-4e5a-9b40-98e89a47ecb0,e20874ca,2025-05-23,2025-05-25,Speech opportunity tax church.,F002,Laboratory,9fe68e4a
4075b6bc-3612-4a46-9e2f-52306012e20b,bc64f216,2025-05-24,2025-05-25,Political simple continue play.,F001,Inpatient,e62a86c3
4d5e1a19-0515-4e27-afaa-1a2545e94630,45816e5c,2025-05-26,2025-05-31,Education employee discuss half law investment.,F003,ICU,483bba94
b0b63224-fc74-4d86-b263-49c21e4723da,95c8cbdd,2025-05-31,2025-06-05,Off of parent its.,F004,Inpatient,2c45d579
221cd002-e950-44a5-8428-4e06e7f67f62,9ee49919,2025-05-24,2025-05-29,Eight modern film sea none.,F004,Outpatient,d82cec6e
99fba528-6ed1-4f33-aec4-cbcc003a75dc,0e6f0fad,2025-05-27,2025-05-31,Score difficult the a.,F004,Inpatient,a204c681
ea1fcc62-8252-4084-9d41-47bd5817576d,7f14b056,2025-05-29,2025-05-31,I politics particularly.,F001,Laboratory,a775c2f5
48d32399-b9ab-4e9c-ae5a-6ae9d12d4430,00b877a7,2025-05-27,2025-05-27,Career expect help you plan right.,F002,Laboratory,3568aa10
228ab503-3f52-4712-8c29-83198188096b,77992a8b,2025-05-21,2025-05-26,Actually tend practice recognize hundred.,F003,ICU,5970ee0c
150e2426-6e8f-42a0-89d3-b79f3be5d91c,0c0f6456,2025-05-27,2025-05-28,Probably under with country society side.,F001,Laboratory,1e7827f4
31c22009-74cb-46a1-9bbb-3dcd5a960b5d,721cfde6,2025-05-26,2025-05-29,Down door recognize.,F001,ICU,8adef60a
51591890-26c7-4983-8906-6eb83ae47be1,0fda93fd,2025-05-29,2025-06-01,Imagine of front home experience military.,F001,Pharmacy,f19ef8de
48896266-9974-4478-a215-2d09062a1ef9,93124c5a,2025-05-29,2025-06-02,Party specific rise history team action.,F002,Emergency,db348e1f
40f1c061-316a-451f-9306-a9fcd0fc452d,518df717,2025-05-26,2025-05-31,Mean how he hot.,F003,Outpatient,a775c2f5
1792cb97-340e-4fc5-9a5a-f61ac71abb37,c40a1521,2025-05-28,2025-05-30,Night foot after since.,F003,Pharmacy,9edead4a
d2d2c435-b97f-4d25-ad54-27cff9f30116,0d1af999,2025-05-29,2025-06-01,Think tree tax behind able fast.,F001,Inpatient,b81d9159
5497972e-487d-4e49-8ae1-2a87f4f52816,0703a402,2025-05-29,2025-05-31,When more finish talk pretty.,F003,Pharmacy,c063e05d
e84c6a97-4f23-4d8a-8c9e-c09de2d6b358,4f3d7af9,2025-05-29,2025-05-31,Arm include different only.,F001,Inpatient,5d955e93
d1da52d7-8eb0-46d8-9704-852d6ec46f0b,a5b859fb,2025-05-31,2025-06-02,That into talk husband cup.,F004,Pharmacy,c7e589e0
1dfd6efb-1ef2-483c-becd-248814e00575,f60e4efa,2025-05-22,2025-05-24,Nothing toward someone.,F003,Inpatient,f9e9b9e4
1eef82bc-7b8a-4202-8405-240734e2873b,8ec186b8,2025-05-31,2025-06-01,Us issue student admit where shoulder.,F001,Laboratory,56eb7689
a58ea133-76e2-4ae9-a6bd-dcb2d0096a17,e3e87228,2025-05-26,2025-05-30,Than condition usually.,F004,ICU,b0995163
7511dd95-2610-4833-a833-9f743eb0c5a2,c80db0c1,2025-05-31,2025-06-05,Fill thus professor others.,F003,ICU,2af3e4b1
5ac8a959-30e3-40d9-ae63-6eb081ce237a,b52363e7,2025-05-26,2025-05-29,Suffer what conference finally.,F002,Laboratory,bb4f9d06
d8e558cf-a2a7-4ae7-8c02-1bbe93ccd478,23e2af71,2025-05-25,2025-05-29,Too hit win on set indicate.,F004,Outpatient,c0ef486d
21f5f6b5-8599-418c-b68c-04ea87fe0521,25f43d75,2025-05-29,2025-05-31,Avoid camera year community around.,F001,Inpatient,753f8097
53d251b3-6767-4295-b0e1-bb2f2fb5c2c0,f834f785,2025-05-28,2025-05-30,Form raise as into discussion language.,F003,Radiology,2082fe99
f22223e2-71fb-4c77-9657-8c69feb4ba68,8926a581,2025-05-24,2025-05-26,Make participant wait wind myself.,F003,Inpatient,d55740c1
43445475-1322-4355-a96e-2bf0fb9ac7a2,f32df77d,2025-05-29,2025-05-30,Government watch beautiful capital.,F001,Inpatient,5d955e93
d11c9191-8d71-454e-904b-3b40f7f80f62,199c66e9,2025-05-25,2025-05-27,Economy reveal material born southern.,F002,Outpatient,ea32677b
f13c61bf-6703-49f9-88f5-96d60cbb87a1,b859d4b2,2025-05-25,2025-05-29,Pass should product major.,F003,Outpatient,f0c0681d
ff8ca0cf-df30-4729-a6f5-495fd490a2e5,3eea00dc,2025-05-30,2025-06-02,Radio laugh store.,F002,Inpatient,a9adfe84
56244be4-66e3-4bdc-8286-fa69e1d465c8,6c9475a6,2025-05-26,2025-05-26,Expect north effect door fund he agent.,F003,ICU,0f466e5c
5425f7f1-1b13-4638-8ce2-ecd7b3113f8a,81d60538,2025-05-31,2025-06-05,Can same author.,F003,ICU,278acb5b
09f9ea84-078d-410e-bfef-24affdb7b65b,487ce962,2025-05-29,2025-05-31,Laugh us sing strong prepare should.,F001,Radiology,c97fbc15
1a659fb9-796e-4ee4-b6fa-d9248f8607fe,bc64f216,2025-05-29,2025-06-02,Any college decade make newspaper expert.,F001,Laboratory,b63db9d7
be906658-8f88-4f99-a4f7-679a8bca57f9,b2dca21f,2025-05-28,2025-05-29,Especially effect popular college wide.,F002,Emergency,af0b6f37
19467eba-2c9d-4ca7-855a-521c803cc83d,edfdaaca,2025-05-29,2025-05-29,Check outside who.,F003,Inpatient,17741fcc
8920579b-b709-4e4c-9526-ad309f04819d,6ca7c3b8,2025-05-25,2025-05-28,Participant front story evidence approach.,F002,ICU,42d10bb6
6adc2146-87ae-4cc4-8ba0-fb2e3865fa5d,79784b17,2025-05-23,2025-05-24,Their run wide lay will drug.,F004,Laboratory,24053a29
7996507f-4d05-4320-b28b-003beb8dacee,0d7f470a,2025-05-31,2025-06-04,Speak sing pull short program early.,F004,Pharmacy,9d3765db
54e77f1c-65a2-4f20-92fd-9b5bd5c9eebe,6c49067c,2025-05-26,2025-05-28,Significant relate maintain person red.,F002,Pharmacy,1a95b987
a712160a-a39f-472d-91f1-fdd9bbd2a1b6,359b6177,2025-05-28,2025-05-31,Probably thousand apply exist.,F003,Pharmacy,d4ec81fb
52c5ebe7-7515-4a04-aef3-68167fba7e0e,95965602,2025-05-23,2025-05-23,Very nor support goal they.,F001,Emergency,75921228
52759ec4-8358-409d-8de2-7c7ff7fc0bc9,ffedad17,2025-05-31,2025-06-02,Back single move executive fight hotel.,F004,Inpatient,0459db70
fe1af40d-02f9-4260-a6f1-b79312b4d5c2,cbcf3bf3,2025-05-31,2025-06-04,Ball summer series lot.,F002,Laboratory,c97fbc15
836eea4f-958a-4ab2-9173-f5f6456e9b28,3b933225,2025-05-27,2025-05-30,Eat action will job.,F003,Emergency,5dd50f30
387c255b-109a-4de5-a030-7dd7547c77ac,cdbf16ca,2025-05-28,2025-05-31,Thus detail local either simply.,F003,Emergency,ce92fc0f
d479e1f3-4539-45e7-9370-76eee46208eb,f16256e6,2025-05-30,2025-05-30,Road necessary television.,F002,Laboratory,4f0e33c9
1d22089b-1772-40f3-8739-b12a637b71a3,5b4c9ebf,2025-05-23,2025-05-24,Reason adult event create.,F004,ICU,c9da2e0a
23f8575f-36a4-45ba-9429-d6e2db9721ff,a5b0ed73,2025-05-21,2025-05-22,Group technology computer.,F001,Outpatient,2675a584
e46f78ef-0894-4b5f-98e5-bc8b97f6c2ef,2a116dab,2025-05-26,2025-05-27,Whether early different.,F003,ICU,fb246ac2
3c2228e8-c889-4fa2-8996-373137ef6fb2,9ff990c2,2025-05-27,2025-05-31,Yard story test bit.,F002,Emergency,ce90aa32
29fecef6-da31-4ecb-82d6-ae7264c74162,63f76d5a,2025-05-31,2025-06-01,Approach American record figure.,F002,Laboratory,5508cd7e
0a253a82-59a1-4905-af4d-964f11baa288,54e3dedd,2025-05-22,2025-05-25,Protect idea school clearly when.,F001,Laboratory,2979592c
7f15e93f-83d0-4755-a795-190c6c57597d,c9ef5bd2,2025-05-28,2025-05-30,After wonder detail.,F001,ICU,21ee907c
9ff7aa0c-92a6-442d-8586-865e42f44ef0,3eea00dc,2025-05-27,2025-05-30,Exactly commercial tax.,F004,Outpatient,78ac37e7
160c3ced-dd4d-4453-8be2-b70f87c717c4,cae04a20,2025-05-22,2025-05-24,Deep add against.,F003,Laboratory,3a1b9523
cce1bff2-783d-4e52-b265-20239609fb61,dae71067,2025-05-26,2025-05-31,Fact necessary pick program.,F004,Inpatient,610536a5
6ac54663-4b87-4e7b-badd-b4957be528b1,017b75fb,2025-05-22,2025-05-24,Position place left.,F003,Laboratory,c48c7329
08702986-f3a8-4d38-a13d-6519a86c6341,3642e791,2025-05-24,2025-05-26,Different direction listen.,F003,Radiology,bc68f301
397be0b7-5cd0-4a0b-b971-3968b098e9a2,19428ddc,2025-05-25,2025-05-26,Administration various from.,F004,Inpatient,be9295ed
7069bcd8-380e-4956-9eb3-48109c24d68a,7d0861a3,2025-05-28,2025-06-01,Choice peace agent.,F003,Radiology,54a49ad7
2378ca69-5fb3-43bd-b6c1-5baef34295ad,71a25314,2025-05-24,2025-05-29,Indeed commercial that.,F003,Inpatient,35432439
6d5f0c21-c1cb-433c-b844-0b64271ea9f7,b745dc5c,2025-05-23,2025-05-25,Tree concern everyone serious fish.,F003,Laboratory,07534144
87c8b1c9-3586-45ca-8c3a-7b5737775639,a5b0ed73,2025-05-25,2025-05-29,Glass more water.,F001,Laboratory,b4b76e79
6731a508-715d-4ac7-8260-2ebe0b6555e4,bc3f02b4,2025-05-24,2025-05-26,Some audience seat.,F003,Radiology,ce7167c8
0ef207ef-f32f-4d1d-81f6-b0a2eca85ada,c168e157,2025-05-24,2025-05-25,Democratic about he in.,F003,Laboratory,291374f3
5576edd7-d7c6-45fa-8264-94ac0b4871ae,ba07e8a6,2025-05-27,2025-06-01,This goal art.,F004,ICU,2979592c
bab63039-2a28-4496-8d1f-0ddb0509a819,57b9c9e9,2025-05-24,2025-05-27,Take environmental candidate and picture.,F003,ICU,c2579566
de8989ae-a08c-4808-b741-ee1c27fc9f96,721cfde6,2025-05-24,2025-05-29,Including truth left range.,F002,Pharmacy,c9786e9a
babf34db-0bdb-4b52-ac55-b8aa59715fe4,7611af26,2025-05-31,2025-05-31,Degree system entire foreign truth half.,F002,ICU,1af9a3ab
164f3490-840c-4214-bfac-8e89c0d8c6ba,64d0afbd,2025-05-29,2025-06-02,Face allow lot.,F002,Radiology,14e5712a
9d97b8d2-85b8-413d-9a74-07d3ac53197b,da758d89,2025-05-24,2025-05-26,Figure professional put.,F002,Pharmacy,87f32d17
601ec579-0fab-4041-890e-ed76c391fd63,23a61bc3,2025-05-23,2025-05-28,Significant price long.,F004,Laboratory,06aeca16
5740fde5-8c3a-485f-8f75-e4ced8be988f,ece5ff9a,2025-05-26,2025-05-26,Final education population phone year soon.,F002,Laboratory,b1ee75c7
9b3334a7-bc7c-49e0-8d1b-30f8ed2394de,957e3b4c,2025-05-29,2025-05-29,Cost argue contain she.,F004,Laboratory,1b4e7034
30624063-df0f-4b46-9ab4-8c6f7cdaf444,063ca0c1,2025-05-23,2025-05-24,Wish television relationship.,F001,Outpatient,739a8b99
0d6f2358-8953-44cf-a0a4-045ad28dbc11,5fc8dbf5,2025-05-31,2025-06-01,Day change maybe necessary control decision.,F002,Emergency,34934958
7177770a-5e5d-4cc4-8915-6639aedff8a2,4df38db4,2025-05-28,2025-05-28,Expert piece future yes act.,F004,Pharmacy,c2579566
5bedc416-c7d0-4829-9053-a9e0a938d5ea,63f69ed4,2025-05-31,2025-06-01,Single yard suggest official brother through.,F003,Outpatient,6af29df1
db8cae94-26a8-4505-a498-4c2c77881475,14dadcc9,2025-05-22,2025-05-26,Certain production share this alone.,F002,Radiology,528c6f53
203d373d-eb21-41ec-8520-4e0ca6930096,b2dca21f,2025-05-21,2025-05-25,Light stock only career.,F002,Radiology,c0ef486d
73560255-96ad-45d7-9cbf-dc81b1478627,63263266,2025-05-28,2025-05-29,Star opportunity use resource face.,F003,Laboratory,b00cefca
8a00b16d-3190-4f58-9d37-f10e2a79b081,98c16ca5,2025-05-28,2025-06-01,Accept arrive anything price officer might.,F002,Emergency,24eec49c
6ec51ecc-fa16-4cfd-b27d-08514ee76199,efe17e42,2025-05-26,2025-05-28,More themselves product kitchen so likely.,F004,Outpatient,03e567d9
5c0bb30a-93b7-4c08-9918-ba2ad66a061c,2eb89aec,2025-05-30,2025-06-02,Scientist the would build surface organization.,F004,ICU,317c27b1
fa7e952c-3320-4b4c-8848-1960d4454a78,501e6d0b,2025-05-31,2025-06-03,Although trial lose away modern hard.,F004,Inpatient,fcdd5bed
738a9b2f-9f9f-4a8f-93a7-dc6174efdc1b,448b3edb,2025-05-21,2025-05-21,Energy section again really paper between.,F003,Outpatient,23f46d78
b90e0192-0e10-4b53-ad50-d0352ccba94e,c8efbd24,2025-05-21,2025-05-24,Form star certain.,F003,Outpatient,3dfd8091
d6a5cd1c-39cc-44ac-83e8-7413b6216694,ba07e8a6,2025-05-27,2025-05-27,Relationship president child baby agreement.,F002,ICU,b00e3c08
cb74146c-7c9e-485a-a6c1-95f79b049a3d,4b7f7cd0,2025-05-28,2025-05-30,Tree sister bank.,F003,Laboratory,786f217c
89f600d0-905e-41a2-b69b-e1cc7816314a,f32df77d,2025-05-21,2025-05-22,Project mention likely.,F003,Radiology,83ae4f35
7c748052-64d4-4b1c-8f2d-ab3d1bb7bdc7,c3eec10e,2025-05-29,2025-05-30,Soldier just drug sort population.,F003,Laboratory,61d61078
80255c8a-45fd-4510-b56c-222a83d5dc88,9b41c0b9,2025-05-29,2025-06-03,Thus health center throughout effort however.,F001,ICU,61ba5f77
a98385dd-cc6a-49d0-ae78-6aa2ff907a30,e84d0b4e,2025-05-27,2025-06-01,Purpose exactly ability.,F003,Laboratory,81781edb
b85e72a8-8653-4899-b64b-2767fed838b0,230a1f96,2025-05-27,2025-05-29,Remember attention investment.,F001,Inpatient,9b9ff26c
4df970a8-0cfd-4756-b2cf-969d96ea2172,fa36919a,2025-05-27,2025-06-01,Level structure commercial.,F002,Laboratory,c2adba2f
f979bac7-bcc7-49a6-a9bb-85756784a284,4abc069e,2025-05-27,2025-05-31,View up bar food.,F003,Emergency,fa5d2370
f7f9bd21-06cb-4687-a209-1347de2336ca,95383db1,2025-05-24,2025-05-24,Question factor pull heart leave.,F001,Inpatient,aa32da60
cac97599-ed18-4a13-97e1-02ae93f51b27,fed614c9,2025-05-28,2025-05-30,Meet various season group grow.,F003,Emergency,a089762f
cd88798d-555b-4757-aa84-4e089df24270,70d096ac,2025-05-22,2025-05-24,Indeed view give.,F002,ICU,06aeca16
63674fd3-575a-47bd-8840-728fb20bb782,4040d3ad,2025-05-25,2025-05-26,Hard red machine.,F002,Emergency,9532e085
d19cc04d-ef59-42b1-9982-52aa39630e9c,dae71067,2025-05-22,2025-05-24,Investment different some available capital whom.,F002,ICU,8f209868
14cef2a6-4fab-4e58-943a-e4bf0da1aa1d,74dbfa54,2025-05-21,2025-05-25,Knowledge wide model film order bed.,F001,ICU,db348e1f
ce5133ee-a915-468d-878c-4fe1aed44ae7,199c66e9,2025-05-22,2025-05-23,Pretty your again same.,F003,ICU,530fa6ef
c765f5f8-7ea0-4918-8893-17be611d0293,4b7f7cd0,2025-05-30,2025-06-02,Ok near baby.,F001,Emergency,2491e187
e1692654-8dbd-4c61-a3bf-164c90b51fb2,fe0a497b,2025-05-27,2025-06-01,Growth allow participant civil identify because.,F003,Laboratory,b1ee75c7
83f260a4-bd0c-4a27-a508-03e6b0b2c6b5,a427c3d4,2025-05-28,2025-05-29,Price almost actually change.,F001,Laboratory,8c6a147a
b1c47211-79a6-4517-9899-b7a2c120a4a9,da758d89,2025-05-25,2025-05-27,Meeting ground capital us.,F004,ICU,9532e085
c17b9aed-8b86-439c-94b1-f6f96da5a11f,98c16ca5,2025-05-22,2025-05-26,Buy southern if talk social may.,F003,Laboratory,d8631b3e
1e9786f2-5d8f-4edb-a71a-253a9f1fba14,9cf8ff0e,2025-05-28,2025-05-31,Ahead cover manager.,F001,Pharmacy,3504895c
229a26a5-bb09-4992-92b7-e4f436d38a19,d0e64211,2025-05-27,2025-05-28,Interesting modern your save situation.,F001,Inpatient,f873be88
8e0d396e-5067-473f-817d-87761cc65435,0fe8c8d5,2025-05-31,2025-06-02,Outside executive themselves.,F001,Emergency,13859e2b
9c9f43e1-a079-4803-ac63-ade994876523,fa9fae28,2025-05-28,2025-05-29,Section difficult glass.,F003,Emergency,7a4d2667
ecd768cf-3b94-4ce9-9ca9-41499da0ba2f,09f18508,2025-05-22,2025-05-26,Work line western.,F002,Inpatient,ec92ac54
a34504e2-6ed4-4b41-a2e0-c8d4fdfba487,5ff85bd8,2025-05-24,2025-05-27,Theory administration ability short option near.,F001,Inpatient,175d3bea
07bf627d-511b-4e9e-b30a-76ccb8763f53,7398571b,2025-05-31,2025-06-02,Art other outside against sit.,F002,Outpatient,175d0378
3a185a2e-4c01-44ce-9774-b6fd717e58e4,67deb072,2025-05-22,2025-05-27,Top trip place growth never.,F002,Emergency,ce90aa32
db7c2f25-2eb1-496c-bfcd-b9da14f0acac,76d92951,2025-05-28,2025-06-02,Evidence past local garden direction human.,F001,Radiology,246161a3
104983d8-95f4-4e39-8f9c-6051f290f0b9,b459332c,2025-05-29,2025-06-03,Prepare act you.,F003,Inpatient,6c48ea9d
f92ffdc7-e60e-4ef0-bf54-00c6b0c475c7,42ad78c3,2025-05-22,2025-05-23,Weight my than anything fire even.,F003,ICU,842dbc9e
e49a007b-361f-41a7-99c2-0149f176c3d9,a4edd845,2025-05-22,2025-05-24,Most culture rule wonder just.,F004,Pharmacy,9fe68e4a
1f4bfcc4-c5d2-4002-8e98-ecfcc0b9f2ca,fca24bab,2025-05-25,2025-05-27,Although identify wonder.,F004,Laboratory,a089762f
4322f778-792d-4606-813e-2172a2bccfd1,70d096ac,2025-05-29,2025-06-01,Argue describe pattern compare do chair.,F004,Emergency,d82cec6e
607e0536-b2b0-4a22-8fb8-b5b5dff069d5,660fd888,2025-05-30,2025-05-31,Lose entire little reveal use.,F004,ICU,470a066c
02e41d02-5d1b-4d20-a71f-4e5678ee3a7b,40ffcb57,2025-05-31,2025-06-01,Easy leader work service.,F004,Emergency,d77774d7
1002716b-2997-4395-a942-f5e4b23b7e58,4df38db4,2025-05-23,2025-05-28,Certain itself area dark.,F001,Laboratory,5d955e93
26a999b0-cf8e-44a8-84fb-45260540cbae,093a3d8e,2025-05-21,2025-05-23,Boy experience every seven professional effect.,F004,Inpatient,cb42a235
2b4ba95e-5382-44d4-90c0-009a88107373,8e7b7bd0,2025-05-21,2025-05-25,Spend ahead thank evening any discuss.,F002,ICU,6420bd49
e8491593-067e-4a95-b6f0-cb2725406e3d,df260524,2025-05-29,2025-05-31,Grow control front six glass share.,F004,Laboratory,ec8a72cf
77a4d834-8a2a-484f-8180-b705c0e81b44,1b25062c,2025-05-24,2025-05-29,Often full center before too officer.,F004,Inpatient,3e27c20b
6f5a0a1c-b9b0-4e34-b65d-6d024bbd17aa,74e1b3fc,2025-05-28,2025-05-30,Yeah skin security.,F004,Outpatient,406aeec4
1c6f2c82-8d55-4262-86f8-3b16e11aef69,43a85298,2025-05-24,2025-05-27,Others treatment state social establish reduce.,F002,Laboratory,ad3d438b
cbcdc744-e229-4dd4-8319-d27fd57c1744,f60e4efa,2025-05-31,2025-06-03,Small nature remain style color.,F003,Laboratory,8a096a35
334a6484-67a2-42f8-a461-5da8b669117c,1018b917,2025-05-24,2025-05-24,Action name concern interest.,F003,Emergency,550e92ab
cd89f704-f9f4-47c8-9986-77ea4ddd21b4,e4bc986e,2025-05-21,2025-05-23,Draw meet available area standard happy.,F003,Emergency,ce90aa32
7efa9d57-ea3c-48e0-9176-f64a82213375,cbcf3bf3,2025-05-28,2025-06-02,Person of increase turn.,F002,Pharmacy,b694870c
cb68762b-a37d-490b-a75d-1bdc3abfd971,9cf8ff0e,2025-05-24,2025-05-28,Wife hotel degree recently line.,F002,Laboratory,616b3f25
e11bf6c8-b2d8-4389-9fee-dbcd005b296b,df260524,2025-05-31,2025-06-02,Item work type court sure.,F003,Radiology,3c2ce6a9
4a0fd446-72f1-45b1-99d6-45826e0eaaed,491ac4d6,2025-05-23,2025-05-25,Brother central talk.,F004,Inpatient,b694870c
d85643a2-feee-47b0-a89d-46ed3cd97094,6c4e8348,2025-05-28,2025-05-30,Affect piece ago.,F001,ICU,20b1cf10
6122672f-09b6-423c-9d6f-046bc3bc794e,4a393074,2025-05-29,2025-06-01,Attorney physical wish sit increase.,F002,Pharmacy,064a05b7
493532a9-af6e-43f8-9211-21a5806ce5dd,0c46bf0a,2025-05-24,2025-05-25,Front girl manager husband.,F003,Outpatient,9532e085
6a2361b8-6039-4e6d-a128-d0606ed342a0,1791490a,2025-05-26,2025-05-26,A sister sign above.,F003,Radiology,0bf7fefa
28b3bc27-2a1e-4dcd-b81e-538b23ec997a,16b5e7a1,2025-05-21,2025-05-22,Join image knowledge.,F001,ICU,3d06be0e
75b94feb-23d1-42e0-acca-bb499842e9ec,64d0afbd,2025-05-30,2025-05-31,Interest rest benefit pressure my.,F004,Outpatient,4f0e33c9
ca67f30e-4757-4d26-a4fb-31cf58858c63,0c46bf0a,2025-05-23,2025-05-28,Ok yes industry our expert be.,F002,Outpatient,7de9ca0b
8a5e1de3-599c-4a39-b113-c28febd63038,fec557c9,2025-05-29,2025-05-31,Half those hope hundred.,F003,Radiology,3504895c
213df688-880f-46cd-8679-9eba4a46c472,0d1af999,2025-05-30,2025-05-30,Record word size lay wind country.,F001,ICU,141c9ca8
e2e3fbeb-b276-4381-aef2-710d1ff161a6,8e7b7bd0,2025-05-26,2025-05-28,Argue wait establish commercial at throw.,F002,ICU,979e6fa0
9c1ec2dc-de9b-455a-898e-16a27f9f9c66,7f14b056,2025-05-25,2025-05-28,Money space how itself doctor southern.,F002,Outpatient,07534144
b3b7584f-3fea-4718-9ed8-69ec1d452768,3eea00dc,2025-05-28,2025-06-01,Notice agree least partner.,F001,ICU,db348e1f
3dec1a67-c437-48ae-b1e4-8b3db57024db,57bd9c0e,2025-05-27,2025-05-27,Tough international condition.,F002,Radiology,175c0444
73660e67-fa52-4e24-af26-274b272dcadf,9eb4c33b,2025-05-27,2025-05-31,Admit idea property itself conference.,F003,Laboratory,ac1b244f
6b350396-44d1-4ee7-bc8b-a13b6b613082,957e3b4c,2025-05-31,2025-06-03,Or through job.,F002,ICU,f61e672c
f9175d58-3245-411c-bc0c-a2a1db8f563a,2af4f47c,2025-05-22,2025-05-22,Strong receive million event political.,F001,Inpatient,a7717de7
acc96052-db6c-4fa9-a066-6f645a0acfc9,62bc6927,2025-05-28,2025-05-28,Baby window happy establish model whatever.,F003,Radiology,adc7843f
29f8339b-90e4-4bf1-9514-f53c04b02ca2,246f66b4,2025-05-21,2025-05-22,Easy spring heart above.,F004,Laboratory,1cc9610f
a6fadabc-7ca6-4767-838b-ca4d083241f7,e97b16f9,2025-05-26,2025-05-29,Relate foreign open already.,F004,Laboratory,037e4ffa
91c71624-7e16-43e4-84c7-2b6e7d1ad043,19573c87,2025-05-25,2025-05-29,Explain turn end young study.,F002,Laboratory,838261a0
7c4f86f5-9e41-4167-9e2d-2cf3c37dbc10,7368c6df,2025-05-22,2025-05-22,During hair knowledge feeling shoulder.,F002,Emergency,7a4d2667
a35063b4-b8cf-4c7b-8007-6d884e8229dd,10258b8d,2025-05-29,2025-06-01,Mrs could vote smile future.,F001,Laboratory,52a59e9b
fe6370c3-3032-4cf2-8017-b607127b747b,721cfde6,2025-05-24,2025-05-28,Fast reduce include behavior choose.,F003,Laboratory,c9da2e0a
eaceb7d1-f131-419b-b560-42fc7d400873,abbbc42d,2025-05-21,2025-05-23,Them author at.,F002,Radiology,64b37308
13dde2ea-5673-497f-b889-5f07b2b66175,a637ff16,2025-05-27,2025-05-30,Role role development imagine arrive.,F002,Outpatient,3893e1d8
ae5c2a04-0724-409c-ba3d-54f8b2965870,a7d035ad,2025-05-31,2025-06-05,She speak good.,F004,Radiology,d77774d7
75d4f3df-583b-4e17-ab8e-524e6b1b3666,85eb92a8,2025-05-25,2025-05-29,Expect discuss land.,F004,ICU,e0b79eb9
cf6e1d36-eaca-42c7-8424-a8e370be065c,6b1a682f,2025-05-28,2025-05-31,Rate us recognize Republican push.,F002,Inpatient,a9adfe84
de5ae8e3-8fcf-409e-ba88-a959fa8bd525,cb3ac8b0,2025-05-26,2025-05-28,Bag similar how artist summer.,F001,ICU,550e92ab
9cb4a01a-5822-471c-a306-0e4db7d9fb99,b678e170,2025-05-21,2025-05-24,Family avoid reach perhaps four.,F003,Emergency,0dcfbe3e
538a6bf0-15f1-4cf3-a285-78c8432051bd,5ff85bd8,2025-05-23,2025-05-27,Lay us character put by natural.,F002,Inpatient,2966a7ce
271b8e89-fcf3-484a-9bdd-f750d51117b1,e51595ff,2025-05-28,2025-05-30,Food religious wonder attack section.,F002,Inpatient,53d23f4e
917823cd-0642-44e1-a000-e21c92fc14c7,cf05bb48,2025-05-24,2025-05-26,Write travel each act lot evening.,F003,Emergency,f9e728e9
e6174c58-cd7d-4e94-ba46-3bf3ba0ee0b2,c3c535ee,2025-05-26,2025-05-30,Service side dark themselves.,F004,Inpatient,e330396d
25ec1063-3452-4937-9c7d-e258cdd38c40,df260524,2025-05-23,2025-05-25,Own walk start.,F002,Outpatient,39dbd30b
cd9b7531-a3f2-4245-8aee-7e0b3a86638b,ff5cec53,2025-05-31,2025-06-05,Approach sort article.,F004,Outpatient,5f6d8b65
0570e964-70b7-4e86-8029-5ca6fe702ead,3944fa45,2025-05-24,2025-05-25,Building similar after ability.,F003,Laboratory,753f8097
43018e80-cdbb-44ca-854b-5b3a26e98815,0479e910,2025-05-23,2025-05-24,Arm set article benefit pass analysis.,F003,Laboratory,835fea6a
eb9855ce-ebbc-4487-bdfc-3d6f93fc3c1b,5ed13536,2025-05-28,2025-06-01,Particularly team minute nature.,F004,Emergency,b97e4374
a1bee8fe-ddc9-43d6-9c60-06c9f06eda9e,084c8e54,2025-05-24,2025-05-27,Sport see truth future past.,F002,Inpatient,b05b1b41
ff09ec3d-3e45-420c-9c0e-02f2136a7903,e3f7a11c,2025-05-22,2025-05-22,Plan shoulder wife which.,F002,Laboratory,e4f1b6b6
babd194d-2156-461f-acb8-e906a3b510fd,355f5b03,2025-05-27,2025-05-29,Operation on again.,F002,ICU,4040d5f7
84d28b09-29a0-45af-b876-1c3f373c36e9,f8f42b50,2025-05-23,2025-05-28,Sell use very reach marriage.,F001,Inpatient,c063e05d
3581fbd0-a681-4799-8fb3-ec92418a7a8a,42c3ccf4,2025-05-21,2025-05-24,Everyone leg free drug one.,F003,Emergency,8b1c7c59
1d8c9593-c5e5-4341-a5e5-5cf2b71882f7,06e69e30,2025-05-26,2025-05-31,Tree themselves involve court.,F002,Radiology,f995f022
b508518f-fbfb-4f8a-9900-4761266d1acd,93124c5a,2025-05-25,2025-05-25,Finish the officer easy safe government.,F001,Inpatient,f9fc88fa
c33d782f-ca33-4ed2-b9e7-a441d0e27252,0d49b5dd,2025-05-29,2025-06-01,Any traditional job.,F003,Laboratory,8b98d7e7
3d7cd23d-c1b5-43c6-8155-a7eb2541eb51,9b41c0b9,2025-05-24,2025-05-26,Successful crime stuff provide.,F004,ICU,acd32da9
41b99b13-ffd3-460b-953b-15214af76c1f,06e69e30,2025-05-31,2025-05-31,Real charge act sure.,F001,ICU,037e4ffa
26f5c920-f442-4b3d-8ca2-43292580c362,98c16ca5,2025-05-21,2025-05-22,Find turn foot involve.,F004,Outpatient,fcdd5bed
5a447032-72dd-4d90-acc4-5eb94fa8bf9e,b678e170,2025-05-23,2025-05-24,Former provide thank way.,F001,Laboratory,8376bd7d
a922b55b-0025-41a1-a230-696142e9d299,3eea00dc,2025-05-23,2025-05-26,Note beyond way water fish.,F002,Radiology,3d06be0e
0f8e5630-54d0-45e7-a21d-37bb626ccd7c,873f2616,2025-05-25,2025-05-30,Focus people analysis he.,F004,Emergency,1a95b987
9b23cf7d-9e1e-4b47-b476-da7cf05bae7d,40ffcb57,2025-05-22,2025-05-25,Four yes hot station simple must.,F003,Pharmacy,425fb3a6
4b3b04bc-5e20-42c1-8351-7657cdc60c19,356e2c04,2025-05-28,2025-05-30,Keep father no.,F004,ICU,c48c7329
027ef85e-3499-456c-a1f5-9a7ba0928357,7b5a0aa4,2025-05-22,2025-05-23,Key mind speech they report bad.,F004,Outpatient,c96e586c
98d24eb7-9468-4ac4-99b0-fc45a22c30c7,cf05bb48,2025-05-31,2025-06-01,Sometimes people involve him.,F001,Outpatient,bf603b91
6256cc8d-b924-4599-84e3-2e56bb76cf85,dc704f29,2025-05-29,2025-06-03,Involve attorney medical serve office certain.,F002,Inpatient,cfd79a8f
9c402104-e83f-4f43-aa9b-a45e1ff6d598,ece5ff9a,2025-05-31,2025-06-02,The your decade must Mrs win.,F002,ICU,72d61f91
a177b577-45ae-45aa-b592-c5a281bcbe44,e3f7a11c,2025-05-29,2025-05-29,Start lead prepare.,F001,ICU,0bf7fefa
213a357f-c96b-4926-a018-8a8a72bcef1b,29836a49,2025-05-29,2025-05-29,Health democratic book any rather budget.,F002,Emergency,c5d16cc2
139723c9-431c-43cf-976d-69790d6fee82,5a7d010f,2025-05-31,2025-06-02,Upon society door seek common challenge.,F003,Inpatient,30d1cfc9
32cf0781-9f84-41c6-a4c1-6a4c77a6fbbf,57b9c9e9,2025-05-28,2025-05-30,Treat gas everybody green.,F002,ICU,b23892a2
867b37e4-45d5-469d-bccb-09d59188dc43,a5b859fb,2025-05-29,2025-06-02,Grow despite piece within gas.,F004,Laboratory,5191053f
c749283c-01be-497b-b9e4-2970b009cef2,3e668ee0,2025-05-31,2025-06-01,Crime mother on.,F002,ICU,d2d740c3
41619442-07f3-48ab-811b-f44199f2ede5,fd8dcb7c,2025-05-31,2025-06-04,Nature tough letter fact indeed.,F002,ICU,d7e791b3
26e00b5d-af71-4575-bbfd-64971e4969b3,5ed13536,2025-05-23,2025-05-27,War big speech thank across.,F004,Radiology,037e4ffa
19776bc4-4a20-49ea-85ed-2547e8c0715b,4df38db4,2025-05-22,2025-05-26,Sign together everything.,F004,Outpatient,b10a04ff
d7e383c5-0f47-403e-9ba1-bbe979702ea5,2290d4ea,2025-05-31,2025-06-02,Reflect white himself interesting.,F004,Laboratory,294a8eba
6101b729-f7ac-4432-88d4-0d605dcaf6b1,6dccc191,2025-05-31,2025-06-05,Standard matter almost.,F003,Radiology,85065aea
7b87ff94-b437-4d07-a12d-3e224ac48607,a4f55722,2025-05-24,2025-05-29,Team while all direction under.,F001,Pharmacy,35432439
87f1f77f-cc40-40f3-a8ac-c9f3a82a5f05,b60b29de,2025-05-27,2025-05-31,Draw expect push.,F003,Outpatient,2f8c36c5
a0cbd381-2fc5-4892-8144-d91529af55bb,3eea00dc,2025-05-29,2025-06-03,Season while own sometimes.,F001,Pharmacy,cb42a235
91d55796-bc7c-47d3-9dd0-5e214abd3a46,830ea087,2025-05-24,2025-05-26,However yet at mean determine behavior consider.,F004,ICU,8f8b31bf
75522e82-fa6b-48df-b6e1-d0bd9e18126e,7cad1066,2025-05-25,2025-05-27,Whom be child ready hot.,F002,Inpatient,786f217c
fdc826fc-7223-4b8e-8799-c8883fddcb3a,4ab4649d,2025-05-29,2025-05-31,Tree night third present.,F003,Outpatient,e7228605
e23f8c41-9de8-4a1b-848e-ab54bae50f35,3e2cf2dc,2025-05-30,2025-05-31,Mean prevent worry probably family place his.,F002,Emergency,8f209868
7903d88a-4623-488f-8d7c-460b5fdbfe50,448b3edb,2025-05-25,2025-05-30,Wind two bad factor know one.,F003,Emergency,b4651004
4a503e69-1a2e-4439-a115-b12c02ad1ee4,1004b8b5,2025-05-30,2025-06-02,Recent compare understand decide music surface.,F001,Radiology,b0995163
24cf1fab-cf96-4fcc-87b1-8c7ca928d3b2,cae04a20,2025-05-23,2025-05-25,Spend down use probably town thank.,F003,Outpatient,638a52c2
51019f46-7c5e-46a8-8aaf-76a04ff36c34,642cecba,2025-05-24,2025-05-25,Top sell yourself.,F004,Inpatient,838261a0
1c79ea7a-b35e-45a8-a7e1-725348f2758a,12b7cca3,2025-05-29,2025-06-01,Describe of reduce team wish.,F001,Outpatient,a613ac91
f535a01a-73f1-4b86-abe1-f38f449ce3b6,d1b724f7,2025-05-30,2025-05-30,Six need street.,F001,Radiology,1ee64f05
1244be8f-7e3a-48a8-b318-c41afd890095,23e2af71,2025-05-22,2025-05-25,Space Mr interview order authority water.,F001,Inpatient,1168220b
f745a522-c282-4407-8746-c6e317143e61,b2cd24b5,2025-05-23,2025-05-25,Pay threat everybody current four product.,F003,ICU,406aeec4
11d0cf8e-83aa-44d0-a74e-0f223e212095,36e7e5a2,2025-05-23,2025-05-28,Bill industry watch.,F001,Pharmacy,c922e807
3a4515a2-b7f3-4fb8-90d3-15bb83fe4f25,58dffca0,2025-05-28,2025-05-28,Pass suffer large question friend among.,F003,ICU,cfff8ff7
92e9a6b8-657d-4e0c-801d-288a50335c54,fb6fa888,2025-05-27,2025-06-01,Person somebody family.,F003,Radiology,de80d3c1
acf0690e-2180-487d-8acc-cc659c3142c5,a427c3d4,2025-05-28,2025-05-28,During game nature prove threat.,F003,Laboratory,7bb1a690
8ec392d1-e217-4960-ba57-baf19628c54c,2b9e1e65,2025-05-29,2025-05-31,Only bank imagine physical deal attack.,F003,Radiology,c97fbc15
009d0d58-7a07-474f-b0e6-d81ad690a78f,dc704f29,2025-05-23,2025-05-26,Traditional well against put.,F001,Outpatient,c5b81ce5
e71d7dd4-db32-4b68-84ae-d6fe9192f035,52379df1,2025-05-24,2025-05-28,Reduce organization military east.,F004,ICU,048e68cb
4568e8b2-67fb-401d-a849-e2e05bee2faa,3b933225,2025-05-24,2025-05-25,Training here wish today hand us.,F001,Inpatient,68fca58a
922329ed-981f-4efe-8d65-6336dc2d415e,c168e157,2025-05-26,2025-05-27,Whole may even himself college bag.,F004,Emergency,d273fa61
ec63352e-e3ea-4398-a05c-3b93f7dcf0a1,62bc6927,2025-05-26,2025-05-26,View million month well in.,F002,Radiology,f79afb02
045a73d1-22e0-42ef-a65b-165004d55596,1704a954,2025-05-21,2025-05-22,To side her.,F002,Pharmacy,bc512613
d37a4457-c00f-4169-b659-2becf17c5f8b,6b1a682f,2025-05-26,2025-05-30,Baby dinner glass simply.,F003,Pharmacy,7de9ca0b
eff9cb55-b9c6-4bde-9241-d0d67b1a80dc,6c9475a6,2025-05-25,2025-05-25,Conference something nor structure hotel.,F001,Inpatient,cc1fff4b
c6e8271a-bf33-4227-b815-fd7105247736,d8d59d37,2025-05-25,2025-05-26,Reason worry thing new interest question.,F002,Emergency,0ac57949
95f62bcc-fcd3-45bf-8c75-d044539a286c,5ee448d1,2025-05-22,2025-05-25,Magazine deep treat.,F004,ICU,ec8a72cf
34d4da47-bafe-47f1-950e-5e46d4f469a4,77992a8b,2025-05-23,2025-05-28,Participant want explain whose prevent could.,F003,Laboratory,9a01cfce
13da051d-3c29-4ffe-a602-1bc31dd5e081,42c3ccf4,2025-05-30,2025-05-31,Why maybe save professional would.,F002,ICU,c0fcb643
b5ba16dd-e6f9-4c6a-a0ed-3ec4ce621b80,1704a954,2025-05-25,2025-05-26,Team place throughout.,F004,Emergency,13ef9343
9a1eddf1-c179-4a18-9cc1-98937bbe6893,afc2d3d3,2025-05-31,2025-05-31,Where public buy.,F002,Emergency,db1200c4
dd677c3c-abca-4171-bd5d-201e44485615,f32df77d,2025-05-27,2025-05-28,Heart result shoulder carry spring and.,F002,Inpatient,fad20604
ff1d96bb-9a63-49b6-b24a-25c27968d948,ce27ea1b,2025-05-22,2025-05-22,Kid great eye kind sound.,F001,Outpatient,fa5d2370
9278ee8d-b0f4-46f1-982f-e391b22e6620,37149143,2025-05-29,2025-06-03,Ability hear bill mind.,F003,Inpatient,8c8e4de4
9847a46e-ee81-405c-a3c0-f30437ec6b8f,75b3001e,2025-05-25,2025-05-25,Instead organization throughout individual couple mission.,F004,Laboratory,72f65d78
5a3ed55f-16f4-4180-ac77-53e155f1956a,a6e38479,2025-05-23,2025-05-24,Matter difficult left.,F002,Outpatient,192ab39a
9f293702-7f79-41c5-b46f-6e3fb0229d85,246f66b4,2025-05-28,2025-06-01,No budget onto turn.,F002,Inpatient,de2a35b9
ba7486bf-c9f2-441e-8846-3e7d9cc04086,05eaaa42,2025-05-24,2025-05-25,Treatment support interesting.,F002,Inpatient,9c70b179
645f8000-c6eb-4457-9525-788f57d3cb4d,57b9c9e9,2025-05-29,2025-06-03,Network minute money line many.,F001,Inpatient,29d8d3ca
b1dd10c9-90e7-4893-a0f7-a2038d716dcd,00b877a7,2025-05-30,2025-06-02,Include share by tough.,F003,Laboratory,70aac74c
bca71e50-dbfd-4d39-a569-cd4607934080,ae8bc27d,2025-05-31,2025-06-05,Guy option mission land increase.,F003,Emergency,32777cbd
89e5ce38-ee78-4f60-94cc-f039bc530191,3654df0c,2025-05-30,2025-06-02,Marriage evidence professor focus animal pull.,F004,Laboratory,e7228605
9c431ff4-9c64-4a58-9801-23ef0bb9b774,2fa51884,2025-05-26,2025-05-26,Current collection wish season property.,F004,Inpatient,cb3684ba
f48c965e-f557-4981-abab-f76b08e0f8ea,37de6468,2025-05-28,2025-05-31,He manager citizen.,F003,Emergency,8175c6cb
596f4ae0-48c6-414c-bf16-9d4c07da7bbc,4040d3ad,2025-05-24,2025-05-28,Option agreement yard president establish where.,F004,Radiology,1c829f64
90416bbc-a521-4cf1-b17c-2f6d80db8b38,a7d035ad,2025-05-27,2025-05-27,Life international try.,F003,Inpatient,a8c1ba2f
9b296f8b-3da2-4f99-99bf-c211cc407cf4,38b52247,2025-05-23,2025-05-27,Own true beautiful foreign.,F001,Inpatient,e4877209
5ab04c36-c688-4e2c-965d-0c1b75c0d15f,2fbc3a95,2025-05-30,2025-06-03,Strong still leg glass including.,F002,Radiology,9fe68e4a
d258f249-e3db-4b48-8e75-1898dcce233e,776ac78e,2025-05-24,2025-05-29,Animal example meet area surface.,F002,Outpatient,4f96bcdd
3219c6e2-6196-42f8-94d1-ef2d16b1bb73,721cfde6,2025-05-30,2025-06-03,Interesting kitchen special discussion stand body.,F002,Inpatient,83911d17
10581d4d-921a-4706-94de-202cfc4a7928,2af4f47c,2025-05-29,2025-05-31,Then hit actually.,F002,Radiology,1168220b
335229df-898f-48ca-a38b-a6f6432f587c,d7ebe688,2025-05-21,2025-05-26,Technology social fast.,F004,Pharmacy,27caf036
121caa24-3c98-4082-829e-43fff9ec3fd0,70a44c70,2025-05-26,2025-05-26,Grow author southern.,F004,Emergency,812048de
8cb3e845-3b28-4181-a4f5-0038ebee26d0,fa36919a,2025-05-27,2025-05-29,Loss no stand.,F001,Outpatient,aaafd233
7f47d715-e110-4ef0-9da7-c0cbc84d155f,4fca79b8,2025-05-22,2025-05-24,Against under free how.,F004,ICU,3a8dbbf0
f634c2dc-2143-4fac-bb1d-f87edc224f04,0f705010,2025-05-24,2025-05-27,Sense surface arrive organization how.,F004,ICU,81bffa3e
6b160d4f-d7f2-48e5-b6f4-4b904f6ef8ee,bfaf6dae,2025-05-24,2025-05-27,Radio baby film finally probably.,F002,Laboratory,71ef42d3
486bb64e-1d52-41ca-a7bf-4925d75b0a3b,81d60538,2025-05-21,2025-05-26,Because animal have.,F001,Inpatient,e982f69c
a7b0614f-8639-4dc8-861c-32b8b8374777,0fda93fd,2025-05-29,2025-05-31,Walk newspaper phone seek attorney.,F001,Emergency,d6f39c39
6a39c0d6-696c-43d5-9008-ea685e582f36,359b6177,2025-05-27,2025-05-30,Single response member describe play worker.,F003,Pharmacy,83ae4f35
802a2c2d-428c-4370-be0e-edccc08b6e8c,c7183a39,2025-05-31,2025-06-05,Car pull statement song cut always.,F003,Radiology,a537cefc
a9c27771-075c-4229-b9dc-0b59eaaaa4aa,43a85298,2025-05-30,2025-06-04,Radio store laugh ago.,F001,Emergency,0430706f
f1ba41a4-a924-45d1-bac7-a0a11d291f31,8c2fbf70,2025-05-29,2025-05-31,Call economic step.,F002,ICU,fdd8797d
375cb994-c046-4306-b1c2-fa6976da0e26,c7345090,2025-05-24,2025-05-27,Phone woman least.,F004,Pharmacy,fc6c46f0
1e306d01-45db-439e-8f74-c93bffda1421,3b00f934,2025-05-27,2025-05-29,Where candidate look then industry dark.,F002,Pharmacy,8a5c12ce
a3bff441-fc2b-4a65-83d5-f1f8044ca4dc,e3e87228,2025-05-30,2025-05-30,Set hair add doctor data soldier.,F003,Pharmacy,5095b08e
68e4f7d3-c6bf-4669-926c-8e87f7746c3d,3808fecf,2025-05-24,2025-05-27,Likely material garden how player.,F001,Inpatient,e982f69c
867ccd52-ab7e-435c-9894-a68d81274231,933385d3,2025-05-22,2025-05-25,Loss benefit another.,F004,Pharmacy,175d0378
1746636e-9559-4fb8-9b73-1b8171750ce7,0479e910,2025-05-22,2025-05-24,Course office which next economy.,F001,ICU,e5c1f825
a38eca8f-928e-4865-afff-773d36ffccdd,a91ad029,2025-05-23,2025-05-28,Throw space scene industry.,F002,Inpatient,f9e9b9e4
50e1dc52-ee7d-4c21-8a73-5ef4c7a54b23,830ea087,2025-05-31,2025-06-05,Can ball life throw majority.,F002,Laboratory,6175c6ab
e9981559-2cd5-49f1-8e31-b1c5ad0d211b,9ee49919,2025-05-31,2025-06-04,Capital necessary front.,F004,ICU,a97f111b
4013b8fd-77f6-484f-8d4d-f64bbc77530f,501e6d0b,2025-05-28,2025-06-01,Modern once care recent population kitchen.,F002,Inpatient,5afb172f
e2c08c30-1f04-410e-9c06-6f8f82396b51,62bc6927,2025-05-25,2025-05-26,Until one each.,F004,Radiology,7fe1536f
ec613857-1ec0-42aa-abd3-ef16c46a957a,a8a20b75,2025-05-22,2025-05-22,Share some sea.,F002,Laboratory,8f3a71a4
290c06df-048c-44bc-bafd-f640fb7f2917,3eea00dc,2025-05-25,2025-05-26,Page reveal both month middle.,F002,Radiology,5bbc5706
fafd3a50-274c-4269-ab92-1428c2d1355a,89476a95,2025-05-27,2025-06-01,House board thing indeed take.,F001,ICU,fcdd5bed
2ecd9a0d-4a59-4e58-a2c7-f4896771d7eb,2959eba9,2025-05-29,2025-05-31,Sort indicate street offer finish.,F001,Pharmacy,85065aea
7ae09ea5-d2de-4132-b537-c7b5606f7b9a,95383db1,2025-05-21,2025-05-25,Forward vote build.,F003,Pharmacy,ae215d80
787136ee-8c38-4db4-ab18-c52fc50d4a4e,efe17e42,2025-05-22,2025-05-23,View whom note.,F003,Pharmacy,b0acbd21
f7379f60-166d-4e63-a09c-5ca71fafa054,fd8dcb7c,2025-05-22,2025-05-26,Act figure house.,F002,Inpatient,dec5776c
94ca527a-59bf-4003-a44a-03abb741b20d,afc0b4f8,2025-05-24,2025-05-29,Necessary second special read.,F003,Emergency,c063e05d
4c0b2d90-a87e-4e9d-9cf7-8a59999c7461,bcccb9c8,2025-05-31,2025-05-31,Executive budget task focus.,F002,Laboratory,d2d740c3
eb87dfa1-fcbf-43cc-a2c1-03b7355170e8,f79b1a8f,2025-05-28,2025-05-31,Decade bank argue fight baby box.,F001,Emergency,34934958
26a2fd3f-b18e-4d62-9916-b62af0aa47fe,9c7213eb,2025-05-27,2025-05-31,Board loss there total too box.,F001,Radiology,d565d7cf
589cd7b5-5eee-4a6b-9feb-f696158d00b9,41ee3fe0,2025-05-30,2025-05-30,Take student north include Mr financial.,F001,Inpatient,77802c3b
75dfb6c2-05aa-4e08-ba32-1de0189ca104,f16256e6,2025-05-23,2025-05-23,On act population week draw.,F001,Inpatient,17741fcc
4e719b2c-3f20-4a32-b8be-0f4c2965fa3c,60b27918,2025-05-24,2025-05-27,Former population best main of cup.,F003,Laboratory,94a9b401
e1dff78d-278a-4a85-a30d-ab4ab6cc7607,879c28c2,2025-05-31,2025-06-04,Him I support reason get.,F001,Emergency,94c6d4d3
0a6e5c16-9364-4de7-ad16-4ed2cb99838e,8ab34ddf,2025-05-29,2025-06-03,Interesting guy memory occur.,F003,Radiology,5bbc5706
7188dcee-a3d8-405f-b3f2-e0d632ebfbcc,b459332c,2025-05-27,2025-05-29,Whose seat its energy relate American.,F003,Radiology,60adf285
e3caca00-3615-4410-90d0-9166b1d74913,fcbf6008,2025-05-29,2025-05-31,Set hour eye help fast.,F004,Emergency,812048de
fc6d0f16-01ab-46d3-aa70-442f2cb862ca,51575e94,2025-05-31,2025-06-02,Hotel decision fine near.,F004,Emergency,a089762f
ce7ee875-f5f2-4b99-a52e-2e670b0873c6,37de6468,2025-05-29,2025-05-29,Between chair source morning report.,F001,Laboratory,0f466e5c
e800a1ba-90d0-4b8e-a16a-5780e17c1f9e,4df38db4,2025-05-25,2025-05-26,Deal final vote security they.,F001,Emergency,c0fcb643
efd2d1ef-f233-4f5c-aea5-4f1ca8619835,81f5c8f6,2025-05-21,2025-05-23,What water goal oil.,F001,Outpatient,979e6fa0
e465f9d0-0e9b-4bc7-b74a-5520419ea498,a7d9b94d,2025-05-31,2025-06-04,Evidence wind suggest.,F002,ICU,7db1585b
d128bee3-606b-410e-98fb-b6d1dd922834,c9ef5bd2,2025-05-21,2025-05-22,Last white woman raise.,F004,Radiology,e5c1f825
1a56af6a-3174-419b-9251-47ec5890f57f,06e69e30,2025-05-28,2025-05-28,Lead against able onto late not.,F002,Emergency,c96e586c
72c39125-e33d-4d9b-9f84-b29920bf433e,1704a954,2025-05-23,2025-05-26,Often without adult.,F001,Inpatient,b8bd0c8f
ae372cfa-475b-4f19-ac88-e55b499a4ed2,54e3dedd,2025-05-26,2025-05-27,With growth who peace drive perhaps.,F002,Inpatient,04d93292
49fdbfb3-9875-46ee-9bd9-dd65ae9fb8f0,a5145b61,2025-05-26,2025-05-28,Baby strong growth.,F003,Laboratory,a41903eb
26bd91ec-8d37-408b-80a0-4be11e577101,2eb89aec,2025-05-21,2025-05-26,Recent mission least various continue.,F001,Outpatient,717cc01a
941ec956-3142-452b-8a58-f1956d30dbc7,5a7d010f,2025-05-21,2025-05-25,Perhaps such law.,F003,Pharmacy,0cd0ed29
bddd4f01-e002-4f2a-a6c0-5253457b1b1f,698e7746,2025-05-24,2025-05-26,Still understand role Republican trip.,F003,Emergency,b63db9d7
9c41fa9e-f938-4eb5-8890-592c8996d2e1,81d60538,2025-05-28,2025-05-31,Tend our although movement very.,F001,Inpatient,8cd622f6
4eb7077b-bb9c-4ab2-8ece-574c0fdd5275,935792f2,2025-05-22,2025-05-23,Clearly decision education past.,F002,Inpatient,cbce3aa3
5fd17069-d19b-4b73-a8f1-0f0dee0c2203,2c3ab670,2025-05-25,2025-05-30,Care kitchen forward conference red health.,F002,Outpatient,ef878890
51dbab8d-7f87-4baa-97b7-bfe7ccd225db,78fb2ce5,2025-05-21,2025-05-22,Behind he trip whether.,F004,Laboratory,0b3964f1
5f673a0b-492b-4675-842b-8ee26e7db898,95965602,2025-05-25,2025-05-29,Fear cell significant reflect.,F004,Pharmacy,dc9a17c1
a0446e17-eeaf-4ef4-a745-3aa97fbd329f,87314ad7,2025-05-27,2025-05-30,By soon so brother first.,F003,ICU,acd32da9
0ca7a9d2-835a-4fa1-8456-4757d5afd5f4,b678e170,2025-05-22,2025-05-23,Year bag can baby start.,F001,ICU,aaafd233
e864599f-2784-4da2-bbcf-ec858cb0329a,2790144f,2025-05-24,2025-05-27,Arrive teach specific particular.,F004,Outpatient,1500541e
69fea9a8-479a-482c-a951-024a85210258,6dccc191,2025-05-30,2025-06-02,Hot hour quickly family interesting.,F003,Inpatient,483bba94
9bd29efb-8e80-40da-b961-83b46b9f1e77,95c8cbdd,2025-05-29,2025-06-03,Present rock same.,F002,Radiology,c7e589e0
95f95686-b1ff-469c-b58c-3fddf6bc9bd7,3f4d2b2d,2025-05-23,2025-05-28,Cell old their.,F004,Outpatient,838261a0
19cdca47-7d87-4a97-a098-a78da8746b0f,a4f55722,2025-05-22,2025-05-26,Of others push.,F003,Inpatient,3fc9dac7
f6a408f5-e1da-4cdd-986d-7719135975fa,5c3120dd,2025-05-23,2025-05-23,Product else Mr same.,F004,Radiology,0b5ec544
900d58a0-a95d-44f4-982b-34e83092d61b,3b00f934,2025-05-22,2025-05-22,Tell himself group.,F004,Pharmacy,3c2ce6a9
ba706152-bf3c-4a19-8397-06e89af827f8,f46d4811,2025-05-25,2025-05-27,Free economic without.,F002,Laboratory,bfdb84d4
4680da4c-a761-47f2-a2bd-4c2353f56fd0,79784b17,2025-05-21,2025-05-25,Modern less him police.,F003,Outpatient,af311cbd
1d7d05db-a971-4a0c-8d90-13f1f0192ea1,0fda93fd,2025-05-30,2025-06-03,Moment ask someone risk blue.,F004,Outpatient,ec92ac54
08773951-36fc-4519-9ed6-8988bb564639,6c9475a6,2025-05-24,2025-05-28,Speech method food chair.,F002,ICU,f19ef8de
e66416a0-3e3d-465a-a082-e46889c7ced5,6ddf2467,2025-05-27,2025-05-31,Poor ok room up everything coach.,F001,Radiology,fcdd5bed
fa37af6d-52cd-4e46-b207-02a731f0cdc0,ae8bc27d,2025-05-24,2025-05-25,Fall quality example worry board talk.,F004,Pharmacy,54a49ad7
9698e9b0-b30f-476b-845d-10936417d080,75b3001e,2025-05-30,2025-06-01,Quite person would.,F003,Outpatient,f0aaaf29
b3176dd7-c9d5-4208-9fc0-e86a804e3ba7,da758d89,2025-05-29,2025-06-01,Position that street.,F004,Laboratory,a775c2f5
3fe10cc2-bda4-4732-ba0c-b168fe6e64bf,87314ad7,2025-05-22,2025-05-26,Sense child body.,F001,Radiology,be4eef85
25419bbe-4db0-463c-8f0a-41f546261e59,05eaaa42,2025-05-31,2025-05-31,Blood beyond term Mrs.,F004,Pharmacy,8c6a147a
98b1bcb3-a9a7-4ee0-bc87-9475c8180e02,2ffaf406,2025-05-31,2025-05-31,Player fight determine.,F004,Radiology,e86a7cf5
836cc623-5604-4730-9f86-203bf8f9c8ef,8ec186b8,2025-05-25,2025-05-27,Throw anyone oil member whose chair.,F003,ICU,064a05b7
065aa696-6682-4211-8dce-8f56d800a75c,2a116dab,2025-05-26,2025-05-29,Opportunity east across.,F002,Pharmacy,8f8b31bf
9cbdbcb2-96f4-4966-a334-8f0478b32bda,f49543b8,2025-05-25,2025-05-29,Difficult become friend.,F003,Inpatient,bae5fdc1
c66d367d-3238-46b9-b16b-56b32dd0777c,7398571b,2025-05-31,2025-06-04,Class animal project knowledge benefit.,F002,Inpatient,64ce07d4
149780de-5fa2-4d1f-88e4-2b6a50ee91b5,2af4f47c,2025-05-24,2025-05-25,Nearly enjoy should deep role.,F004,Emergency,8f3a71a4
22d0824c-d6d3-4b80-947d-417a19a1c347,cbcf3bf3,2025-05-28,2025-06-02,Charge senior operation describe movement.,F002,ICU,e56166d5
48cef238-62e0-4c99-81bd-b8b5dc83db39,372fc5b2,2025-05-26,2025-05-26,Street myself interest agent.,F003,ICU,3504895c
06feb71b-1e6e-428f-aefa-07eb2fd309bc,c40a1521,2025-05-25,2025-05-29,Spend everything material cold.,F002,Inpatient,c612ce79
3b1694ac-c56f-4a33-b926-51c9bf4e00a0,76d92951,2025-05-27,2025-05-27,Production reduce clearly.,F004,Emergency,a657688c
f0c9b06b-9d90-4d77-b082-1f844c05db31,f295b602,2025-05-24,2025-05-24,Recognize its arm.,F002,ICU,9c70b179
36f82618-e48f-4726-9c13-e20ff073e12c,90e69a82,2025-05-24,2025-05-24,Make public phone.,F001,Pharmacy,939539cb
d2215687-c018-47d2-b928-24ed1ecd6ca0,15331a36,2025-05-31,2025-06-05,Friend fight woman order study throughout.,F003,ICU,5e53cc58
f2585a26-3dc5-48f6-a391-67148ce1b7b7,74400616,2025-05-21,2025-05-22,Operation cut produce.,F004,Laboratory,0459db70
5a444458-48dc-4b5a-9fb8-9032e5b8b70d,91f3690d,2025-05-21,2025-05-21,Nice forget important take thank.,F001,Inpatient,81bffa3e
daea0ba5-2d3b-4968-b4a6-a957f7fd7f04,fca24bab,2025-05-21,2025-05-22,Sometimes item recognize letter.,F002,Pharmacy,0b3964f1
987fc327-8a76-447e-9786-111ceeef91c5,01549e24,2025-05-22,2025-05-22,Throughout doctor rise.,F004,Laboratory,c97fbc15
967ccad8-6e08-47fb-8786-532b2f0519ac,3e024fd4,2025-05-22,2025-05-23,Three situation knowledge.,F004,Inpatient,425fb3a6
0fb84704-86c0-4102-b337-58a7b110abaa,93124c5a,2025-05-28,2025-05-30,Have structure carry.,F004,Radiology,3aba6166
900107fd-ee89-4a94-b28c-d914b6239650,42fa7f96,2025-05-23,2025-05-27,Laugh know challenge treat.,F004,Outpatient,638a52c2
efbdc2d7-1fab-4a9c-9639-d423b69cde20,89476a95,2025-05-21,2025-05-21,Reduce arrive myself.,F003,Radiology,fc6c46f0
647fefab-f97b-4738-9327-a254e14a4d29,8278591c,2025-05-30,2025-06-02,Where five in although teacher fine.,F001,Outpatient,842dbc9e
cacb75f7-d844-4bf5-933d-a60b4388e1f8,0479e910,2025-05-22,2025-05-23,Age apply fill simply which so.,F003,Outpatient,9fe68e4a
a3a9fbce-3d60-4ab7-8274-e6a8404fcb05,0e6f0fad,2025-05-26,2025-05-30,Peace campaign pay glass.,F004,Pharmacy,39e48857
8ad1b3ea-9694-4ddf-9440-bdf4bd53399b,4b2a4427,2025-05-23,2025-05-26,Modern occur method dinner tonight.,F004,Laboratory,2f07ba67
26e1310b-7e17-4be4-9294-31c9b83e5645,a6e38479,2025-05-24,2025-05-26,More activity each skill shoulder.,F003,Pharmacy,8adef60a
2a5418f9-b3e5-441f-83fe-4c48f4c043ea,f3d2e914,2025-05-21,2025-05-21,Agent building every PM land response.,F002,Pharmacy,949af53b
8b31c9c5-f1c6-459c-94b7-20560ef42a66,60b27918,2025-05-27,2025-05-29,Walk recently affect.,F002,Inpatient,3c4b746e
91ff9147-f06b-4706-beef-6b16ae44af63,501e6d0b,2025-05-21,2025-05-22,Lead kid should nation.,F002,Inpatient,4f1f7444
2b1c8d95-2df5-4ebf-97bd-7f1f78f185d1,16b5e7a1,2025-05-29,2025-06-03,Pm employee statement.,F003,ICU,96969be7
418198f1-b9ec-4896-9276-14e248182134,aadf9f48,2025-05-31,2025-06-02,Name success especially.,F001,Pharmacy,38f5422e
897696fb-5bc0-4c0d-a998-de5ed7647439,ff5cec53,2025-05-30,2025-06-01,Yes coach audience especially.,F003,Emergency,82f5ee95
