encounter_id,patient_id,admission_date,discharge_date,reason,facility_id,department_name,provider_id
57106e3a-7f23-49ca-9eab-ef49527c16eb,16251836,2025-01-31,2025-01-18,Factor level thank source.,F004,Laboratory,2b3b542e
9480282d-6980-4af5-9741-ac50bb048c44,e46c29cc,2025-05-18,2025-04-27,Decade partner think field.,F004,Inpatient,a8554c59
150bbe60-a4da-4c8e-8d47-2a42667b9187,c85ed25f,2025-04-19,2025-01-18,Late wish trip how.,F004,Radiology,fa080172
b5cd4340-5d7e-4291-94b7-e7924325fbae,9cce3b4c,2025-01-04,2025-04-07,Mind purpose sure issue several.,F004,Outpatient,4ace86cd
e55ace85-74c0-4e00-a6aa-cf47bca071e9,de0c420a,2025-02-13,2025-01-23,Fight question father night all.,F004,ICU,4b2c3e0f
2cf5ec67-46e5-4a6b-b96e-09adcf9d7734,025409f0,2025-02-26,2025-03-01,Moment money catch try.,F002,Inpatient,b3756f3c
50f03b80-3702-4a81-a42f-e6d45e1e5a93,61b40dbc,2025-03-13,2025-04-30,May sign relate pass section.,F004,Laboratory,090256a7
fffa52f1-7aa6-456f-9e99-7bfda3896332,8d5645d0,2025-05-03,2025-01-09,Federal arrive health would move she.,F004,Inpatient,498006b6
c578ccab-6927-40f5-bcca-be49c597fd11,96ad29a6,2025-05-17,2025-03-26,Party situation over want total.,F004,Outpatient,d793a51e
4a6204cf-e4e5-4c34-bd9a-f6df00477eba,4a1faeee,2025-02-02,2025-02-13,Continue century score government who.,F003,Outpatient,b9ea7c90
b5dd02e4-2b3e-453a-952f-663fb63a8630,07b81116,2025-02-22,2025-03-28,Summer education red the.,F002,Laboratory,e3077924
b5c7bbf8-cbed-4799-985d-b93a013f9f69,b93176d6,2025-04-01,2025-02-22,Husband goal instead rock.,F004,Laboratory,4a8f8166
02ffa8d0-7eed-4972-989f-039de243f581,a9328c9c,2025-05-01,2025-05-04,Citizen check impact important church.,F004,Radiology,4d8f806f
831a9752-4bd7-42cd-937b-c6d66dde2981,758fd7a2,2025-01-03,2025-01-23,Measure there energy.,F001,Inpatient,9279a7ed
6c6f8211-acf7-4001-b899-354df4f8e1c0,bcf3046d,2025-05-14,2025-02-24,Commercial administration anyone.,F004,Outpatient,9751d825
62d785d1-85f1-41c4-8a5c-8643aa016578,ef57ebe6,2025-03-18,2025-01-25,Reflect owner ask stock.,F003,Outpatient,f9f2b741
d063e1af-3f7a-4055-931c-408defb1db1f,00f2b3de,2025-02-15,2025-04-01,Soon better front water.,F002,Radiology,5f409cfe
a006843d-38c6-41c7-ac53-65111bb920ca,fefd1c79,2025-02-08,2025-03-29,Off senior explain forget agency role.,F003,ICU,616d40be
a69702c7-6a11-4f41-885a-c9d4ba64b881,1f15ce61,2025-02-07,2025-01-07,Interest door start bed.,F002,Inpatient,740a8d9a
313de4af-239f-43be-97b1-d121a56e3b1d,5f7db808,2025-04-30,2025-03-13,Eight property enjoy.,F003,Radiology,f9f2b741
fd80bdf3-62c4-4311-9b8c-dbed654436f0,cba4e0f7,2025-01-08,2025-04-30,Site total world.,F001,Outpatient,852fc996
1bedd5c3-dcde-46ff-ace4-54a2dd6e6eba,708a23be,2025-01-20,2025-04-26,Agreement southern parent certainly.,F003,Pharmacy,a8554c59
787ade14-f278-4425-9847-e0beade05278,5aa91a82,2025-01-28,2025-01-01,Tell safe surface may.,F002,Inpatient,4020de95
99b281fe-b6c4-4614-ba6d-abac8cd08256,5caa3ce5,2025-02-20,2025-01-10,Trip audience resource.,F003,Pharmacy,077a362d
69222abc-b76e-429f-82db-2a191abfb993,af0c7684,2025-02-09,2025-01-08,Begin top small whatever rate or.,F001,Emergency,3173e933
bcdb5037-257b-442a-bd4c-9cd86d9c751e,15f28060,2025-05-14,2025-01-09,Onto style on yet maybe fill.,F002,Radiology,0fe0797c
532a55bf-b61e-4ce5-a027-a8826180b833,1e2b89c8,2025-01-07,2025-04-27,Bit trip get.,F001,Laboratory,21db7e30
7537e396-b9c9-404a-b13c-9472a4e7abaa,00f2b3de,2025-01-25,2025-03-21,According federal office relationship care.,F003,ICU,c5348591
acc07aee-d573-4bd7-9da5-a293223b991f,96905111,2025-02-05,2025-03-18,Somebody family garden generation war.,F001,Inpatient,b11d63c1
4e1e6588-d4b1-4790-b350-3d48eb88701f,46ffa8f4,2025-05-07,2025-01-25,We sing out seven type.,F004,Laboratory,3adce216
1bc41e2d-505d-46f6-a671-94be503431cc,5dec507c,2025-03-09,2025-05-01,Very who can dinner rather customer.,F002,ICU,224e5ff4
6471911e-c5b5-4142-bc75-5da77442f672,6dca666e,2025-02-23,2025-03-28,Affect woman pressure nice quickly wife.,F004,Inpatient,d26900f5
0eedd6eb-5ff0-46da-a595-2d7da4b838bb,1e661fec,2025-02-02,2025-03-04,Save others stock down.,F001,Laboratory,398c9268
a01967f3-7bc3-4e76-a719-92ddc0bdc784,5b0487ab,2025-01-12,2025-03-04,International environmental anything contain trade if.,F004,ICU,dab2600b
0ba1c67f-7437-4937-af39-3f4ae23c9baa,b146ee0d,2025-04-22,2025-05-13,Summer training could positive.,F003,Inpatient,434d22ee
dea00f9d-c8d4-4803-8af4-0ac5e1a15273,260f7b4d,2025-01-06,2025-03-31,Thought participant well business.,F004,Laboratory,5b494b3d
5e7c1d7e-cc58-405f-94df-1a98ba6f603a,5d3ea51f,2025-04-13,2025-02-21,Lay focus cup really pattern public.,F004,Outpatient,c88f252a
650bfb70-25a7-4aee-828f-f898c3553792,15f28060,2025-02-16,2025-03-17,Three detail glass care generation.,F004,Laboratory,3dd3722a
b8be52ba-b97b-4bba-980c-f9294a17f31a,af8e6c7c,2025-03-03,2025-04-07,Coach loss brother.,F004,Radiology,b255e682
2f0b97ed-afe7-4a8a-a302-0d99e37b4810,15f28060,2025-02-14,2025-02-14,Director accept film forget machine visit.,F001,Emergency,245e898c
2831d5d8-eb6d-4913-8bd1-4597e27c3d0e,025409f0,2025-04-17,2025-01-07,Cup Republican factor.,F003,Inpatient,03d99269
f2cdcf93-a367-4e75-9399-a4faef63f14e,5b9cf0d1,2025-01-30,2025-02-03,Next four wrong.,F004,Inpatient,9f8dbe0e
49d4d9f6-1935-4936-b0bd-2f22e4b17bae,f4d442be,2025-01-05,2025-04-12,Thought minute citizen difficult unit simple bit.,F004,Radiology,21db7e30
2890bf7f-ad90-464c-8d50-128b9626d9b1,d03f5b9e,2025-01-10,2025-02-26,Outside yet clearly water.,F001,Inpatient,0701f480
23ca7235-658e-4ea3-bf4d-526800a9b34c,77e795d0,2025-04-27,2025-04-05,Fill move wife her time herself.,F002,Radiology,87f2bf32
1c341b30-73b6-408a-9bd7-568d2ce1ee2a,4b5ad87c,2025-03-12,2025-01-11,Computer seat above also idea.,F004,ICU,077a362d
8ce7d997-dae6-4f9a-a193-ed26137d30a6,96905111,2025-02-18,2025-03-22,Ground you thus.,F002,Inpatient,0701f480
e0ed0f7b-6efa-4d17-9706-32b38f487d5e,c598a8eb,2025-04-30,2025-01-25,Manager ball difference author.,F004,Emergency,b11d63c1
f114a816-fd48-4a5d-afaa-3f56c9ab50ae,e5f40a74,2025-04-05,2025-05-10,Discover next series arm.,F004,Laboratory,29eb27d3
3cc954ea-2a3d-4435-8fc3-fce39b65b6ae,ef57ebe6,2025-05-08,2025-02-21,Visit economy national production if tree.,F001,Emergency,f55936f0
699d79eb-0d4d-463e-97f7-724e57db4715,647da414,2025-03-05,2025-04-19,Security light until ready appear current.,F002,Pharmacy,f5f73bb0
7e9181cb-5f8a-4323-aec0-e4ac555adb61,cf4d34cb,2025-01-08,2025-04-29,Four themselves home left culture real.,F002,Outpatient,34cbb5e4
82bc38e9-a732-4a46-bf6a-b52c0f224381,6dca666e,2025-01-14,2025-03-23,Suddenly cold them hot.,F003,Outpatient,740a8d9a
05cae0e9-2404-494f-a81e-d935a3c6f92d,79750d32,2025-03-30,2025-04-30,Truth audience drug along.,F003,Radiology,38e51cf0
077cea6b-c082-4dc7-9019-d6bcc2526b78,fed8b58e,2025-05-11,2025-03-14,Bed leader ball perhaps.,F001,Radiology,ed229b6f
ec8b245f-d190-4e30-8edf-42329b942255,758fd7a2,2025-04-05,2025-04-16,Time the quite.,F002,Pharmacy,87f2bf32
cb4bb88d-c027-4201-a883-2486f77d1749,b57a6962,2025-01-28,2025-02-24,Father wait condition lay.,F004,Outpatient,4ace86cd
8c226e51-3d0c-422c-adb1-21f2e9940194,46ffa8f4,2025-04-06,2025-02-15,Pull half seem.,F001,Outpatient,ed229b6f
7c76cf77-1b78-4200-8d8b-02094a16be39,16251836,2025-03-12,2025-04-04,Affect pretty another lay car.,F003,Inpatient,498006b6
290b18aa-9d0b-4a4a-b6cd-143f9c9aec9f,7d9886c7,2025-01-20,2025-03-11,Visit see senior entire purpose.,F001,Radiology,6dcd59ed
adb20c54-f092-4fab-9003-6bdc6289b2e3,7efb2a3d,2025-01-29,2025-01-16,Exist nature decide onto measure.,F002,ICU,45cdf915
e373643c-cad0-4979-82b0-88297946a212,b33d8911,2025-02-24,2025-01-18,Resource Mr trial east.,F004,Radiology,80a04e3c
4f33ab6e-d655-4ad6-9bf8-1a0103842b01,c8de6a36,2025-04-10,2025-01-17,Together call action grow stand recognize.,F003,Outpatient,bc365b1d
e546a547-7b71-4b28-b887-2c5b2918fece,d7a47969,2025-04-02,2025-02-11,Perhaps everybody piece wife force song.,F003,ICU,d8b93164
93fcce92-e654-4a27-a451-b28060c3695e,fa36e232,2025-03-20,2025-03-01,There always dark grow.,F003,Emergency,39811a51
701e4300-8323-45c4-bd34-c9b02472e7a0,025409f0,2025-01-14,2025-02-06,Know threat dog.,F002,Radiology,ea940e59
244971db-3378-4c66-b152-292a6da85986,e29078fe,2025-02-07,2025-03-04,Today challenge human ground employee certain.,F002,Laboratory,c4b76e59
5bb0ba58-4291-42d5-a1c7-8892a8ef8024,67f3f228,2025-05-17,2025-02-27,Its there dark among question church.,F002,Pharmacy,b255e682
f3fb4548-5ec6-4495-adf3-7cb0f6825d60,fa36e232,2025-01-26,2025-03-08,Country himself minute home this light.,F004,Outpatient,5f409cfe
ec2741a6-330c-4fba-ad37-500423fd1b49,a519d1fc,2025-02-16,2025-05-02,Kid listen marriage.,F003,Outpatient,1da46b2e
170fd892-3c9f-4a9a-bdab-a28bea84a702,90f52cf7,2025-03-14,2025-03-04,Himself about effect how share.,F003,Emergency,f9f2b741
24d6affc-fdb1-4859-96ed-8623db1a6807,7efb2a3d,2025-02-05,2025-05-03,Age with since new situation out.,F003,Laboratory,b11d63c1
3b21d840-49aa-4d0d-a170-b9a68bdb5c1f,e46c29cc,2025-02-17,2025-01-24,Middle week town threat figure heavy.,F004,ICU,c88f252a
4d1c306f-7d65-45bd-a0b8-021469688d28,97d4b121,2025-03-23,2025-04-11,Rest figure success sense lawyer.,F004,Radiology,7ecd2f0a
0cfdba60-7f96-4857-9151-64248c95ee38,46ffa8f4,2025-04-05,2025-01-03,Think model produce.,F001,Inpatient,81cc4264
71b04d49-08e8-451d-a8e4-21c54cac63a9,b33d8911,2025-04-12,2025-05-03,Security catch threat personal in.,F003,Emergency,4b2c3e0f
2fc5a122-3aeb-4746-bd9a-9d3015878243,e29078fe,2025-01-12,2025-04-28,Past possible whom unit put professional.,F003,Radiology,b9ea7c90
d4399ca1-fa1d-4070-a691-f588d5d6e94b,8d5645d0,2025-02-28,2025-04-26,Red on him.,F001,Inpatient,0599d301
6371c399-d29b-4df8-8744-7b26f7a96091,af8e6c7c,2025-01-26,2025-04-07,We business themselves too affect.,F001,Emergency,4ace86cd
2d3fa837-a053-46e6-8fca-149f8235c0a8,5b9cf0d1,2025-03-22,2025-04-01,Popular soldier eye account other.,F004,Outpatient,a8554c59
022d97c1-2b0f-4596-882d-db21c4866ff9,6dca666e,2025-03-09,2025-03-24,Wide popular future cover across.,F004,Inpatient,e4a61835
e611b11f-dae3-42d3-9d39-5bb17c4e2d27,586b642c,2025-02-13,2025-05-03,Movie history left edge across computer.,F003,Emergency,39811a51
3345c1cf-0269-4566-b5f6-f93386280fce,3372d01b,2025-05-08,2025-04-05,Television population level.,F003,Emergency,e4a61835
d5e619d2-3f46-4fb8-afd3-20242eabfd73,8d5645d0,2025-01-18,2025-01-28,Concern our west important.,F001,Outpatient,12d71269
bdb98493-e4a6-4785-9c66-4b206583036f,149070da,2025-01-09,2025-03-05,Plant magazine teach table guy.,F004,Emergency,6edd4bc0
cc17f72f-e902-4f87-b0e6-c952df0dcc8d,1e2b89c8,2025-03-09,2025-02-20,Evidence market fact.,F001,Emergency,245e8a7f
8bb735be-4e97-43c4-826f-03746c34fa89,7fd914be,2025-01-29,2025-04-14,Forward hit night well my decision.,F002,Laboratory,33818dfa
96be8aa2-c2f7-4405-9617-9acfa2b7c094,1d1c7f51,2025-05-11,2025-03-05,Machine because many doctor.,F004,Inpatient,72695fa6
c3c117c6-20f8-4e45-bb26-b58df7fd3acf,758fd7a2,2025-03-30,2025-02-01,Fire him billion defense fear.,F004,Outpatient,2b3b542e
d68acf36-bd1c-4b12-bd3f-860278a9024e,b9ff5bbe,2025-04-10,2025-03-17,Civil leader radio sort try.,F003,ICU,434d22ee
241fb256-c92a-4ca5-a001-e372d24a4f66,ef242181,2025-05-12,2025-05-06,Suffer democratic himself record.,F002,Inpatient,29eb27d3
7a978838-6087-4ecc-a49a-6a6e28710e04,153e9671,2025-05-15,2025-04-11,Into today product wear.,F003,Outpatient,5b494b3d
4933ac6b-c73a-4f5d-a9e9-f1cbf36e117f,b146ee0d,2025-04-09,2025-03-02,Remember while guess.,F001,Inpatient,61eedbd5
904b86ee-3d23-4322-a9ea-47dba427d2c2,0cdeac50,2025-03-02,2025-04-03,Author sense ahead country food.,F002,Outpatient,45119816
1d88163c-ef32-4b79-b3a4-d0360d9c9fad,55775a5c,2025-04-20,2025-05-08,Than soldier to.,F001,ICU,34cbb5e4
3c5fd622-a23f-4132-b81e-8089d5fa3c4b,00f2b3de,2025-01-09,2025-02-18,Discussion girl magazine.,F001,Radiology,3adce216
a88838a7-2e43-486f-b3ae-b2098db6190f,96905111,2025-05-13,2025-02-03,Me help memory worker check much.,F003,Outpatient,edec4497
3f6dd0dd-3329-4e43-8677-0f8d7f3c3639,d15e46a2,2025-02-11,2025-02-14,Fear big production low particular.,F001,Outpatient,d9815c36
014654f4-5758-4f6c-9d5a-172adbbae022,5dec507c,2025-05-01,2025-04-26,Carry visit her left here.,F002,Radiology,0599d301
0c830d45-666b-4f33-a6bb-aef8f8b5dc90,1cc58c48,2025-03-31,2025-02-07,Tend space fill baby.,F001,Emergency,0701f480
a7534f82-b290-4181-8944-72115690a616,3ca3f5bc,2025-04-01,2025-04-06,Great cup turn film guy.,F001,Inpatient,c5348591
5cfd3a35-e529-4fb1-b1ad-e7b6bbdc5637,2f686053,2025-05-08,2025-01-16,Child or now both institution.,F001,ICU,2d35ae68
b01da9f8-872e-4062-a1af-c92c8559b10b,a6df8fb7,2025-04-01,2025-02-05,Citizen financial and college.,F004,Pharmacy,34cbb5e4
991c2bb5-5ec2-4d4a-94ba-da9c69b7ea50,9bdd2247,2025-04-20,2025-05-02,Identify significant child thank analysis.,F003,Radiology,0fc6f1bd
5659cccf-5a88-4df1-a7ec-7e9fad18ead0,f4d442be,2025-03-16,2025-04-11,Seek hand data life.,F001,Laboratory,fd0a8e81
49d15083-2f2e-4e74-8b6e-f387dcb48d83,d4561852,2025-02-24,2025-01-23,Serve can perhaps body art.,F002,Emergency,4a8f8166
81a4c32e-32f6-4db3-b7a2-deb30d95d9a9,bc13607f,2025-03-03,2025-03-22,Bed now themselves.,F001,Radiology,72695fa6
be601453-512f-4a01-aa9f-ee7a51358d08,695ec3f9,2025-02-27,2025-03-10,Ten thank when form brother blue.,F004,Emergency,edec4497
1e16455a-f172-4abb-9be0-42b5de6bf74d,c85ed25f,2025-02-17,2025-02-12,Term somebody wish.,F003,Inpatient,21db7e30
e6f9710c-3fd2-4c93-a0ef-2baf07f60ea2,30812879,2025-04-24,2025-02-21,Friend power federal money different.,F001,Radiology,b11d63c1
ef75f4f1-52a1-4f09-a0f2-da216f1233b6,9bdd2247,2025-03-16,2025-04-20,Measure white cost leave whole.,F002,Inpatient,c4b76e59
7bfda83a-5d28-4171-be17-4fdbfd410d5d,762fd826,2025-04-08,2025-05-02,Over product attack.,F002,Inpatient,f9f2b741
d42fd64b-1786-4e3c-8921-ace721d60330,44d416fc,2025-03-02,2025-04-27,Sing occur book old effect movement.,F001,ICU,9751d825
b63285b4-8c14-43cd-9cf7-bef89f39df3a,0cdeac50,2025-04-03,2025-03-10,Away best approach concern job.,F001,ICU,29eb27d3
1c692bf8-f792-4699-aa65-14e2b8e674e7,db21691a,2025-01-18,2025-03-28,Director wonder hope smile education picture.,F001,ICU,ccd5efaf
e67bbded-b863-429d-84af-a980079bd7b8,30812879,2025-01-30,2025-02-18,Improve important teach Republican cut old.,F003,Outpatient,245e898c
fe5a8823-6af0-411b-952b-3c1a9b661882,1f15ce61,2025-04-09,2025-04-17,Add coach management sister him.,F002,Outpatient,29eb27d3
665b2a81-27b4-40df-8098-b4b59a15339b,917bc899,2025-01-17,2025-05-06,Behind range present foot guy most.,F004,Emergency,81cc4264
514a433d-1925-4fed-9b83-dcafa9bfb2e2,764fb3f7,2025-01-18,2025-01-02,Message try bag above fish pull.,F004,Pharmacy,8205c2e0
c8213c8c-c9ec-4835-9a6a-17c1249cb5aa,9bdd2247,2025-02-27,2025-01-15,Town pull order provide.,F003,Outpatient,baf2628b
bd29c0b9-e124-4507-9805-2ebe5d3b9d9f,15ccb37c,2025-05-08,2025-02-26,Wind behavior story.,F001,ICU,2b3b542e
b015b3fe-1e8c-46e1-9f05-5504588568d3,f4d442be,2025-02-03,2025-03-27,Note sense old themselves morning.,F003,Laboratory,69217196
af6335fc-f5eb-442c-a4f6-db83a81a31cb,5b9cf0d1,2025-01-17,2025-03-18,Road collection rule.,F004,Inpatient,30f56655
f98957d6-f2db-4278-9bb1-2917a2a6213b,4238f795,2025-05-03,2025-01-09,Travel serve here work today truth.,F001,Pharmacy,5f409cfe
231bd077-3048-4d3c-9b0e-f52eb1a7eb8f,8d5645d0,2025-03-11,2025-01-28,And claim would anything character blood.,F001,Inpatient,f5f73bb0
75319f1a-33c0-458f-b054-d474a42f4213,708a23be,2025-03-06,2025-03-21,Tv six when commercial character spring.,F002,Laboratory,e32df381
78a6a2da-82e3-43f4-991b-e28167d0f774,00a0b4f5,2025-02-09,2025-04-24,Hotel stock collection back.,F004,Pharmacy,245e8a7f
bd71053b-50ac-47de-8895-c6f7ee666507,b9ff5bbe,2025-01-23,2025-01-14,Hour meeting daughter.,F004,Emergency,1da46b2e
877e3d76-ab27-4eaf-9471-a40cc276358c,7efb2a3d,2025-01-11,2025-05-13,Discover employee account event.,F001,Radiology,bc365b1d
6c8290bb-d033-47ec-b5fd-49906ec64d87,30812879,2025-03-01,2025-04-25,Exactly guy while.,F003,Outpatient,3a463935
da7a39af-b183-4d45-ab11-c54475288245,e8387efc,2025-03-04,2025-03-23,Law try such.,F001,Emergency,f7af97c3
fd0ac6f5-809e-4ff8-ae72-231cd5554e2b,15f28060,2025-05-05,2025-03-19,Smile teach evidence others man.,F002,Inpatient,3173e933
148034cc-c85d-4c8f-8dcc-9c1057bbbc90,bfb04265,2025-04-21,2025-05-10,May provide ok.,F002,Laboratory,9981e153
92b144fd-01a0-4f30-a126-47bf31fe92b4,b9ff5bbe,2025-01-31,2025-05-04,Gas commercial we down.,F001,ICU,dab2600b
7b88a8b2-5ad6-4d92-9774-b14550272929,708a23be,2025-01-16,2025-04-01,Parent simple ready morning special daughter.,F004,Emergency,033b4b42
da210233-cfe9-4989-a298-bc2709b1a35a,82da0359,2025-03-20,2025-04-02,Beat painting but hair investment agent.,F002,Emergency,3a463935
5ae2b90d-8f3b-4ebc-ab5d-4ccdc80a4375,7efb2a3d,2025-04-18,2025-04-05,Word human especially.,F002,ICU,dea18b7e
90a93ed9-957b-42f0-a9b0-0f56b502ab18,99d264a5,2025-01-05,2025-02-05,Issue base prevent professional view follow.,F002,Outpatient,375a68cc
a9cc480e-5275-4c7e-9190-a5f4fdd737e7,525b46d8,2025-03-28,2025-03-05,Of director entire.,F001,Emergency,34cbb5e4
09c37786-4c69-4676-b38c-e054a9791e4b,b146ee0d,2025-01-11,2025-01-12,Foot day another culture similar.,F004,Laboratory,0188659a
23270afd-56bf-4fce-82d4-db3db19edbc5,a3550533,2025-04-11,2025-01-24,Discussion wide black.,F003,Laboratory,61eedbd5
1d8ed2e8-abe9-4683-9742-89f4228277cb,70341ff8,2025-04-01,2025-05-12,Arm total in.,F001,ICU,d4935786
eeb980ac-9870-426d-82af-b27cc778715a,92cab397,2025-01-26,2025-02-07,Administration source sure song protect.,F002,ICU,ed229b6f
292cad4d-e75e-46d8-a7d1-1ed3012736a1,d58daaac,2025-01-07,2025-05-02,Wish rise consumer financial matter everything.,F004,Emergency,c88f252a
825d073a-da0e-4a1e-9949-e51793b15bbd,fed8b58e,2025-04-17,2025-01-09,Difference development responsibility join major.,F004,Outpatient,55e5c51e
c4b62e04-a15b-4288-83e3-346b55295e3d,5caa3ce5,2025-05-03,2025-03-30,Concern heart draw project.,F001,Outpatient,3adce216
51902814-06ae-42bf-b7ab-39227f0db362,c2f20bd2,2025-05-05,2025-02-14,Focus focus move.,F002,Laboratory,0fe0797c
d864bbc0-586d-444e-8a45-c8ec40448c2e,a6df8fb7,2025-04-16,2025-04-18,Me specific tell.,F003,Emergency,5b300d70
2fa83768-b5d1-4118-b82a-f743abc9b77c,025409f0,2025-02-11,2025-01-21,Quality PM course herself best.,F004,ICU,4d51e807
cfff3064-f046-4db9-9594-e05c2793caea,a4feb9ae,2025-05-08,2025-01-20,Real serve top none.,F002,Radiology,edec4497
