medication_id,medication_name,dosage,frequency,route,form,manufacturer
3672b559,Metformin,269 mg,Once daily,IV,Tablet,"Castillo, Jones and Wright"
c2e3057c,Azithromycin,469 mg,Every 8 hours,IM,Tablet,Cruz-Lindsey
f3dfd77e,Ibuprofen,184 mg,Once daily,IV,Tablet,Thomas and Sons
5ade9b03,Acetaminophen,440 mg,Twice daily,Subcutaneous,Syrup,Brown Ltd
4f68993b,Metformin,248 mg,Once daily,Oral,Syrup,Jennings-Thompson
584b533a,Azithromycin,316 mg,Once daily,Oral,Tablet,Brown Ltd
5881ddc1,Azithromycin,165 mg,Once daily,IV,Capsule,"Tran, Webb and Murphy"
84203557,Aspirin,439 mg,Twice daily,Oral,Tablet,"Guerrero, Love and Lee"
9b41cbe2,Insulin,445 mg,Once daily,Oral,Tablet,Villanueva and Sons
25b143a9,Ibuprofen,385 mg,Twice daily,Oral,Injection,Martin Group
f12c3b5e,Azithromycin,252 mg,As needed,Subcutaneous,Injection,"Bennett, Martin and Tyler"
07d90952,Bisacodyl,231 mg,As needed,IM,Syrup,Preston LLC
3b24e759,Metformin,99 mg,Every 8 hours,Subcutaneous,Syrup,Brown-Foster
ed6be2ee,Metformin,408 mg,Every 8 hours,IV,Capsule,Smith and Sons
51a44a00,Metformin,313 mg,Once daily,Subcutaneous,Tablet,Mcguire PLC
6f9cfa96,Insulin,498 mg,As needed,Oral,Injection,"Melton, Mcbride and Hooper"
c83223b6,Aspirin,83 mg,Once daily,Subcutaneous,Capsule,Castro PLC
10a9a72e,Bisacodyl,154 mg,Once daily,IM,Tablet,Lopez-Rogers
8fe5c17a,Ibuprofen,307 mg,Every 8 hours,Oral,Capsule,Ruiz-Lewis
f81dc13a,Acetaminophen,263 mg,Once daily,IV,Tablet,Little PLC
d9d2776a,Bisacodyl,331 mg,Twice daily,IV,Injection,Shaffer Group
95f6fb5e,Aspirin,184 mg,As needed,IV,Syrup,Hurley PLC
1da12c5b,Insulin,373 mg,Every 8 hours,IV,Capsule,Hernandez LLC
b0a29a39,Azithromycin,310 mg,As needed,Oral,Injection,Young-Thomas
cc1830cb,Ibuprofen,296 mg,Once daily,Oral,Capsule,Holt LLC
2630128a,Insulin,493 mg,Twice daily,IM,Tablet,Moss-Robinson
61f2d4ae,Insulin,374 mg,Once daily,IV,Syrup,"Cooper, Francis and Hill"
9f396eab,Bisacodyl,385 mg,Every 8 hours,Oral,Injection,"Thomas, Allen and Rodriguez"
c000257b,Acetaminophen,150 mg,Once daily,IV,Syrup,"Moreno, Harvey and Dennis"
8724995e,Insulin,369 mg,Every 8 hours,IM,Syrup,Thomas-Weber
df311c1b,Insulin,318 mg,Every 8 hours,Oral,Capsule,Lowe-Buchanan
1d3b570a,Aspirin,215 mg,Twice daily,IV,Capsule,Anderson Ltd
d43f6221,Insulin,262 mg,As needed,Subcutaneous,Capsule,Villegas LLC
32bb30a3,Acetaminophen,426 mg,Twice daily,Oral,Capsule,Flores-Raymond
e3c9b7af,Acetaminophen,433 mg,Every 8 hours,Oral,Injection,Taylor and Sons
d55d6650,Bisacodyl,324 mg,Every 8 hours,Subcutaneous,Tablet,"Johnston, Cooper and Reed"
f9c20376,Aspirin,462 mg,Every 8 hours,Oral,Injection,"Martinez, Ward and Nguyen"
4ca618b6,Insulin,181 mg,As needed,Subcutaneous,Injection,Caldwell-Mills
4cce72ca,Bisacodyl,60 mg,As needed,Oral,Syrup,Foster Group
ccafde12,Ibuprofen,394 mg,As needed,IM,Tablet,Wright PLC
f177f561,Insulin,490 mg,Twice daily,Subcutaneous,Capsule,Berry-Lewis
ced7284c,Acetaminophen,347 mg,Every 8 hours,IM,Tablet,Campbell LLC
25005adc,Azithromycin,467 mg,Once daily,IV,Injection,Anderson-Wright
2326c20a,Acetaminophen,344 mg,Every 8 hours,Subcutaneous,Syrup,Espinoza Ltd
a35b3bb2,Metformin,162 mg,Twice daily,Oral,Syrup,Davis LLC
9488f0fe,Aspirin,79 mg,Once daily,IV,Tablet,Whitney Inc
b714a3da,Azithromycin,392 mg,Twice daily,IM,Injection,"Nicholson, Mathis and Ibarra"
b7038e58,Insulin,146 mg,Every 8 hours,Oral,Tablet,Ryan-Rodriguez
f392fbc1,Metformin,380 mg,Once daily,IV,Injection,Gibson and Sons
66d0d651,Aspirin,66 mg,Every 8 hours,Subcutaneous,Tablet,Smith Group
95b10011,Bisacodyl,142 mg,Once daily,IM,Tablet,"Anderson, Smith and Owens"
93ed3cf4,Azithromycin,84 mg,Every 8 hours,Subcutaneous,Injection,Baker and Sons
9ddb317f,Azithromycin,408 mg,Every 8 hours,IM,Injection,Middleton Group
0415c631,Metformin,196 mg,As needed,IM,Capsule,Lucas-Branch
151583bf,Bisacodyl,276 mg,Every 8 hours,Subcutaneous,Syrup,Chavez Ltd
22a72015,Bisacodyl,126 mg,Every 8 hours,IV,Syrup,Baird PLC
516dda70,Ibuprofen,338 mg,Every 8 hours,IM,Injection,Fox-Gordon
a3e0546d,Azithromycin,246 mg,Once daily,Oral,Capsule,Ortiz LLC
db4963be,Ibuprofen,433 mg,Once daily,IM,Injection,"Holmes, Cabrera and Thompson"
c1c929a5,Insulin,234 mg,As needed,IM,Syrup,Sampson PLC
af333093,Acetaminophen,469 mg,Twice daily,Subcutaneous,Tablet,Ferrell and Sons
2c5ce2e2,Acetaminophen,114 mg,Twice daily,Subcutaneous,Syrup,Harrison-Anderson
c1ef0f7a,Azithromycin,386 mg,Every 8 hours,Subcutaneous,Syrup,Stewart-Ward
bb8b52f9,Metformin,454 mg,Twice daily,IM,Capsule,Kramer-Wagner
76d42ac9,Ibuprofen,146 mg,Every 8 hours,IV,Syrup,Preston-Downs
79cad756,Azithromycin,200 mg,Twice daily,Oral,Tablet,"Lyons, Richardson and Harrison"
bba17254,Azithromycin,143 mg,Every 8 hours,IV,Syrup,Aguirre LLC
7e765133,Azithromycin,128 mg,As needed,IM,Syrup,Sanchez Ltd
9cfecc4f,Metformin,252 mg,Once daily,IV,Tablet,Robinson and Sons
ba0bdc01,Azithromycin,96 mg,Once daily,Subcutaneous,Syrup,"Stephens, Thompson and Stanley"
c3dd181c,Acetaminophen,223 mg,As needed,IV,Injection,Brown PLC
7b6c036f,Acetaminophen,167 mg,As needed,IV,Capsule,Summers Inc
2ebb94fb,Azithromycin,406 mg,As needed,IV,Syrup,"Davis, Johnson and Sanchez"
a6897134,Azithromycin,380 mg,Every 8 hours,IM,Tablet,Williams PLC
88227bc5,Metformin,231 mg,Once daily,IV,Syrup,Wilcox Inc
1452b03f,Metformin,398 mg,As needed,Oral,Capsule,Fletcher-Nixon
f54a258d,Metformin,216 mg,Every 8 hours,IV,Tablet,Harrison-Koch
98839325,Aspirin,125 mg,Every 8 hours,IM,Injection,Jenkins PLC
ee3bb808,Acetaminophen,136 mg,As needed,Oral,Tablet,Warren Group
04551f2b,Insulin,466 mg,As needed,IV,Tablet,Murphy-Thomas
553c75d4,Insulin,80 mg,Once daily,IM,Capsule,Fletcher-Davis
13ad5688,Acetaminophen,93 mg,Twice daily,IV,Syrup,"Walker, Davis and Khan"
b32514af,Azithromycin,347 mg,As needed,IM,Syrup,Becker LLC
225d5d02,Ibuprofen,95 mg,Twice daily,Oral,Injection,Bates Inc
bdfd4bdc,Insulin,320 mg,Once daily,IV,Tablet,Lawrence and Sons
2f5e7700,Bisacodyl,449 mg,As needed,IV,Tablet,Wood and Sons
aa149014,Azithromycin,439 mg,Twice daily,Oral,Injection,Reese Inc
25751220,Insulin,183 mg,As needed,IV,Capsule,Martin-Scott
a9c332e9,Acetaminophen,64 mg,Once daily,IV,Injection,"Clark, Mosley and Jensen"
fd306777,Bisacodyl,354 mg,Once daily,Oral,Capsule,Mcdaniel Group
c1e54a39,Metformin,435 mg,Once daily,Oral,Capsule,Vasquez Ltd
87a60e7b,Bisacodyl,63 mg,Once daily,IM,Tablet,Holden Inc
b4cfed9b,Insulin,367 mg,As needed,IM,Capsule,"Arroyo, Williams and Dawson"
90e3de9e,Ibuprofen,424 mg,As needed,Subcutaneous,Tablet,"Jimenez, Thompson and Bryan"
f647206b,Ibuprofen,458 mg,Every 8 hours,Subcutaneous,Tablet,Finley-Smith
131cb007,Azithromycin,54 mg,As needed,IV,Syrup,"Jackson, Johnson and Owens"
69b2df74,Aspirin,283 mg,Every 8 hours,Oral,Tablet,Mitchell LLC
a753abe2,Ibuprofen,264 mg,Twice daily,IV,Syrup,Manning Ltd
bc831425,Bisacodyl,171 mg,Twice daily,IV,Capsule,Romero-Patton
48a8d54c,Metformin,453 mg,Twice daily,Subcutaneous,Syrup,"Graves, Cooley and Boyd"
30e8be4c,Metformin,356 mg,Once daily,IV,Syrup,Clark-Gomez
a109fd28,Ibuprofen,329 mg,As needed,IV,Tablet,"Romero, Ritter and Kramer"
224473aa,Azithromycin,343 mg,Every 8 hours,IV,Syrup,Williams Inc
59161e5e,Azithromycin,305 mg,Twice daily,Subcutaneous,Injection,Reed-Wallace
1036ee55,Metformin,469 mg,Twice daily,Subcutaneous,Injection,Smith-Medina
cc643bd3,Insulin,116 mg,As needed,IM,Capsule,"Wolfe, Taylor and Leonard"
a12cd401,Insulin,245 mg,As needed,Oral,Tablet,"Garza, Gardner and Jimenez"
d4819814,Insulin,294 mg,Twice daily,Oral,Tablet,Scott LLC
05712671,Ibuprofen,403 mg,Once daily,Oral,Injection,Osborne-Stewart
e24c119f,Acetaminophen,97 mg,Every 8 hours,IV,Syrup,Martin PLC
f7c2dfee,Azithromycin,127 mg,Once daily,Subcutaneous,Tablet,"Meadows, Roberts and Steele"
d67f44b3,Acetaminophen,145 mg,Once daily,IV,Tablet,"Abbott, Graves and Thompson"
c62afd89,Acetaminophen,460 mg,Once daily,IV,Capsule,"Mueller, Ashley and Mason"
2c4e708b,Aspirin,324 mg,As needed,IM,Capsule,Hoffman-Walker
f2872e2e,Metformin,188 mg,Once daily,Oral,Syrup,Sanders PLC
429fd701,Aspirin,490 mg,Every 8 hours,Subcutaneous,Syrup,Stevens-Anderson
77da4aad,Ibuprofen,441 mg,Every 8 hours,Subcutaneous,Syrup,Weaver-Hampton
323809f2,Metformin,162 mg,Every 8 hours,IV,Syrup,Rivera-Meyer
39acb6e4,Aspirin,190 mg,Twice daily,Oral,Syrup,Daniel Inc
af06ac8c,Bisacodyl,269 mg,Twice daily,IM,Syrup,Rogers LLC
60ddcefe,Azithromycin,214 mg,As needed,Oral,Injection,"Bowen, Morgan and Rogers"
0aea38d1,Ibuprofen,91 mg,Every 8 hours,Oral,Syrup,Sexton PLC
797aa0e7,Ibuprofen,301 mg,Every 8 hours,IM,Tablet,"Miles, Jacobs and Jones"
4d2d783e,Ibuprofen,213 mg,Twice daily,IV,Injection,Farmer-Edwards
f535616a,Azithromycin,207 mg,Twice daily,IM,Capsule,Schultz Inc
f4af68d3,Azithromycin,275 mg,Once daily,Oral,Injection,Rhodes PLC
45c7e244,Ibuprofen,125 mg,Twice daily,Subcutaneous,Tablet,Hurley LLC
97ff331e,Acetaminophen,332 mg,As needed,IM,Injection,"Blankenship, Mercer and Clark"
1a50904b,Bisacodyl,387 mg,Twice daily,Subcutaneous,Injection,Crawford-Sampson
58bf2a78,Acetaminophen,113 mg,As needed,Subcutaneous,Capsule,Reid and Sons
f028c14d,Aspirin,112 mg,Twice daily,IV,Tablet,"Garcia, Lewis and Cruz"
5f4124c7,Insulin,236 mg,As needed,Subcutaneous,Tablet,"Tucker, Davis and Buchanan"
aa8abc93,Metformin,189 mg,Twice daily,Subcutaneous,Syrup,Howe-Schroeder
9c63c6b8,Azithromycin,374 mg,Once daily,IV,Syrup,"Brown, Daniel and Gibbs"
50384f75,Ibuprofen,409 mg,Twice daily,Subcutaneous,Tablet,"Thompson, Flynn and Grimes"
2a2b7018,Bisacodyl,157 mg,As needed,Subcutaneous,Syrup,"Anderson, Hanson and Thompson"
8577d662,Insulin,157 mg,Once daily,IV,Syrup,Parker PLC
80799a69,Insulin,284 mg,Every 8 hours,Subcutaneous,Tablet,Morrow-Brown
080fa46d,Aspirin,68 mg,As needed,Oral,Capsule,Morris-Ruiz
4f2da1b6,Insulin,302 mg,Once daily,IV,Capsule,Riggs-Cunningham
01b9829b,Azithromycin,227 mg,Twice daily,Oral,Capsule,"Stark, Dennis and Williams"
df076057,Ibuprofen,347 mg,Every 8 hours,IV,Syrup,Morris-Johnson
501f830f,Insulin,484 mg,As needed,Subcutaneous,Injection,Gonzalez Ltd
0e86e738,Aspirin,282 mg,Twice daily,Oral,Injection,"Rivera, Zamora and Brown"
8d3cc0a4,Ibuprofen,209 mg,Twice daily,IM,Injection,Ramirez and Sons
7793eb71,Acetaminophen,150 mg,Once daily,Oral,Syrup,"Mercado, Martinez and Johnson"
f89063d3,Aspirin,492 mg,Every 8 hours,IM,Syrup,Salinas Group
b3f775ca,Aspirin,457 mg,Every 8 hours,IM,Tablet,Baker-Love
be8d8a80,Azithromycin,236 mg,As needed,Subcutaneous,Capsule,Becker Ltd
7451900d,Azithromycin,180 mg,Every 8 hours,Subcutaneous,Syrup,Smith-Salazar
