patient_id,first_name,last_name,gender,dob,address,contact_number,email
10f1862b,John,Howard,Female,1934-07-04,"1390 Whitaker Spur Apt. 187 Maryport, UT 04450",284-711-3460,aguilarrichard@example.net
768afbf1,Dylan,Holmes,Other,1983-12-12,"755 Shane Points Hofurt, OK 98319",(747)947-6574x98700,danielle90@example.org
03bdefb7,Richard,Caldwell,Male,1949-05-17,"08176 Laura Garden Suite 637 Taylorstad, IA 91327",3162067228,yfreeman@example.com
7a615700,Rachel,Bradley,Female,1998-08-29,"7566 Charlotte Stream Brownview, FL 51631",759.420.5745x120,brendanward@example.com
0d1af999,Tyler,Gutierrez,Female,1974-04-27,"3192 Bennett Centers Apt. 557 South Timothyside, WY 32045",001-360-836-6671x259,samantha18@example.com
642cecba,Austin,Thornton,Female,1957-10-16,"420 Frank Fort East Tracy, MN 52058",+1-827-218-8012x32108,upatterson@example.com
f01088b7,Michael,Cuevas,Other,1999-05-11,"87010 Darlene Club East Dominiquechester, ID 90678",522.987.3903,ihartman@example.org
25f43d75,Brady,Foster,Female,1967-08-19,"831 Marilyn Summit Suite 713 Rachelburgh, IA 00732",+1-970-879-8799x875,jeffrey80@example.com
0d49b5dd,Helen,Roberts,Other,1970-01-20,"11198 Amber Courts New Joseph, GA 12562",895-603-1445,dzamora@example.org
627c173b,Zachary,Cuevas,Other,1937-02-25,"1246 Phillip Well Suite 459 Howardborough, OK 17450",588-352-8325x60650,loweelizabeth@example.org
29836a49,James,Woods,Male,1961-02-11,"059 Tammy Walks Apt. 466 Robertston, LA 17124",745-641-4686,martinelizabeth@example.org
ca17adef,Matthew,Stewart,Female,1952-07-31,"597 Karen Ridge Mcdanielhaven, KY 30026",+1-675-604-1690x1382,thomasanthony@example.net
57b9c9e9,Nathan,Keller,Male,1979-10-10,"66199 Ellis Run West Derrick, VT 95487",001-287-721-5392x0582,timothy07@example.net
ffedad17,Helen,Hughes,Female,1982-09-27,"251 Justin Branch Apt. 212 South Brandon, MT 79921",001-865-265-6201x19251,jerrysolomon@example.net
4f3d7af9,Karen,Pham,Female,1987-04-23,"5375 Steven Valley Suite 220 Daltonbury, SC 57882",+1-598-850-0966x1692,collinbright@example.net
4b2a4427,Lisa,Greer,Other,1984-06-18,"508 Elliott Common West William, AL 32352",730-326-9204x1247,rmccormick@example.net
16b5e7a1,Jared,Miller,Female,2002-06-01,"18827 Ward Causeway East Nicholasfort, CT 89163",+1-776-284-4716,uroman@example.com
21790389,Theresa,Crawford,Male,2002-08-06,"3369 Fred Islands Suite 605 Lake Lawrence, PA 08824",864-343-1096x0868,mary42@example.com
775c0a62,Louis,Sullivan,Male,1946-10-24,"406 Washington Pike Apt. 210 Traceyport, OH 96157",8599039067,lkline@example.com
a752e015,Richard,Riley,Male,2000-12-23,"4661 Carl Ferry Suite 527 Lake Johnville, UT 64619",(416)533-7316x4400,castillomegan@example.com
dae71067,Stephanie,Rodriguez,Male,1937-10-06,"33626 Kelly Greens New Kenneth, WV 20701",+1-207-610-0647x660,rmiller@example.com
52379df1,Tiffany,Parker,Female,1972-05-23,"455 Kayla Ridges Suite 087 Carlsonton, DC 37700",(641)411-9077,michaela00@example.com
6131a0bf,Cindy,Allen,Other,1984-12-18,"05832 Brandon Fork Lake Richardfurt, NM 75296",+1-826-209-6188x915,alejandrabrennan@example.com
473125b7,Thomas,Torres,Other,1961-07-18,"837 Jack Trail Suite 413 North Gary, MN 58584",+1-484-508-1800,leecasey@example.net
8bddb998,Tara,Myers,Other,1975-06-19,"8118 Lewis Island Johnsonborough, TX 81644",346-488-8537x220,vegaelizabeth@example.org
abbbc42d,Sabrina,Moreno,Other,2005-09-11,"028 Bowers Parkway Lake Jeannetown, MD 24347",485-683-8750x61339,andersonanthony@example.net
7f14b056,Regina,Coffey,Male,1980-11-29,"25314 Smith Mountain Suite 072 East Nicole, NM 96042",+1-937-857-6489x5622,hryan@example.org
40ffcb57,Joshua,Gordon,Female,1997-02-27,"6146 Lisa Knoll Mackport, MH 39639",001-433-564-8854x550,mcmillantimothy@example.org
f1a8b482,Karen,Davis,Other,1964-07-09,"4967 Madden Cliffs Jensenville, NJ 70453",(572)739-1657x9494,piercejennifer@example.com
17ad3124,Daniel,Thompson,Other,1982-04-08,"12359 Fisher Plaza North Jasminetown, TN 27191",+1-267-674-1632x50080,brady68@example.net
448b3edb,Dana,Odom,Other,1962-08-24,"71783 Jones Run Suite 754 Cooperberg, AR 44886",(325)664-7694,feliciamills@example.org
2fa9ae40,Jessica,Nielsen,Female,1997-12-29,"3479 Renee Orchard Apt. 473 Brittanyton, MA 83478",5106231820,christian34@example.net
7d0861a3,John,Walton,Female,1969-02-27,"984 John Club East Stevenfort, MH 56936",472.660.0799x583,linda86@example.com
f49543b8,Jose,Ruiz,Male,1974-05-25,"4522 Wilson Burgs West Ashleyview, SD 36673",+1-316-344-9152x53066,waynewhite@example.net
13cd435f,Melanie,Johnson,Male,1990-11-03,"582 Brown Lodge New Barbaraland, PW 78493",001-845-834-1556x488,laura07@example.org
9ea912ab,Kenneth,Jackson,Female,1950-03-19,"3636 Leslie Port Kevinchester, MI 08007",001-346-340-9693x475,sarahbowers@example.net
3bb950d2,Justin,Norris,Female,1995-04-24,"54285 Shelton Mission Apt. 032 North Chelseaside, VI 11771",(486)287-2586,wilsonashley@example.com
3818a790,Tamara,Rodriguez,Female,1935-12-12,"27712 Rodriguez Parkway Apt. 521 Colleenchester, OK 32509",7333717370,gregorycarrie@example.com
5fb5af8a,Rebecca,Ford,Male,2002-07-15,"8316 Andrea Forges Apt. 060 Leslieshire, GA 37081",(451)350-2048x05287,knightcarol@example.com
1382f0bd,Michelle,Chang,Other,2004-07-08,"110 Irwin Gateway Apt. 150 South Shelia, IA 08027",753-615-2313,mooreroger@example.com
b678e170,Shirley,Mendez,Female,1982-06-07,"214 Blake Cove Bennettville, CT 20766",505-638-6028x556,lisasanchez@example.net
fca24bab,Amy,Landry,Female,1976-09-21,"88980 Santos Port Suite 159 Williamshire, OH 63489",755.699.8984,christopher74@example.net
6ebb6b78,Rachel,Taylor,Male,1938-02-25,Unit 1410 Box 0043 DPO AP 71682,7454459840,jennifertaylor@example.net
aae7a6ef,Frank,Johnson,Female,1959-04-15,"82431 Clifford Ports Apt. 659 Lake Angelport, SD 13741",377.653.3468,kespinoza@example.com
6db8c061,Brittney,Johnson,Other,1945-10-02,"36627 Duran Common Fernandoberg, ID 00660",(903)944-4624x069,millerjennifer@example.org
1323ab16,Brooke,Willis,Other,1983-07-02,"5379 Golden Light Apt. 187 Hessmouth, AL 50094",+1-762-945-0657x762,ahernandez@example.org
cf05bb48,Megan,Shaffer,Male,1937-07-28,"421 Rita Bypass Lefurt, MN 58121",001-694-541-8016,dthomas@example.net
f208fa3f,Kyle,Proctor,Male,1967-12-22,"42521 Carter Spurs New Gloria, GA 35947",668-896-5094x7209,kaitlynbeasley@example.net
d1b724f7,Leah,Johnson,Other,1970-07-07,"5987 Fuller Islands Bobbytown, HI 32575",777-658-9608x9470,wendysmith@example.com
73bb6d6f,Stephen,Brown,Male,1964-07-16,"60370 Thompson Ports Apt. 956 Georgebury, MA 18128",497.670.9058,yrichards@example.net
f8f42b50,Victoria,Nunez,Other,1990-03-13,"679 Baxter Lake Apt. 853 Ryanmouth, MS 92965",(275)450-6175,michaeldiaz@example.com
feca483a,Timothy,Powell,Male,1993-04-24,"94148 Ortega Lakes Lake Christinaberg, MI 79139",791-445-7579,williamsmatthew@example.org
1004b8b5,Thomas,Reed,Female,1954-12-02,"8209 Brown Terrace East Joshuaburgh, LA 28844",375.296.4783x41606,ccase@example.net
12b7cca3,Jeremy,Trujillo,Male,1953-01-03,"0083 Jessica Dale Mendezshire, CT 52811",(538)587-4255x8173,richard36@example.net
976f0584,Andrew,Shepard,Other,1953-11-01,"1832 Scott Ford South Rebeccahaven, TX 59975",(817)989-9508x5979,sandra70@example.org
230a1f96,Lisa,Webb,Other,1956-12-29,Unit 8468 Box 2485 DPO AP 86652,911.458.2047x498,rebeccasullivan@example.org
0efc901b,Nathan,Henry,Other,2003-12-25,Unit 1308 Box 0661 DPO AE 43517,233.732.2268x53554,laurieallen@example.com
abb5061c,William,Mills,Other,1994-06-26,"676 Sheila Court Apt. 947 Taylorfort, NH 23304",(916)605-6631,franciscochavez@example.com
3bbdf469,Steven,Ortega,Female,1950-09-18,"323 Brown Rest Suite 288 Cruzbury, NJ 25928",001-568-845-8745x33578,cdavis@example.org
58a6ebce,Corey,Harrington,Male,1983-08-13,"43862 Gordon Square Apt. 275 Kristifort, DE 46928",389.547.9018x903,barcher@example.org
32acf63f,Jessica,Ellis,Other,2004-02-24,"0963 Duran Plains Apt. 591 Darleneview, IA 73855",(526)520-4120x23719,millskristy@example.org
3e024fd4,Christopher,Lawrence,Female,1959-05-08,"627 Mitchell Fort Abbottmouth, VI 69579",+1-283-207-3902x15783,steventhompson@example.com
0d1c1b6e,Jean,Stein,Male,1965-12-05,"34080 Natasha Walks Nicholsport, NV 16421",+1-384-473-3187x483,cindy32@example.org
f46d4811,Sylvia,Johnson,Male,1944-07-09,Unit 0554 Box 6754 DPO AP 45045,391-654-1042x217,harmonpatrick@example.org
c7f42861,Tiffany,Lucas,Male,2006-04-03,USS Collins FPO AA 38418,532-279-4666x7758,brittanywhite@example.net
8926a581,Rachel,Henry,Other,1954-01-31,"184 Kevin Hill Tonyhaven, WY 56504",(771)674-9132,robinsonshelly@example.net
c5f2f340,Christine,Sullivan,Female,1988-04-08,Unit 3187 Box 1421 DPO AA 92985,+1-826-200-3502x33965,matthew75@example.org
e20874ca,Regina,Maldonado,Female,1947-03-23,"27763 Rachel Village Suite 775 Kellyfurt, GA 74943",+1-816-787-7896x57906,cnguyen@example.org
791ac811,Melissa,Lee,Female,1977-10-27,"64054 Charles Canyon Seanberg, NH 45242",8254149477,holly58@example.net
98c16ca5,Michael,Foster,Female,1946-08-12,"694 Richard Roads Apt. 952 Port Darrentown, OK 72071",5427350799,barbaraphillips@example.org
c80db0c1,Barbara,Hernandez,Other,1942-11-21,"PSC 5716, Box 9910 APO AA 14653",+1-412-998-9148,michaelsmith@example.net
cb3ac8b0,Jeremy,Welch,Female,1967-01-18,"13763 Joe Shoals Christinabury, MI 27217",557-956-5474x59620,amy16@example.org
e2a07529,Austin,Harris,Other,1977-02-07,Unit 6882 Box 8720 DPO AP 64992,5592457862,martinezchristine@example.com
fd16ea4e,Andrew,Bush,Female,1954-09-19,"54029 Stephanie Spur Jaredshire, OK 31951",(753)333-4390x195,pkent@example.net
a19401b1,Joseph,Washington,Other,1985-09-12,"50583 Snyder Station Suite 581 East Joechester, HI 53701",(200)892-6177x79628,jennifer55@example.net
e1569653,Margaret,Scott,Male,1953-02-20,"297 Christy Stravenue Martinezchester, ND 75564",(955)256-0614x7510,samantha20@example.org
1bcc2798,Brian,Lopez,Other,1965-11-17,"89824 Walsh Isle Apt. 799 Salazarton, NJ 13793",266.661.4175x7999,sarah07@example.org
692fc22c,Crystal,Benitez,Male,1967-04-04,"980 Cox Creek Apt. 269 Guyhaven, MO 75417",+1-858-436-6004x171,jared35@example.org
3f60b8d1,Tamara,Bryant,Female,1969-04-28,"884 James Mountain Apt. 006 Nelsonmouth, ME 99659",876-615-1907,mendozashaun@example.net
06bf35e8,Kelsey,Smith,Male,1984-12-01,"7852 Rebekah Camp Apt. 451 Jerryfort, MP 37259",001-903-830-8978,michaelcherry@example.org
df260524,Randy,Martinez,Female,1992-10-02,"42427 Garcia Bypass Port Yvonnefurt, PW 04449",+1-576-268-7988x546,johncordova@example.org
c8efbd24,Robert,Walker,Female,1969-02-14,"5322 Walker Junctions Tashaburgh, KY 59447",+1-399-720-6251,michael14@example.com
2af4f47c,John,Smith,Other,1981-12-10,"981 Dana Corners Port Aliciaborough, MH 07314",+1-271-705-4730,kortiz@example.org
6dccc191,Roy,Ramsey,Other,2002-06-11,"369 Lowe Court Lake Margaretton, AL 70887",001-579-999-1298,joshuagriffith@example.com
fcbf6008,Jason,Cunningham,Male,2001-05-18,"9011 Luis Throughway Suite 755 Butlerport, NE 59269",(894)705-5640,susan01@example.com
7b5a0aa4,Kyle,James,Other,1998-11-13,"8466 Donaldson Plaza North Shane, SD 34569",(784)678-5007x61365,qmolina@example.com
b43c7fef,Melody,Williams,Female,1998-07-12,"64644 Sandoval Valleys Suite 474 New Jeremyfurt, WY 05223",+1-687-294-1642x814,mwilson@example.com
6bf4e0a7,Kristen,Ramirez,Female,1991-10-11,"297 Mcgee Squares East Lisa, AR 89608",956-389-6964x009,francisco80@example.org
ace4f87b,Paul,Giles,Female,1982-05-06,"39047 Scott Brook Apt. 228 West Markchester, MA 63712",3705838083,stephanie90@example.com
344da502,Victor,Johnson,Female,2006-03-16,"4780 Lee Turnpike Apt. 144 Williamsberg, NJ 22138",(288)432-2458,thomascooke@example.org
eb4fdf8f,Brittany,Sawyer,Female,1969-02-06,"2061 Jeremiah Vista Apt. 120 Roberthaven, MH 85556",833.700.2433x263,gregory47@example.net
fec557c9,Zachary,Hayes,Other,1983-12-19,"4090 Patricia Turnpike Apt. 306 East Brandonport, AS 92676",+1-867-393-5148x55223,sjones@example.com
a637ff16,Dana,Mercado,Other,1976-09-07,"46945 David Lights Sarahstad, CO 09596",382-407-2396,upena@example.net
43a85298,Kevin,Li,Female,1974-05-01,"3391 Stephens Inlet Meyerborough, NY 20155",605-737-1985,emcpherson@example.org
ea913c16,Christina,Murphy,Other,1982-03-31,"414 Burnett Forges Port Richardberg, MS 57753",747-728-7894x96649,smithscott@example.net
efe17e42,Taylor,Young,Male,1980-01-06,"51665 Serrano Rapids Apt. 319 North Bruceville, KY 91377",(913)847-2547,taylorrichard@example.net
469bbbbf,Danielle,Shepard,Male,1953-03-24,Unit 8934 Box 1375 DPO AA 35729,718.214.8458,dhill@example.net
bc64f216,John,Ortiz,Female,1999-08-17,"6158 Thompson Field Apt. 455 Floresmouth, GU 74559",407.868.1315,grahambrittany@example.org
4fca79b8,Nicole,Castillo,Female,1991-09-15,"30203 Stephen Lock Suite 708 East Christinaport, IL 24016",001-920-379-6088,cassidyhutchinson@example.net
a408e55a,Cody,Harris,Female,2004-12-02,"564 Shelton Manor Jasonchester, TX 96536",863-285-7642,colemanandrew@example.com
10258b8d,Rebecca,Berger,Male,1970-04-21,"6891 Andrew Unions Suite 296 Hernandezland, CT 34378",595.252.6670x9204,melissamullen@example.net
b745dc5c,Devon,Baker,Other,1986-03-13,"730 Ingram Rapid Apt. 663 South William, FM 37974",366.415.3453x594,aaron54@example.net
b66e3b45,Laura,Farmer,Female,1990-02-20,"161 Denise Summit Clarkview, FM 36948",(788)385-6198x43344,john96@example.net
0c46bf0a,Melissa,Mitchell,Other,1972-10-05,"923 Garcia Points Suite 607 Pachecohaven, MN 48273",+1-334-820-0725,vwilson@example.net
a5145b61,Rebecca,Thomas,Other,1934-11-26,"6319 William River Suite 103 West Mitchell, PR 36630",(288)848-0684x54170,courtneybrown@example.org
4ef4a103,Kelly,Serrano,Other,1996-01-14,"89845 Estrada Inlet Brianport, VA 83593",(994)640-3867x6882,victoriahood@example.net
7cbb1945,Dennis,Rhodes,Female,1987-12-16,"15444 Christopher Dam North Brianhaven, SD 32089",490-986-8102x1088,johnnycooper@example.com
e55d3165,Christopher,Banks,Other,1968-02-16,"9340 White Stream Suite 125 East Ann, DE 46906",001-274-295-9446x439,kimberlydiaz@example.net
04a5636c,Cole,Contreras,Other,2003-12-04,USCGC Foster FPO AE 28857,783-426-4873,floreskrystal@example.com
05eaaa42,Tim,Newton,Female,2001-10-30,"5607 Jamie Highway Suite 464 North Patrickburgh, GU 51819",001-292-900-7604,vward@example.net
db50713c,Derek,Butler,Other,1984-09-06,"926 Matthew Port South Sharonchester, NE 30177",383-927-3721,qmelendez@example.com
70a44c70,Raymond,Estes,Other,1983-05-25,"PSC 8769, Box 8852 APO AP 13431",827.734.6361x875,mkennedy@example.com
768ede2d,Jeremiah,Graves,Female,1964-08-06,USNS Drake FPO AA 56313,(634)993-4599x186,nashjonathan@example.com
9ff990c2,Samantha,Charles,Other,1941-12-27,"674 Hill Bridge Suite 018 Gomezstad, AZ 78106",631-593-5825x2743,victoriamiles@example.org
ca0f914e,Makayla,Moore,Other,1975-06-01,"1343 Linda Stravenue Suite 613 East Angelicaland, FL 45160",621-289-4536x12802,robert12@example.com
b52363e7,Rebecca,Rodriguez,Other,1971-06-28,"69815 Saunders Forges Donaldfort, MD 84145",293.972.8584x9708,randall71@example.org
09f18508,Randy,Sanders,Male,1959-07-13,"74899 Cooper Parkway Apt. 294 Port Bradley, FL 40985",001-371-848-8658x1963,rodriguezamber@example.com
e1733e57,Autumn,Anthony,Female,1953-12-04,"728 Hall Falls Suite 404 Lake Tina, MH 81912",573.499.7219x76337,colemanthomas@example.org
fe0a497b,Stephanie,West,Female,1985-03-14,"24319 Deborah Pines Suite 906 East Susan, SC 57019",+1-658-644-4287x1351,frances21@example.net
199c66e9,Robert,Floyd,Other,1997-09-14,Unit 8658 Box 5795 DPO AA 60633,001-972-403-6801x351,nicholascompton@example.net
eb588afd,Laura,Vance,Other,2007-04-16,"809 Smith Locks Apt. 710 West Mistyside, WV 40865",001-647-280-2282x4476,elizabeth17@example.com
5bd95f27,Richard,Hanson,Other,1950-05-08,"40101 Beth Trail Watkinshaven, RI 34392",001-719-414-3597x0669,robinsonjulie@example.net
ae8bc27d,Edward,Davis,Male,1970-01-25,"89671 Timothy Port Apt. 062 Chelseaburgh, VT 45359",882.522.1934,jensenjonathan@example.net
017b75fb,Kelly,Russell,Other,1992-07-24,"054 Matthew Summit Suite 893 West Rhonda, DE 18471",001-338-304-4339x152,rmora@example.net
81d60538,Karen,Baker,Female,1954-01-31,"819 Michael Dam West Jessicafurt, AL 50433",+1-449-227-1231x660,tmason@example.com
b2dca21f,Anthony,Carroll,Male,1945-10-07,"542 Kelsey Points Apt. 755 Martinezfurt, NJ 82862",+1-756-602-4111x966,johngarcia@example.net
8d856cb4,William,Goodwin,Female,1976-05-28,"75860 Bryan Plaza East Dianeland, HI 16241",+1-260-892-9313x71048,stevenmcgee@example.org
23a61bc3,Taylor,Merritt,Female,1961-11-11,"07445 Holly Throughway Port Cynthiashire, IA 66284",552.420.7720x44610,kimberly18@example.com
4b7f7cd0,Rodney,Sullivan,Other,2004-12-22,"00595 Lawrence Summit Suite 513 Lutzbury, KS 28717",(951)690-6602,carly61@example.net
724322f6,Christina,Sims,Male,2001-03-01,USNS Miller FPO AP 95014,205-560-3402x9255,robert87@example.net
7cad1066,Preston,Guerrero,Other,1988-06-29,"09553 Stephens Fall Wardborough, MS 28344",454.464.7783,garrett27@example.com
8b6a53c9,Sarah,Mcbride,Other,1961-04-18,"694 Allen View Suite 443 Robinsonshire, SC 79536",(721)473-0824,antonioflores@example.net
fa36919a,Sherry,Berry,Female,1956-01-10,"7319 Barnes Meadows Amyburgh, AL 62651",(753)602-4763x77532,llewis@example.org
0fe8c8d5,Jennifer,Parks,Male,1943-08-25,"5919 Richard Avenue Danielsmouth, UT 38804",583-726-6740x872,holderdavid@example.net
b459332c,Samantha,Miller,Female,1975-03-21,"59677 Evans Field Apt. 206 Jeffreyside, HI 86508",2498916305,cortezcheryl@example.net
7398571b,Alexa,Francis,Female,1950-05-14,"2337 Eric Pass Suite 197 New Nathanielview, DE 90969",001-867-755-4071x46479,williamscody@example.com
e2fc6194,Richard,Blevins,Female,1936-11-12,"8365 Anne Bypass Ryanfort, SD 50670",381.744.8159x16302,wdurham@example.org
a427c3d4,Christy,Griffin,Other,2003-01-24,"08087 Edwards Pass West Alexis, NY 25019",+1-469-591-4598x1353,ojones@example.com
41ee3fe0,Shannon,Jimenez,Female,1997-10-03,"6690 Lindsay Plaza Suite 857 South Tyler, RI 95734",(343)718-7246x8532,traceyclark@example.org
35e61879,Kyle,Newton,Female,1968-05-07,"07562 Erika Neck South Darren, WY 16281",625-201-8961x028,melaniejohnson@example.org
dc704f29,Linda,Ford,Other,1989-03-04,"23036 Woods Garden Apt. 827 Carterside, WY 87402",952-219-9525x3282,lauren00@example.com
0eed6387,Julie,Zuniga,Male,1996-07-02,"40758 Vanessa Way Port Erinfort, AR 23884",001-257-759-8564x116,kristawise@example.net
62bc6927,Michelle,Fox,Other,1971-05-17,Unit 9261 Box 2044 DPO AA 80925,543-481-6878x0543,sabrina95@example.org
686f4a10,David,Wilson,Male,1985-01-10,"7395 Heather Squares Donnaville, AK 45635",(422)219-7916x728,ulee@example.com
06e69e30,Jacob,Chandler,Other,1970-12-05,"64159 Nancy Center Danafurt, NY 12394",(724)259-0462,cassandra66@example.net
8278591c,Michelle,Smith,Other,1964-07-08,"38676 Martinez Mountains Suite 088 Richardston, PR 53745",(294)262-3617x7824,juarezjohn@example.net
66ad7b22,Peggy,Foster,Female,1955-06-03,"6864 Robert Via Apt. 051 Rogersport, KY 05824",+1-986-844-6245x09027,cynthiawhitaker@example.org
80b471a9,Todd,Harrison,Male,1940-02-21,"406 Thomas Via Suite 956 Tonyamouth, LA 12952",(583)278-1194x126,brandon15@example.com
76d92951,Jonathan,Sullivan,Other,1970-01-20,"19201 Lisa Neck Apt. 946 East Alexander, MP 08491",+1-715-818-9283x8067,karencraig@example.com
1c73e0b2,Harold,Mccann,Other,1978-12-24,"8828 Davis Viaduct South Jill, NE 73647",(429)776-4339,bassjoseph@example.com
74ce7eea,Deanna,Long,Male,1963-05-06,USNV Mann FPO AE 41593,969.210.6233x40520,eneal@example.net
81ddf8dd,Bobby,Garner,Other,1949-08-28,"199 Hansen Rue North Todd, TN 77257",496-448-6731x7907,frank98@example.org
f16256e6,Paul,Patel,Male,1994-01-20,"PSC 4601, Box 7844 APO AP 67771",358.610.4911x277,jason59@example.org
2fbc3a95,Candice,Cordova,Female,1963-04-24,"71801 Hardin Cliffs East Craig, SC 95785",3264717434,zmorgan@example.net
7739d13d,Sara,Gates,Male,2000-06-30,"888 Jennifer Turnpike Blackwellfort, NC 11181",+1-947-395-9016x2042,justinmurray@example.org
e3f7a11c,Justin,Booth,Female,2000-10-04,"13777 Tucker Track Lewisborough, NV 66273",(623)490-1525x8605,jillian96@example.org
57bd9c0e,Brittany,Baker,Female,1951-04-13,"188 Chen Isle Suite 422 New Aaronberg, AR 49038",001-910-745-6391,mccarthynicholas@example.net
46f8b99a,Rachael,Rogers,Female,1999-05-12,"2009 Schwartz Springs New Nicholasborough, NY 39293",(510)758-9195,cassandra24@example.com
1fce47d3,Steven,Perez,Female,1979-12-04,"9225 Scott Points East Jesseton, MT 42820",001-406-421-1484x012,hartmanmark@example.org
63f69ed4,Joshua,White,Female,1940-08-19,"545 Gregory Trail South Jennifermouth, GA 72220",435.399.7474x015,sara00@example.org
abfd6fb8,Zachary,Harmon,Male,1996-10-31,"76223 Keith Tunnel North Ericaborough, PW 75271",+1-456-839-8721x228,billyreid@example.com
cbcf3bf3,Peter,Curry,Female,1971-11-26,"252 David Bypass Jasonfurt, GA 69646",(858)272-0562x332,jasonperez@example.org
cb2765ec,Carlos,Goodwin,Female,2001-05-23,"12969 Mark Flats West Rebecca, MS 79185",(285)226-5427,mooresara@example.com
74fa1243,Henry,Henderson,Male,1994-09-19,"158 Mcgee Underpass Suite 423 Lake Alanburgh, DC 07490",212.968.5914x391,francispatricia@example.org
c7345090,Brandon,Chase,Male,2007-03-12,"508 Kelley Falls Smithside, PW 88951",341.959.4992x1615,pennymontgomery@example.org
6c4e8348,Andrew,Smith,Other,1959-07-29,"37143 Brown Tunnel Suite 314 South Carloschester, LA 74274",+1-878-224-1455x930,keithward@example.com
81f5c8f6,David,Martin,Female,1963-02-10,"9360 Bridget Shoal Apt. 636 West Kiarafurt, TN 91540",001-289-402-2730x118,kathleen38@example.com
63f76d5a,James,Todd,Male,1990-01-24,"676 Ortiz Plain Apt. 655 Owenshire, DC 79599",8693665580,bruceeaton@example.net
6b1a682f,Amanda,Solomon,Other,1935-12-12,"71128 Jennings Track Andreafort, IN 59622",454.804.2124x165,courtney94@example.net
bcccb9c8,Jordan,Perez,Other,1953-07-02,"60162 Marissa Road Suite 970 Port Emilyville, MA 11560",+1-791-865-6185x432,eturner@example.net
6ca7c3b8,Lauren,Bean,Female,2005-06-09,"7260 Bowen Walk Apt. 791 Housemouth, SC 64133",+1-854-391-6902x3867,amyatkinson@example.com
ece5ff9a,Joseph,Martinez,Male,1976-12-08,"17923 Terry Shoal East Teresaborough, MA 36563",+1-222-842-2624x58922,jacqueline53@example.org
60b27918,Samuel,Copeland,Other,1973-02-12,Unit 6423 Box 4379 DPO AP 94613,(524)365-1205x2978,turnerchad@example.org
bfd02fe2,Karen,Miller,Male,1942-12-12,"758 Matthew Harbor Davisshire, FM 27591",614-640-6592x3219,nicholasthompson@example.net
58dffca0,Gary,Patterson,Other,1999-11-23,"351 Schwartz Burg Suite 518 Powersshire, ND 60188",(283)900-0560x62585,cmitchell@example.net
0e6f0fad,Cameron,Baird,Male,1966-02-20,"482 Cole Throughway Jamesmouth, MH 64729",593.633.3493,browntimothy@example.org
3642e791,Angela,Ruiz,Female,1998-01-06,"6466 Victor Fork East Dawn, NE 38574",744.253.4051x70264,ischwartz@example.org
1127aeb9,Deborah,Wright,Male,1951-10-23,"PSC 4951, Box 3204 APO AP 42228",8643912586,wkelley@example.com
836b6fcd,Scott,Hogan,Male,1945-01-26,"15047 Rhonda River East Tiffanyshire, FL 22468",480.379.4385,michael78@example.org
ae164ef1,Christina,Conner,Other,1953-03-11,"23238 Callahan Prairie Veronicamouth, CT 35039",669.564.1343,ztaylor@example.com
acd12b50,Jason,Maddox,Other,1990-10-15,"10638 Donna Fields Suite 544 Marquezland, DE 10943",774.635.0723x4102,jamespeck@example.com
3b00f934,Madison,Ramirez,Other,2005-01-12,"PSC 1494, Box 6859 APO AE 17669",(558)585-5439x898,davilarobin@example.com
a5b0ed73,Adam,Johnson,Other,1991-03-16,"39393 Hughes Vista Juliehaven, RI 69665",(981)292-1994x4792,pcox@example.org
f50b5436,Erik,Sullivan,Female,2000-03-09,"69081 Sharon Glen Apt. 345 Hernandezborough, AZ 19317",(363)743-4002x758,vmiller@example.com
cae04a20,Brooke,Jimenez,Other,1945-03-21,"4565 Jennifer Curve West Justinville, HI 38719",(779)588-0431,michelle51@example.com
93a35abb,Marie,Mendoza,Female,1971-03-10,Unit 5510 Box 8627 DPO AP 13610,001-287-753-4569,hansoncrystal@example.org
8c2fbf70,Ryan,Lewis,Male,1936-12-15,"009 Dixon Bridge Tammychester, ID 83956",(476)982-1642x36967,kevin97@example.org
9b41c0b9,Lynn,Hurst,Other,1994-04-15,USNS Haney FPO AP 63370,001-326-825-1372x4090,steelegary@example.org
4ab4649d,Brian,Moore,Other,1973-11-03,"45133 Adkins Pine Apt. 611 South Juliestad, OH 75965",495-587-7196,tjohnson@example.net
093a3d8e,Kathy,Jones,Female,1996-02-13,"461 Martinez Curve Port Brian, HI 46943",+1-958-569-1020,fisherbrenda@example.com
f32df77d,Margaret,Braun,Female,2001-02-23,"056 Nicole Alley Lake Dylanchester, AR 88835",+1-745-388-0821x3673,lholt@example.net
6ddf2467,Stacey,Edwards,Male,1964-05-21,"972 Jerry Highway Port Rachelview, AK 76326",+1-285-748-7553x263,joeturner@example.net
95965602,Annette,Hernandez,Male,1938-06-20,"64964 Michael Ranch Suite 075 North Jaclyn, CO 35537",001-410-277-5800x5514,amyanderson@example.com
5177c073,Robert,Phillips,Female,1987-10-07,"8510 Melanie Bridge Suite 125 South Danahaven, MI 27024",7316892590,brianzavala@example.net
161a398f,Christopher,Frazier,Other,1970-10-25,"322 Travis Walk Suite 399 Josephshire, ID 27825",+1-583-732-8386x4394,cindy48@example.com
54e3dedd,Jose,Kent,Other,1955-11-13,"9461 Shelton Overpass Lake Dwaynemouth, UT 27254",(959)506-9854,ramirezjames@example.com
a4f55722,Alyssa,Beck,Male,1953-11-09,"01035 Ellen Canyon Amandahaven, AZ 72467",(876)793-6531x5675,johnellis@example.net
2128ea1b,Shawn,Christensen,Other,1977-10-21,"25788 Hailey Lakes Suite 776 Osborneton, VA 04878",+1-797-780-4963x703,ospence@example.com
a4edd845,Chelsea,Arnold,Female,1957-08-28,USNS Le FPO AA 82576,913-964-2878x75816,meghanweaver@example.org
cd7c12d4,Jeffery,Jones,Other,1951-03-10,"52513 Dana Squares Glennton, VA 24923",+1-806-530-4757x8948,mark73@example.org
5a7d010f,Jessica,Kaufman,Female,1990-08-26,"93302 Aaron Dale South Tiffany, UT 94902",459.825.7289,gina52@example.org
211cc82c,Ryan,Figueroa,Male,2005-05-24,"488 Jeremy Loaf Apt. 465 Kennethtown, WV 27101",(207)446-2359x94313,jamieglenn@example.com
42c3ccf4,Jennifer,Jones,Other,1956-09-09,"3488 Sarah Canyon Suite 973 Kelleyfort, MO 15463",(599)708-3786,finleyandrea@example.org
d01854ca,Alex,Rodriguez,Female,1935-10-12,"5192 Medina Springs Apt. 071 Rivashaven, MP 17250",001-960-718-6275,beth52@example.com
87314ad7,Daniel,Martin,Other,2000-05-01,"088 Payne Tunnel Apt. 430 Lake Chelseaside, NM 10247",484.494.4323x574,loriromero@example.net
d8d59d37,Daniel,Clark,Male,1958-04-18,"43012 Moreno Divide Suite 607 Port Robert, WV 39551",+1-685-979-8802x79493,michael76@example.net
6248619c,Mary,Mcclure,Other,1934-09-28,"PSC 1837, Box 0030 APO AA 46839",+1-396-310-7438,madeline58@example.net
a8e29985,Mark,Blake,Female,1941-01-08,"75126 Lopez Hills Leonardtown, ID 98262",690-932-6274,jacqueline75@example.com
57554270,Melissa,Morgan,Male,1977-08-14,"94862 Ortiz Keys Apt. 349 Tylerburgh, PW 38917",001-522-242-9837x23033,reyesapril@example.org
78fb2ce5,Mary,Young,Female,1974-05-22,"169 Hubbard Greens Victoriahaven, AZ 19992",752.682.3534,qzamora@example.com
93124c5a,Timothy,Bradley,Female,1957-05-21,"7274 Keith Falls Suite 001 Silvaberg, CA 94855",(251)810-2780x362,kellerjennifer@example.com
19428ddc,Bruce,Rangel,Female,1968-03-07,"556 Tracy Manors Apt. 813 North Zacharyshire, UT 56086",(217)534-6996,jaclyn59@example.org
a5b859fb,David,Gibson,Other,2000-10-21,"31099 Diane Harbors Apt. 256 Williamsonview, MP 65322",001-804-547-7097,carolyn77@example.net
2c3ab670,Rachel,Jensen,Female,1972-08-06,"8122 Taylor Key New Kristytown, MH 84856",660.473.3251x578,qowens@example.org
fec7a850,Angela,Oneal,Male,1952-07-22,"92868 Kenneth Turnpike Suite 865 Chapmanside, NY 92276",228-406-0096x234,john69@example.net
491ac4d6,Jeanette,Peterson,Female,1955-02-14,"75356 Mark Mountain Andrewbury, MD 56547",3402977590,mark92@example.com
23dcd391,Audrey,Sullivan,Female,1998-10-02,"PSC 2049, Box 3535 APO AA 11980",778.926.7590x5454,powerskerri@example.net
95383db1,Lindsay,Anderson,Other,1962-02-04,"06486 Mcdaniel Trace South Sharonmouth, NE 92121",001-605-329-0224x238,pmueller@example.org
fd8dcb7c,Justin,Freeman,Other,1991-06-25,"9942 Tony Turnpike Apt. 178 East Brian, NV 10378",(667)252-0202x7194,zharris@example.org
9ee49919,Benjamin,Gonzalez,Other,1996-04-09,"217 Daniel Crossing Apt. 052 Davidburgh, NM 03066",001-426-992-2477,kimberly13@example.org
daf312f2,Chelsey,Garza,Other,2005-10-05,"4498 Janet Ferry Codymouth, ND 97197",001-550-535-4694x78576,meghanharvey@example.com
1b083620,Shawna,Thompson,Male,1998-02-25,"071 Burns Keys Apt. 763 Kellytown, CA 06788",532-232-7614x4626,williamspatricia@example.com
1b25062c,Patricia,Meyer,Female,1955-10-14,"5280 Mason Plains South Jacquelineborough, MA 32875",(918)875-3612,rodriguezmatthew@example.org
a47a9526,William,Obrien,Other,1954-03-09,"217 Barry Green Toddmouth, HI 56634",001-695-457-0654,deborahbarrera@example.net
957e3b4c,Jasmine,Sims,Other,1997-10-15,"2312 Rebecca Tunnel Suite 252 South Tracy, NE 28421",001-629-785-4421,greenpamela@example.com
67ad1d72,Ryan,Caldwell,Other,1987-12-26,"83373 Laura Ramp Port William, MD 56286",(241)576-5706,nancy02@example.net
89a49083,Julie,Hernandez,Male,1961-05-28,"692 Fernandez Fort Apt. 854 Brandonfurt, MD 60152",209-274-0557,ronaldgutierrez@example.org
0657e258,Gabriel,Shepherd,Female,2002-01-07,"2171 Christine Orchard Suite 658 Justinport, DE 71693",571.891.3089x41778,kenneth73@example.com
281cf8bb,Crystal,Kirk,Male,1958-01-17,"11871 Grant Tunnel Toddfurt, AS 62629",351.457.1476x5597,faulknertimothy@example.org
8614464c,Lance,Sullivan,Male,1955-03-21,"5721 Morales Overpass North Lacey, CT 40564",001-654-224-7561x766,ccarson@example.org
43c778e8,Emily,Martin,Male,1940-04-03,"1514 Ernest Parks Suite 703 Lake Kathrynton, AK 41746",7127255542,lpayne@example.org
02655aaf,Garrett,Kim,Male,2002-07-13,"6781 Jones Course Timothytown, IN 00636",+1-707-924-3628x676,whardy@example.net
c40a1521,Ryan,Martin,Other,1943-03-18,"2463 Mario Stream Toddshire, SC 13332",(461)442-3913,eric06@example.com
41c11b30,David,Greene,Other,1985-04-30,"PSC 7684, Box 3767 APO AE 36484",570-784-7532x04608,morajohn@example.net
45816e5c,John,Alvarez,Other,1948-12-24,"43983 Ewing Oval Apt. 423 Lewiston, PR 22558",384-472-7794,carolcarter@example.org
e9f99686,Aaron,Williams,Male,1941-06-05,"683 Erica Springs North Jessicashire, DC 92215",7265938456,ggonzalez@example.net
7c5caf25,Steven,Holmes,Female,1995-11-21,"49746 Catherine Ridge Apt. 890 Dwaynechester, DE 12176",(855)971-9571x9404,mitchellking@example.com
97a2c225,Aaron,Irwin,Female,1969-09-24,"6415 Mallory Views Sharonfort, MO 51201",649-987-6645x243,twhite@example.com
3f4d2b2d,Peter,Olson,Male,1959-03-22,"296 Kenneth Hills Apt. 173 Danielstad, TN 19057",(611)504-2667,brian56@example.net
d3de6daa,Michael,Martin,Other,1987-04-28,"7001 Lawrence Station Reginaside, NH 61464",(818)739-3650x03442,angelamullen@example.org
19573c87,Daniel,Duncan,Male,1979-04-09,"536 Moore Ports Suite 905 Lake Wesleyville, TX 36495",384-936-0568,matthewmoore@example.net
c3eec10e,Sean,Harmon,Male,2006-10-29,"66667 Justin Ports Rickyhaven, VA 85833",856-335-2904x164,christopherlowery@example.com
933385d3,John,Gardner,Other,1971-10-29,"43482 Keith Street Sweeneyshire, NV 41359",291-383-7982x3025,eramirez@example.com
23e2af71,Daniel,Horn,Female,1945-10-21,"41482 Debra Village Suite 791 Cliffordshire, NJ 15019",(629)448-3755x88244,cassandra11@example.net
a5693e57,Clifford,Smith,Other,1959-01-02,USNV Murphy FPO AA 65051,7369922439,michaelsmith@example.org
8e7b7bd0,Kyle,Lewis,Female,1995-06-23,"02062 Richard Mission Suite 771 Samanthaburgh, WY 09498",001-780-412-9199x4746,saraharnold@example.com
d566890d,Jill,Powell,Other,1962-09-12,"2178 Derrick Points North Sarah, CT 81804",296.512.8515x6606,eharris@example.org
3944fa45,Lauren,Howard,Female,1977-02-09,"51083 Brian Station Suite 155 East Karl, AL 74077",614.875.6982x68349,hernandezrichard@example.com
1b419f47,Susan,Johnson,Male,1953-03-07,Unit 8891 Box 7118 DPO AE 37503,(612)453-8917,fcollins@example.com
ce27ea1b,Samuel,Schroeder,Female,1962-09-18,"73896 Daniels Fort Suite 158 Port Elijahburgh, NY 34753",715-492-1438x271,browndonna@example.net
557bae1a,Jamie,Jones,Other,1945-09-21,"08624 Farmer Passage Apt. 809 North Mark, OH 49492",370-800-3733x96763,christophercruz@example.org
92a70b62,Mark,Hughes,Female,1962-12-30,"878 Wright Plains New Jordan, OH 16230",001-424-484-8479x6153,davidmitchell@example.org
2290d4ea,Mary,Lester,Male,2004-07-30,Unit 2286 Box 4970 DPO AP 30918,9778745198,ashley77@example.org
4ffe5b31,Roger,Murphy,Female,1996-12-01,"1666 Kemp Street Apt. 059 New Angela, FL 72512",001-436-252-4211x516,matthew13@example.net
f01b4847,Nicole,Gomez,Male,2000-03-29,"92892 Kurt Knoll West Robert, CT 80954",+1-951-374-8664x26183,mitchelldana@example.net
8ab34ddf,Sarah,Morris,Other,1996-05-21,"2649 Montoya Loaf Arroyoland, TN 02288",(470)260-9955x3611,cheyennecrawford@example.net
5258ce4e,Courtney,Cole,Male,1980-11-27,"8729 Turner Shores Suite 693 Tracymouth, NV 37832",203-218-9115x169,blake03@example.org
5c3120dd,Lisa,Jones,Other,1955-07-03,"2870 Richardson Stream Apt. 371 Marcushaven, NC 90280",8817307265,tabithaphillips@example.net
ff5cec53,Alexis,Bright,Female,1936-08-21,"7040 Osborne Club Apt. 754 Garyshire, CO 54208",001-749-484-8766x2901,amanda44@example.org
0fda93fd,Amber,Booth,Male,1947-08-08,"94909 Kirk Landing Suite 613 Port Aaron, TN 76915",327.554.2184x7137,stacyhoffman@example.com
e320a3a8,Theodore,Hahn,Female,1974-05-30,USNV Hill FPO AE 30426,001-507-863-2599,gcruz@example.org
22459a13,Abigail,Charles,Other,1986-11-22,"30439 Sabrina Keys Suite 773 Tinatown, ME 70724",+1-639-513-5391x49390,qpreston@example.com
5dc7ed76,James,Small,Female,1984-03-17,"04953 Judy Forest Suite 301 Bridgesport, WI 73614",001-347-315-0589x14368,griffithpaul@example.org
89894c62,Melanie,Hamilton,Male,1982-08-01,"5180 Megan Square Vincentborough, NJ 28412",+1-513-939-9426x555,kimberly84@example.com
3f6a4be1,Teresa,Hanson,Male,1939-07-26,"6260 Fleming Courts West Douglas, VI 50153",001-981-801-2851,milleranthony@example.net
fa9fae28,Michael,Barker,Male,2006-02-07,"895 Amber Alley Suite 617 Lake Frankberg, NJ 11157",748-355-7779x39756,rmitchell@example.net
d0e64211,Jane,Miller,Other,1935-09-08,"9002 Jacob Points Suite 827 North Carrieland, AK 17792",001-435-634-8854x85834,boydrachel@example.org
bdebe403,Jennifer,Lozano,Female,1962-02-09,"115 Alexander Wall East Karen, TN 49351",873-994-5547x762,stevenrobbins@example.org
5ed13536,Jessica,Morris,Female,1946-05-04,"511 Allen Village Suite 872 East Kimberlyfort, VA 36651",(960)413-6368x1935,emilysmith@example.net
d3115e65,Bryan,Cole,Female,1942-12-25,"70708 Santos Vista Apt. 864 South Johnhaven, OR 30424",(632)286-8979,johnsonroberto@example.com
9c7213eb,Morgan,Castro,Female,1952-08-10,"47688 Martinez Pines Suite 051 Sandrashire, WV 18739",+1-642-481-3434x387,daniel88@example.org
00b877a7,Sylvia,Jackson,Female,1941-10-07,"80271 Kimberly Rue Suite 721 Port Michelle, WY 05040",346.580.6590x7613,jalexander@example.org
19abaeb2,Steve,Hill,Male,1968-03-17,"1402 Cooper Valleys Apt. 492 Monicaport, AZ 64085",001-948-318-1176x345,mezamichele@example.org
2fc46798,Anthony,Rodriguez,Male,1970-02-18,USS Estrada FPO AE 21655,987-425-6573x33208,lambertwesley@example.org
3a9b4dae,James,Garcia,Male,1950-05-11,"163 Burns Harbors Jessicaland, MD 63302",(941)874-9414x6989,qandrews@example.com
9cf8ff0e,Daniel,Vasquez,Female,1956-07-14,"6364 Nathan Well Port Amandatown, OR 21647",(933)214-4497x64603,blanchardamy@example.org
55528e59,Donna,Nichols,Male,1962-12-23,"3187 Hayes Harbors Suite 637 Teresamouth, MO 02919",001-667-821-4190x2667,ssandoval@example.net
a4b6c4af,Hannah,French,Male,1960-06-28,"89435 Tina Track Apt. 336 New Scott, DC 38414",428-960-3922,jmurray@example.com
2942e6ff,Vanessa,Chaney,Other,1967-03-04,"428 Payne Meadows Apt. 467 East Kristin, OR 77921",(470)386-7432x919,justin65@example.net
15331a36,Mark,Weeks,Female,1949-03-04,"692 Ruth Wall South Kimberly, MI 52037",212.663.8477,denisemiller@example.com
216d21af,Samuel,Green,Male,1944-11-27,"749 Victoria Prairie Apt. 218 Jennamouth, FL 75232",630.985.0641x733,jessicapeterson@example.net
1018b917,Brenda,Owen,Female,1965-11-26,"0468 Wilson Falls Suite 453 New Leslie, MP 44305",6992318937,pamela14@example.org
a91ad029,Michael,Gibson,Female,2001-04-05,"1022 Johnson Mall West Daniel, MN 26777",(565)576-1035,palmerjanice@example.org
af27d5a9,Charlotte,Juarez,Male,1989-05-04,"8522 Tracey Road Apt. 834 East Kristi, PR 75989",295.432.4463x286,marybyrd@example.net
e24ab919,Danielle,Evans,Other,1993-02-02,"4245 Wong Drive Apt. 981 Erinland, WV 70059",6829083007,saunderslisa@example.net
c8414b69,Jillian,Johnson,Male,1995-11-10,"96918 Jennifer Route Apt. 553 Lake Tiffanyland, WA 70418",+1-503-921-9448x1887,gbutler@example.com
4df38db4,Daniel,Byrd,Female,2000-03-12,"389 Blankenship Gardens Mandymouth, VI 85816",001-985-933-0296x604,wolfeyolanda@example.org
aadf9f48,Timothy,Ellis,Other,1954-09-17,"8282 James Junction Suite 331 South Rebecca, PA 61936",001-930-604-6451x68920,veronicafernandez@example.net
c8df0091,Lisa,Mack,Male,1969-01-09,"4707 Norris Views Apt. 451 Jessicastad, TX 85099",+1-795-722-4171x96415,jorgeanderson@example.org
e3e87228,Michael,Williams,Other,1959-05-13,"95948 Taylor Mews Suite 244 Lake Daniel, MT 46855",001-642-867-4429x580,gbailey@example.com
cab98195,Samantha,Davis,Female,1964-06-20,"45116 Long Dale Markmouth, CT 68578",001-970-251-5280x238,jeremy34@example.org
7611af26,Larry,Simmons,Male,1990-10-03,"09717 Kim Mall South Scott, FL 68608",697-391-4795x639,brandy07@example.com
5ee448d1,Sarah,Hendrix,Other,1992-08-18,"7145 Olson Green Tammystad, FM 83654",(639)895-0306,walkeraaron@example.org
38b52247,Alyssa,Briggs,Other,1993-10-09,"84756 Lee Oval Reyestown, KS 41400",(887)940-2544,aaronfowler@example.org
e4bc986e,Adam,Ray,Other,1941-09-02,"8291 Timothy Lakes Apt. 907 North Joseph, CA 96968",001-973-922-1983x2350,jsoto@example.com
edfdaaca,Richard,Sharp,Other,1996-03-14,"646 Cindy Pike Suite 471 Anthonyborough, AK 88300",(557)654-6818,jessicamahoney@example.net
41d0ed13,Mario,Sexton,Other,1947-03-22,"47620 Morris Estates Apt. 932 East Brandyside, OH 61487",+1-419-209-9981,paul70@example.org
5990ea3f,Olivia,Jones,Female,2002-02-10,"0072 Zachary Haven Apt. 055 Lake Austinstad, GA 34031",001-651-343-4696,robin97@example.net
fa528926,Ashley,Melton,Female,1979-03-17,"177 Mark Greens Apt. 828 Williamchester, MS 38774",394-264-6407,millerdavid@example.org
501e6d0b,Lori,Griffin,Male,2002-06-27,"10784 Jacobs Underpass Suite 346 Jamieberg, CA 20945",341.823.4914x43036,hriley@example.com
01549e24,Angela,Turner,Female,1943-07-28,"6760 Robert Course Apt. 948 Lake Michael, CO 12182",+1-235-237-7798x51781,tlutz@example.org
e51595ff,Caroline,Adams,Male,1951-04-11,"3439 Gilmore Road Tylerville, MD 54165",(250)836-8927x426,sanderschristopher@example.org
0c0f6456,Jack,Taylor,Female,1968-06-03,USNS Mcintyre FPO AE 36986,(240)743-6384x6788,knightmelissa@example.org
42ad78c3,Tara,Watkins,Female,1955-06-25,"49654 Moore Points Apt. 367 North Peter, PA 90471",001-810-309-0518,cabrerareginald@example.org
59a53d18,Andrew,Scott,Female,1943-10-07,"9528 Ashley Centers Suite 788 East Alyssabury, AR 87177",(902)973-7441x40772,steven79@example.org
cfd15207,Alexander,Johnson,Male,1962-03-29,"386 Elizabeth Streets Apt. 345 North Jeffrey, TN 85998",819-774-5661x5873,laurenpayne@example.net
721cfde6,Sheri,Moran,Female,1995-08-21,"407 Mary Knolls New Stephanie, WI 49585",314-600-4271x874,anthonyhenry@example.net
487ce962,David,Riley,Other,1939-03-30,"7455 Lopez Forks Apt. 273 New Carlosfurt, NC 38293",+1-522-953-9711x726,lori00@example.org
5efec515,Ricardo,Gonzalez,Other,1999-04-23,"322 Williams Cliff Salasview, NJ 90419",502-773-8120,joshua08@example.com
a94f95a0,Stephanie,Munoz,Male,1937-10-02,"4609 Acosta Vista Suite 110 Anthonyberg, MO 47049",747.958.1164x3572,kelly28@example.com
bc3f02b4,David,Campbell,Female,1970-09-13,"82581 Timothy Trail West Leah, KS 58308",(532)609-6232,rebeccasalas@example.org
63263266,Kathryn,Barnes,Other,1987-12-18,"1016 Kayla Drive Suite 311 North Joseph, NE 37201",+1-912-706-1748,parkeranthony@example.net
e921eef1,Monica,Taylor,Male,1999-05-10,"689 Flores Isle East Craigburgh, NE 42905",614.537.9287x36315,kmontgomery@example.com
276c2a29,Marissa,Baker,Other,1960-05-09,"6374 Roberts Point Apt. 072 North Kyleside, AS 90117",242.318.0276,michaelkaiser@example.net
2fa51884,Guy,Rogers,Male,1979-02-13,"537 Jane Orchard New Scottmouth, AR 26867",001-800-439-0441,kblack@example.net
3497da69,Kathleen,Skinner,Female,1955-08-05,"4544 Rodriguez Passage Kimside, FM 57024",(968)685-6937,lwilliams@example.net
71a25314,Melissa,Edwards,Other,1940-01-28,"5991 Smith Manor Apt. 902 Christopherview, PA 41463",7756083927,hollybarnes@example.com
af1d91f5,George,Berger,Male,1991-12-16,"3483 Gloria Rapid Apt. 396 Tinachester, PR 79237",407.827.7951x08332,hvasquez@example.net
97cf30d2,Lauren,Hoover,Other,1961-09-25,"75527 Adams Ville Apt. 423 Shellyview, ND 07587",6937192521,wrodriguez@example.net
f60e4efa,Nathan,Diaz,Other,1977-01-14,"25914 Kenneth Common Patrickmouth, AS 88339",7404754194,ajames@example.net
70d096ac,Margaret,Kane,Male,1969-11-12,"2963 Taylor Motorway South Geraldmouth, ND 18469",+1-698-633-3694x9175,cschwartz@example.com
7e3adbf5,Melinda,Lane,Male,1998-10-02,"84908 Anderson Lock Apt. 508 Elizabethland, WI 62795",5514392445,mcdanieljaclyn@example.net
a7d9b94d,Shawn,Black,Female,1986-04-05,"PSC 2223, Box 2617 APO AA 24837",+1-938-351-0955x4786,mooreamanda@example.net
9b8cdcb1,Brittany,Allison,Female,1989-06-11,"87071 Matthew Square Suite 685 New Ryan, MI 11316",3012993115,yburns@example.org
b6b78670,Daniel,Mcclure,Female,1949-03-05,"68010 Davis Ford Apt. 271 Port Kyle, SC 98523",001-726-647-4274,hhansen@example.net
77dc41dc,Mark,Meadows,Other,1944-06-11,"34481 Cheyenne Plaza Suite 650 Williamborough, AK 43007",827.436.7722,jessica39@example.org
879c28c2,Alexander,Tapia,Male,1947-03-15,"88992 Michael Drive Suite 276 New Geraldland, MO 34975",244.470.5056,abaker@example.com
454d50a8,Daniel,Faulkner,Other,1981-04-18,"PSC 2915, Box 5579 APO AA 02968",(661)785-8444,riverakaylee@example.com
20657178,Jessica,Giles,Other,1995-09-10,"62394 Antonio Drives Derrickbury, VI 97984",506.366.8485x986,marvin11@example.net
9fd5e5f1,Rachael,Moss,Other,1977-05-03,"903 White Glens Apt. 918 East Jameschester, WA 42466",8013142347,leonardmichele@example.com
f295b602,Alicia,Freeman,Other,1975-04-17,"020 Breanna Gateway Apt. 608 Lake Masonville, KS 36020",324-296-6729x5699,smithjohnny@example.org
bf5af0a5,Felicia,Miller,Male,1997-07-07,"1760 Strong Junctions Apt. 094 Lake Katherine, FL 60317",(436)295-5336,gjohnson@example.org
3d036087,Karen,Williams,Male,1946-05-18,"454 Savage Shore Lake Hollyville, WI 40362",460-582-0999,nmorrison@example.net
bb239311,Larry,Hampton,Female,1958-05-22,"67611 Cortez Shoals Suite 606 Williamsport, TX 56276",711-464-3512x234,susan20@example.org
14dadcc9,Thomas,Ramirez,Female,1982-06-01,"60040 Isabella Harbors Lake Larryshire, CT 39330",+1-679-299-0610,tomgarcia@example.com
afc2d3d3,Dillon,Perry,Female,2005-04-12,"98765 Kristie Mill Carriechester, DE 18349",001-882-748-7952,zarroyo@example.org
c8ac665b,Alan,Gordon,Male,1937-09-09,"52076 Murphy Trail New Kristifort, OR 65614",(314)238-1974x65623,amybryant@example.com
967f6561,Angela,Mccormick,Female,1949-12-11,"607 Jenkins Mission Apt. 053 Lindaville, AZ 84787",708-850-5901,thomas03@example.org
64d0afbd,Phillip,Frazier,Male,1988-09-04,"258 Thompson Mission Shawnchester, DC 01008",739.536.9642x61781,robertholder@example.org
246f66b4,Julie,Peters,Other,1993-09-28,"4615 Sarah Station Mauricehaven, FM 72164",+1-553-462-6288x49300,ksims@example.com
646945d0,Chad,Harper,Other,1977-04-25,"83317 Fuller Flat East Kristinaport, MS 30953",001-293-890-9164x2572,dudleyhunter@example.net
44e6bdd5,Gregory,Wong,Other,1983-01-08,"262 Morgan Well Richardberg, WV 29917",(732)346-7902x861,erikacontreras@example.org
42fa7f96,Jennifer,Miller,Female,1964-04-26,"56938 Peter Stravenue Anthonyborough, GA 20082",841-510-8838,istewart@example.com
ba07e8a6,Theodore,Williams,Female,1945-10-03,"228 Fleming Drives Suite 189 North Jimstad, VA 52730",337.666.5450x63888,ruthstone@example.net
4abc069e,Allison,Weaver,Male,1993-06-16,"58561 Gloria Falls East Sarah, RI 71023",001-906-483-7043,millersara@example.org
5bb428ec,Brooke,Nelson,Female,1939-12-17,"1832 Joshua Locks Jamesshire, NC 73778",(419)403-2415,debracampbell@example.org
c3c535ee,Kimberly,West,Other,1999-04-03,"85582 Jacobson Spring Port Jennifer, AZ 23499",(663)863-7545,brianbrown@example.org
ebef1450,Kevin,Rodriguez,Other,1988-06-04,Unit 8974 Box 4989 DPO AP 15828,724-455-6437,daltonobrien@example.net
372fc5b2,Christian,Santos,Male,1995-02-03,"7075 Brooks Row Apt. 926 Mckinneyview, NY 93435",(752)914-8245x54521,collinskimberly@example.net
3ae76626,Julie,Saunders,Female,2002-11-24,"356 Young View Suite 731 East Victoria, OH 77277",733.360.4517x7776,ptapia@example.org
5ff85bd8,Katherine,Gray,Other,2001-11-13,"484 Clark Valley Barryton, PR 34818",(256)500-4941x03788,sheena72@example.com
660fd888,Benjamin,Green,Male,2005-12-30,"2338 Huynh Plaza Suite 403 Gardnerview, AZ 16590",001-386-221-1861x738,sdrake@example.net
3b933225,Dawn,Roach,Female,1978-03-18,"4879 Emily Passage Suite 318 Markton, MS 28872",(702)946-3662,umartinez@example.net
37de6468,Megan,Stevens,Other,1970-03-15,"79563 Humphrey Spurs Rodriguezbury, AR 94647",+1-556-322-2572x18174,amymendoza@example.com
92bba228,Amy,Mills,Male,1967-11-13,"36675 Julie Knolls West Alisha, ME 56644",(497)684-2784,jamesgordon@example.net
b2cd24b5,Kyle,Cervantes,Female,1997-01-21,"6302 Walsh Islands South Sarahland, MN 65389",886.776.1940x81354,daylori@example.net
6ae7fc8f,Susan,Bradshaw,Other,1943-09-07,"30769 Tiffany Ford Suite 767 West Audreyberg, KY 65364",872-830-4031,reedkimberly@example.net
78cb0829,Kathryn,Lopez,Other,2002-05-17,"1143 Nelson Ferry Suite 110 Reedfort, MP 89047",336-724-2506x57831,shari27@example.com
873f2616,Jamie,Murphy,Other,1961-06-11,"4290 Freeman Rapids Apt. 964 Kentland, MN 53011",(693)946-0523x5752,sarahvazquez@example.net
2eb89aec,Wendy,Sanchez,Other,1968-01-03,"48807 Kari Cliffs North Leon, IL 47836",666.288.7019x06144,elliottcameron@example.com
c19f3896,Christopher,Barnett,Female,1970-06-03,"16729 Cuevas Lock Rodriguezport, KS 68771",001-618-595-7716,omiles@example.net
5fc8dbf5,Sean,West,Male,1936-09-03,"08657 Robin Cove Suite 282 Cardenasberg, MT 23745",+1-455-633-6644,heather35@example.net
77992a8b,Jo,Clark,Other,1984-12-16,"21047 John Fields Krystalburgh, ME 20937",556-428-3848,alisonhunter@example.com
edd00f7d,James,Fischer,Male,1937-07-16,"437 Green Stream West Davidmouth, ID 36447",(600)388-2302x97889,oespinoza@example.org
79784b17,Nichole,Cole,Other,1935-06-07,"3227 Pham Corner Apt. 855 North Michaelfurt, VT 66380",(620)569-6956x28052,james93@example.net
27c4955d,Ronald,Lewis,Other,1962-01-08,"4560 Colleen Plains Suite 152 Lake Eric, MO 80569",9987823204,connor48@example.org
56623b50,Jerry,Travis,Male,1982-11-28,"58868 Harris Crossroad Port Michaelbury, NE 50635",001-786-723-7372,rrodriguez@example.net
89f7a96a,John,Leblanc,Other,1971-04-10,"4056 Edward Route Apt. 934 Lake Megan, GU 67297",647.648.7833x8191,williamandrews@example.net
ede5cf37,Roberta,Griffin,Other,1972-03-04,USCGC Carr FPO AA 14271,(314)645-8187,steinjerry@example.org
8016dab1,Kristine,Morrison,Male,1951-03-30,"0950 Amanda Row Apt. 058 Josephport, MI 44362",001-726-724-0908x108,sandra37@example.com
0f705010,Mark,Cruz,Female,1974-05-26,"39493 Andrew Flat New Rodneyport, WA 23797",+1-492-338-0017,maryhoward@example.org
bb5ba6b3,Mary,Smith,Female,1997-12-07,"6266 Thomas Spur Suite 891 Jessehaven, NV 19322",219-254-2767,tsmith@example.com
c168e157,Charles,Coleman,Female,2000-02-09,"25522 Susan Island Suite 798 South Matthewstad, CO 67802",3599057860,kristen89@example.com
8a18940e,Jacqueline,Diaz,Other,1979-08-15,Unit 1441 Box 3684 DPO AA 11674,890.616.1456,eric39@example.com
e1abf766,Isaac,Jones,Female,1944-05-09,"3487 Wright Dale Apt. 435 Kennedyburgh, PA 60138",(865)269-9833x1144,swilson@example.net
acba21d4,Nicholas,Snow,Male,1944-04-02,"216 Kristin Garden Lake Monique, VI 62109",909.745.2381,skinnerlucas@example.net
ce47af19,Benjamin,Miller,Other,1951-11-30,Unit 1448 Box 2062 DPO AA 57020,826-944-8610x8834,schultzjennifer@example.net
e84d0b4e,Kristen,Lee,Other,1994-04-25,"9153 Anthony Circle Lake Jennifer, KS 41883",(630)388-7084x66315,johntaylor@example.com
91f3690d,James,Bailey,Other,1990-01-01,"2952 Johnson Haven Apt. 573 Alexaborough, CT 28135",472.704.9233x10170,natalieriddle@example.org
2ffaf406,Jeffrey,Nguyen,Female,1976-08-05,"059 Baird Lock Apt. 272 West Meganfurt, MN 06499",+1-229-306-9076x6198,johnmonroe@example.com
47b7dcd6,Ernest,Guerrero,Female,1972-09-06,"725 Fox Crest South Randy, PR 64602",741.530.3225,randall70@example.com
68a822f4,John,Krause,Female,1992-10-19,"95331 Frederick Trace West Kevin, MN 22640",8883511478,karenrodriguez@example.com
a89745e3,Kenneth,Perkins,Female,1939-03-17,"1426 Julie Burg Apt. 516 Thomasbury, SD 65428",+1-408-244-4781,soliver@example.net
1bc5ae50,Stephanie,Wilson,Female,1958-01-04,"5254 Joel Camp Suite 292 Port Michael, GU 87429",957-547-2490x40023,johnsonmonique@example.com
c7183a39,Mary,Hall,Female,1983-02-13,"6166 Marks Station Ortegamouth, NH 61405",(885)409-5238,paulramirez@example.net
f79b1a8f,Eric,Reeves,Male,2006-02-08,"791 Perry Stravenue Elizabethton, ND 54438",(554)439-0179x96481,martin45@example.com
e30fd915,Linda,Chavez,Female,1950-09-10,"07253 Washington Spring Suite 897 Sullivanland, UT 44613",+1-671-927-5002x73995,tjones@example.net
74ac30fa,Dean,Hayden,Male,1945-09-01,USCGC Mullins FPO AP 00930,(629)767-9751x63341,carnold@example.net
67deb072,James,Montes,Other,1958-12-13,"PSC 6755, Box 4442 APO AA 81715",746.207.7067x72785,clarkcasey@example.com
a6e38479,Paul,Reynolds,Other,1941-07-20,"897 Diaz Row Suite 209 Chelseafort, ND 81710",372-713-5074x4673,amysmith@example.net
84fbed5b,Travis,Smith,Female,1958-06-25,"77026 Acevedo Ridge Suite 054 West Brenda, WA 01527",258-240-1194x592,tommycampbell@example.org
e30c5da1,Jaime,Riggs,Male,2002-04-05,"92562 Stewart Fort Apt. 451 New Ashleeville, OH 87741",806-873-2677x42577,xmiller@example.net
c6a0d5e0,Cassandra,Weaver,Male,1989-12-24,"146 Boone Ford Randyburgh, MT 22628",825-258-9955,kingkristen@example.net
b859d4b2,Christine,Miller,Other,1982-08-19,"783 Kristin Parkways Lake Patrickville, HI 91755",448.422.1161x58011,ibutler@example.net
dc42298c,Brooke,Mcguire,Other,1957-06-03,"783 Scott Spring East Laurafurt, WV 21639",390-414-0848x35861,garciamisty@example.com
afc0b4f8,Tara,Lee,Other,1985-07-01,"5449 Hernandez Manors North Andrewmouth, MT 46507",515-634-5090x566,kjohnson@example.net
ba833b50,Shelly,Acevedo,Other,1950-11-08,"5083 Stokes Plains Apt. 656 Rogersview, ME 39950",001-776-893-1988x785,angela33@example.com
2790144f,Shane,Smith,Other,1968-11-28,"5798 Perkins Mountain Apt. 765 Maloneburgh, LA 11700",377.919.1990x254,lewisshelby@example.org
d769d870,Brianna,Ward,Other,1953-02-24,"18102 Paul Lock South Jaclynside, IA 54716",001-511-469-3765x37231,desiree49@example.com
2a116dab,Catherine,Moore,Female,1953-04-19,"3513 Kelly Harbors Suite 689 Johntown, AL 09699",357.683.1295x721,sarahswanson@example.org
b60b29de,Dale,Hernandez,Other,1988-01-28,Unit 5521 Box 6297 DPO AP 78808,307.539.1581,brianwaller@example.com
ad7db716,Alison,Perez,Other,1934-08-25,"8260 Paul Garden Michellebury, IN 32402",001-277-419-9521,qthompson@example.org
3eea00dc,Cindy,Moreno,Female,1942-04-26,Unit 4714 Box 9664 DPO AA 04952,001-534-646-2478x6408,bishopandrew@example.org
a8a20b75,Gabriela,Vasquez,Other,1946-01-29,"38778 Burnett Ville Cassiehaven, NE 89585",480.982.4112x174,santiagoscott@example.net
95c8cbdd,Daniel,Washington,Other,1971-06-20,"9379 Reed River New Danielhaven, CT 45192",(677)647-1226x159,uwarren@example.com
2959eba9,Angela,Walker,Female,1997-10-02,"67994 Simmons Mountain Karenland, ME 96185",683.680.4482x440,shawn95@example.org
430cc503,Joel,Cunningham,Other,1946-02-21,"PSC 7318, Box 4630 APO AA 43487",001-834-919-0233,dylanleblanc@example.net
5b57712f,Zachary,Snyder,Other,1991-12-28,"5398 Barbara Mews Apt. 293 South Jacob, CT 55910",001-796-989-8734,callen@example.com
9cff0c5d,John,Stanley,Male,1966-02-02,"8617 Lane Key South Stephen, IA 90792",001-762-599-6917,bobby18@example.com
09745748,Zachary,Hayes,Other,1998-08-06,"9406 Jennifer Spurs Anthonyside, WI 83644",937.666.1029,mary28@example.org
bbc6b271,Cassandra,Stephens,Female,2003-03-23,"5714 Jay Burg Apt. 174 Deniseburgh, AK 79352",492.212.5136x51070,deborah98@example.org
a3de04fc,Breanna,Owens,Female,1973-02-26,"8405 Mendoza Turnpike East Ian, MT 65134",(849)785-9820,martinezrichard@example.org
356e2c04,Allison,Thomas,Male,1982-03-15,"38185 William Field Alexanderland, NE 71319",4077029050,vgray@example.org
abbf462b,Jeremy,Barron,Other,1968-12-31,"41147 Mcfarland Road Apt. 313 Serranostad, TN 07610",453.447.1877x8150,kennethgriffin@example.org
e97b16f9,Ashley,Mercado,Other,1953-03-17,"344 Johnston Island Suite 009 Allentown, PA 41043",+1-367-874-9449x97944,paul36@example.com
79b25bea,Danny,Knight,Male,1952-12-14,"52932 Hawkins Ranch Suite 662 West Traciefort, CA 33307",+1-202-379-4363x135,wmosley@example.org
546f3117,Kevin,Davidson,Other,1963-06-04,"673 Reese Mission Suite 515 Allenside, UT 48564",8694695578,jamescollins@example.net
d22acb88,Melissa,Brown,Other,1981-10-11,"0269 Young Island Rojaschester, NH 98182",2355067341,johnstonmatthew@example.org
4aa82fa2,Mary,Brown,Female,1955-09-03,"813 Norris Ports Suite 725 Brianfort, NC 12360",(968)501-8164x3213,kemprodney@example.org
26df81bc,Randy,Carpenter,Female,1983-06-29,"3566 Bowman Stravenue Suite 937 Port Rachel, VA 89996",719.378.9806x4008,adavis@example.com
0479e910,Rebecca,Jones,Male,1981-01-28,"887 Andrews Spring Emilyfort, MN 26943",(561)311-8405x761,virginiataylor@example.org
1704a954,Jose,Bradford,Female,1968-04-02,"567 Brenda Vista Apt. 838 New Maryview, AK 34957",7218856236,munozthomas@example.org
f0dd44a5,Rachel,Jones,Other,1966-01-11,"6193 Bailey Fall Apt. 708 Port Davidstad, SD 43216",7408230687,tinalopez@example.org
a7d035ad,Ryan,Murray,Other,1952-03-04,"24913 Dwayne Loaf Suite 050 Larsonburgh, NH 69926",728.286.4512x7402,gutierrezallison@example.com
3e668ee0,Heather,Robinson,Female,1973-06-30,"3261 Mccann Isle Apt. 403 West Sarahview, MS 46863",001-739-964-9423,lsanchez@example.org
9f9e1cf3,Amanda,Gill,Female,1986-09-19,"4682 Jessica Lights Kellyborough, OK 29061",(804)655-3308,ebryan@example.com
74dbfa54,Angela,Brown,Other,1964-10-23,"3938 Gail Causeway Apt. 986 Petersbury, NE 20584",001-763-448-5107x09647,tjohnson@example.org
830ea087,Ethan,Walker,Male,1994-07-02,"6277 Greene Mission Brandymouth, WV 42795",(693)302-9511x8645,kimwilson@example.org
42d4cf1b,Barbara,Morris,Female,1990-10-28,"964 Nicole Via Apt. 266 North Carla, MD 63939",518.795.6834x70406,rodrigueztammy@example.com
8ec186b8,Michael,Estrada,Male,1941-09-14,"6942 Welch Shores Apt. 433 Andersonside, UT 03039",987-542-7061x476,carrolljonathan@example.com
084c8e54,Katie,Wade,Other,1938-05-10,"011 Lester Spurs North Walter, WV 64729",+1-459-468-4600,ryan51@example.net
74e1b3fc,Angela,Bradford,Other,1946-07-16,"831 Laura Path Thomashaven, SD 14355",331-711-1198x241,lucasmorgan@example.net
eacca902,Sara,Harper,Other,1991-02-16,"07757 Sheppard Cape Suite 770 East Lucasport, NH 88075",657.638.9953,kanewilliam@example.org
5f2e47e0,Kyle,Jennings,Female,1994-02-12,"062 Hammond Square Careychester, CT 61134",423.268.6087,zsmith@example.com
bcabede4,Daniel,Brown,Male,1973-11-25,"9930 Peterson Mission Apt. 139 East Jonathanmouth, MT 73593",999.224.0990,farleydonald@example.org
75b3001e,Paul,Black,Other,2006-11-19,"294 Garza Prairie North Jason, MD 48654",202-463-0018,wwilson@example.org
4a393074,Hannah,Boyd,Male,1943-01-09,"7780 Herman Burg Michelehaven, MO 57050",(887)209-8151x062,emily95@example.com
e23aea81,Jacob,Harper,Male,1986-08-15,"93741 Smith Knolls Lake Kristiebury, NE 95395",+1-269-233-7360x9842,mcdanielsteven@example.net
51575e94,Gilbert,Nelson,Male,2004-02-23,"61564 Hardy Rapids Suite 705 East Ryan, ID 89024",(478)400-1129x634,melissasmith@example.net
bb6960ec,Jerome,Underwood,Male,1968-12-24,"13071 Fields Forge Suite 261 Stonestad, IL 60686",(579)523-6486x3651,michael94@example.net
f3d2e914,Laura,Carter,Male,1945-02-17,"75531 James Grove Shawmouth, MS 10424",815.619.0729,yvincent@example.net
da758d89,Cole,Carlson,Other,1955-07-10,"8223 Nancy Brooks Suite 650 Williamsbury, MO 33154",5728832824,ballaustin@example.com
776ac78e,James,Baker,Other,1949-08-13,"0382 Stacy Villages West Karinaland, DC 40206",+1-325-506-4608x33073,smiller@example.org
fb6fa888,Walter,Russell,Male,1991-08-11,"701 Flores Springs West Julie, SC 25753",533.996.6602,hgriffith@example.net
85eb92a8,Mary,White,Female,1977-09-05,"75445 King Crossroad Rebeccaton, VT 21078",770-675-7992,johnsonvanessa@example.org
9eb4c33b,Ryan,Pierce,Other,1980-02-02,"979 Jessica Locks Lake Richard, NH 60362",826.625.4318x3835,grace71@example.com
b399a05f,Donna,Smith,Female,1979-10-26,"3977 Amy Crossroad East Jodichester, ND 43313",505.216.6050x9802,ricardo32@example.com
8038cfeb,Troy,Gray,Female,1996-02-12,"02829 David Overpass Suite 323 West Amy, OR 49256",3772575333,rachel69@example.net
95ae8ad2,Sue,Moore,Male,1970-02-01,"107 Dickson Views East Glenburgh, PW 89892",+1-618-722-2802,william94@example.com
5c1d05f7,Nicole,Koch,Other,1937-02-05,"PSC 7470, Box 0170 APO AE 89098",(242)431-0038,zbray@example.org
2b9e1e65,John,Goodman,Other,1979-09-03,"4181 Harrington Park Suite 207 Katherineborough, OR 75305",+1-894-573-8709x6265,robert12@example.com
8913c13c,Sarah,Gonzales,Female,1959-07-13,"94487 Matthew River Lisafurt, VT 97300",+1-778-638-5157,zcallahan@example.org
85be10ad,Terri,Meyer,Female,1989-10-06,"39442 Danielle Road Apt. 776 North Maria, FL 98712",(823)409-3723x539,jonathangray@example.com
5b4c9ebf,Michael,Lee,Other,1996-06-16,"9162 Daniel Drive Apt. 458 Alexview, SC 36866",001-710-526-8480,andradedebra@example.net
3654df0c,Timothy,Duarte,Female,1966-03-10,"212 Fuller Oval Apt. 910 Lake Christy, KS 06921",(256)534-7819,sharon01@example.com
6c9475a6,Jonathan,Bush,Other,1961-03-14,"PSC 0397, Box 5838 APO AE 93923",+1-965-636-0787x396,jamesgonzalez@example.com
698e7746,Amanda,Prince,Male,1941-11-19,"128 Hannah Mills Santosmouth, WV 13553",625.778.6270x9513,ndavies@example.com
a0700bc8,Michael,Jimenez,Male,1971-02-06,"957 Rachel Mall Apt. 709 Port Elizabeth, WI 29414",(943)600-7520,xroy@example.net
4040d3ad,Jason,Murillo,Female,1968-10-04,"757 Michael Shore Suite 262 Matthewfurt, SC 76158",+1-304-700-6591x285,paul51@example.org
063ca0c1,Danielle,Barber,Female,1947-09-11,USCGC Perkins FPO AP 55867,+1-271-649-8623x404,hopkinsamanda@example.org
5a2014ba,Christopher,Bennett,Male,1955-06-14,"09152 Danielle Prairie East Larrystad, MN 61625",7246457387,areese@example.org
90e69a82,Mark,Roberts,Female,1985-10-25,"164 Nicholas Ranch Crystalport, TX 12664",344-610-1849x830,enewman@example.net
355f5b03,Sherry,Jones,Other,1942-12-27,"19645 Allison Falls Suite 754 North Laura, CT 06799",001-750-976-1012x071,lynnrogers@example.com
5ef64916,Tristan,Wagner,Other,1982-05-25,"558 Schmidt Vista Port Granthaven, OK 96996",988-270-7197,orobinson@example.net
05b4e95c,Scott,Williams,Female,1993-05-13,"7701 Mason Grove Lake Maryview, NY 28393",937-458-8502x20327,bishopdavid@example.net
89476a95,Rhonda,Riley,Male,1959-10-23,"7302 Hayden Rapids Johnsonborough, MT 29646",317-502-1966,macdonaldrachel@example.com
c633018a,Carolyn,Wright,Other,1984-06-06,"147 Debbie Fork Suite 582 Sandrahaven, PA 40614",912.817.8499,jonesdavid@example.com
fed614c9,Samuel,Johnson,Other,1976-01-07,"9929 Bender Falls Suite 495 Brendaport, VT 04657",879.793.8326x1168,hstout@example.org
74400616,Vincent,Roberts,Male,1948-10-02,"PSC 3081, Box 5836 APO AA 71981",(738)248-2767x3472,daniel46@example.com
45762701,Nicholas,Jordan,Female,1986-11-06,"8133 Stephens Turnpike Apt. 288 West Richard, NJ 41528",001-541-441-6207x70376,dmueller@example.net
ae289880,Jennifer,Armstrong,Female,2002-01-14,"67166 Burnett Port Lake Stephanie, DE 35872",001-264-572-6855,aaronmccormick@example.org
0703a402,Ebony,Mccarty,Other,1990-07-04,"522 Powell Mountains Colemanside, TX 05782",+1-384-512-0869x36945,larry15@example.net
bfaf6dae,Cameron,Payne,Other,1986-11-26,"PSC 7743, Box 6060 APO AP 67692",338-859-7656,adam84@example.com
6c49067c,Nathan,Ramos,Female,1987-08-29,"8100 Thomas Groves Suite 673 New Jessica, TX 38594",3982982316,xmitchell@example.org
3e2cf2dc,Michael,Garcia,Other,1943-11-06,"59674 Kevin Burg Tracybury, MT 41620",001-796-583-2791,rebeccaadams@example.net
f80d0db8,Jody,Palmer,Other,1977-01-14,"PSC 9599, Box 7386 APO AA 17248",(559)996-3567x728,luis76@example.com
2af1f16d,Michelle,Barnett,Female,1999-10-12,"774 Harmon Knolls East Michaelview, CO 55581",(471)641-5239x91049,housetracie@example.net
8756470e,Ashley,Hardy,Other,1963-09-18,"171 Newman Groves New Amy, VI 70224",655.388.9111x523,robertramirez@example.org
27c06551,Anna,Barrett,Male,2000-05-16,"6900 Amanda Manor Lake Kendraton, CO 10145",(519)281-8846x8042,erin81@example.org
d7ebe688,Travis,Lyons,Female,1980-08-23,"63883 Ryan Terrace Hollyshire, VI 37204",(445)222-3257x151,shunt@example.org
359b6177,Shane,Myers,Female,1988-05-23,"077 Jennifer Flats Welchfort, NC 39334",(926)262-9658x810,zjimenez@example.org
518df717,John,Lewis,Female,1986-04-05,"61934 Higgins Hills Westberg, PR 24800",+1-350-314-3586x666,samantharuiz@example.net
067d520c,Maria,Jordan,Female,1991-11-03,"40521 Gregory Fort Apt. 472 Port Wesley, KY 47862",(290)324-6648x820,cwerner@example.com
cdbf16ca,Thomas,Johnson,Male,1956-06-14,"6296 Gaines Stravenue Apt. 364 Zimmermanmouth, KY 96075",+1-589-980-5691x3711,zowens@example.net
0d7f470a,Scott,Miller,Other,1990-04-30,"5942 Morris Corner Apt. 722 Maddenport, KS 58662",716.782.7596,jillhess@example.net
640fa63a,Linda,Thomas,Male,1943-01-24,"37973 Ethan Prairie Suite 413 Port Levi, KY 71647",001-646-500-0109x12138,terriolsen@example.com
bc3407bd,Carolyn,Woodward,Male,1987-06-16,"7457 Coleman Village Apt. 446 West Brianmouth, WV 99079",+1-782-327-5776x9855,nramirez@example.net
a6d895c4,Christopher,Valdez,Male,1996-07-25,"530 Garcia Via Suite 506 North Amymouth, ME 63678",320-852-8487,craighouse@example.com
36e7e5a2,Brandi,Harris,Male,2005-05-29,"PSC 2046, Box 4869 APO AA 63613",+1-321-749-2507x83771,christopher20@example.org
3808fecf,Nancy,Richardson,Other,1964-04-07,Unit 5092 Box 3267 DPO AE 64578,001-309-299-6712x4057,uwilliams@example.com
37149143,Tara,Schwartz,Male,1943-05-12,"0619 Julie Stream Suite 721 New Phyllisburgh, NE 87561",643.565.5781,jennifer59@example.com
09d6ef7c,Julie,Ewing,Female,1950-03-05,"03386 Ellis Isle Suite 077 Sandovalborough, MS 78294",+1-392-575-7327x198,dchavez@example.com
61fd41b6,Mary,Ferguson,Female,1978-08-14,"33156 Johnson Pass Suite 905 Meadowsside, NE 08477",+1-764-315-0711,john39@example.net
7368c6df,Cameron,Richard,Other,1944-09-08,"5235 Murray View Apt. 794 Williamstown, MA 28821",718.829.2672,galvanvalerie@example.net
f834f785,Christie,Berry,Male,1986-11-08,"64408 Jessica Centers Apt. 532 East Adam, ND 30408",470-826-5369x526,joseph57@example.net
1791490a,Terri,Bonilla,Female,1944-11-01,"60054 Mcbride Throughway North Lisaburgh, GU 51098",649.410.7543,mendozanancy@example.com
c9ef5bd2,Noah,Gilbert,Other,1947-11-17,"1886 Gomez Passage Larryville, FM 01201",001-512-521-7674x4065,mwilliamson@example.org
935792f2,Samuel,Novak,Female,1988-09-07,"3724 Perez Hill Apt. 302 West Kelly, NY 55815",267.485.2639,carlsonlisa@example.org
31024f77,Daniel,Lewis,Male,1939-02-27,"0483 Nicholas Fall Richardside, AZ 05429",(940)583-9788,brownkelly@example.com
fd37519d,Timothy,Vargas,Female,1971-03-18,"6195 Ernest Summit Gabrielamouth, WA 77045",001-508-274-6432x06099,karenmorgan@example.net
