patient_id,first_name,last_name,gender,dob,address,contact_number,email
2e52256a,Joseph,Esparza,Female,1988-04-27,"0762 Holloway Motorway Apt. 679 South Courtneymouth, MO 53146",(695)987-7753,melissanelson@example.org
dc336594,Ernest,Walker,Female,1968-12-26,"2481 Alicia Spur Lake Nicholasmouth, WY 37996",+1-240-991-2705,coxmegan@example.com
96ad29a6,John,Holloway,Female,1944-11-03,"890 Kayla Park Everettmouth, RI 90605",296-399-6217x0819,renee25@example.org
f002eaa9,Kathy,Martin,Other,1987-12-01,"4667 Smith Roads Apt. 667 East Rachelfurt, MA 53251",840.676.1933,danakaiser@example.net
5aab4f7a,Laura,Johnson,Male,1942-03-04,"0354 Dennis Divide East Gregory, NC 87807",(583)934-8577,lbrown@example.org
c9948133,William,Franco,Other,1994-05-15,"439 Baxter Track Apt. 294 Lake Glenda, CO 31061",9817372695,austin77@example.net
b146ee0d,Jessica,Wallace,Male,1948-05-02,"026 Julie Views Woodardburgh, WI 54887",001-733-422-9933,cunninghamrachel@example.com
de0c420a,Jessica,Stewart,Other,1955-02-24,"33749 Lauren Mills Evansview, RI 01921",+1-204-301-6088x18887,haynesaaron@example.com
e483fc51,Jason,Jackson,Female,2005-06-03,"9775 Noah Alley Suite 736 Frostport, NM 07865",(295)719-3028,staceywilliamson@example.net
660c4a1d,Lisa,Scott,Female,1946-09-02,"9515 Johnson Coves Butlerland, AR 04269",8479653622,hansencassandra@example.org
517cf040,Jeanne,Stafford,Other,1950-11-06,"61938 Bradley Island East Barbarafurt, ME 79548",+1-854-327-4427x6132,meredith34@example.net
c8c39073,Kimberly,Montoya,Female,1980-07-05,"20463 Garcia Course Danielbury, FM 79711",256-313-8621,aimee08@example.net
e5f40a74,Kevin,Cannon,Other,1963-01-16,"6443 Rodriguez Islands Apt. 333 Johnsonfort, MS 72937",5325291221,jennifer74@example.org
c598a8eb,Ann,Mullen,Female,1934-09-10,"278 John Mill Suite 556 South Carolineville, MI 31063",928.658.8209x9658,anita22@example.net
a519d1fc,Raymond,Arias,Other,1976-06-01,"42837 Gabriel Lodge Suite 841 Lake Lisa, AZ 27295",635-942-5602x8093,madelineryan@example.com
fed8b58e,Megan,Cohen,Female,1986-12-09,"71230 Taylor Valleys Allenhaven, AS 19060",373-785-7297,cynthia86@example.com
866bc94b,Amanda,Miller,Female,1993-12-01,USS May FPO AA 23211,542.537.9812,lmartinez@example.com
bc13607f,Amber,Stokes,Male,1949-10-06,"4896 Nicholas Island Derekberg, RI 94076",(264)884-6135x74995,salasvalerie@example.org
fa36e232,Heidi,Kent,Male,1997-09-17,Unit 2548 Box 8822 DPO AA 12166,+1-578-813-4198x7504,alexander19@example.com
00f2b3de,Gabriela,Andrews,Female,2006-01-20,"80282 Smith Viaduct Apt. 085 Raymouth, GU 17315",567-207-1004,davisaaron@example.net
cf4d34cb,Monica,Blackburn,Other,1980-09-05,"1619 Chavez Ports Apt. 029 East Christina, IN 50665",(222)422-8312x21447,david74@example.net
a4feb9ae,Kelsey,Myers,Male,1941-02-04,"624 Howard Crest Suite 329 Wardchester, MN 38380",3116817697,ulane@example.com
c49062f9,Megan,Hanson,Male,1996-01-31,"8871 Jessica Green Apt. 470 Port Patricia, KY 57543",7328714274,jamesmiller@example.com
97d4b121,Allison,Quinn,Male,2000-02-19,"542 Kirk Springs New Alexandria, TN 40143",343-458-8251,salvarez@example.com
708a23be,Christopher,Walker,Male,1946-12-21,"0964 Lloyd Forge Apt. 158 Carrieside, RI 82021",637-584-5539x713,aaronrodgers@example.com
53b607da,Jessica,Lambert,Male,1966-03-20,Unit 3148 Box 2028 DPO AA 86959,684.825.9595x906,sherry71@example.org
0cdeac50,Ian,Stewart,Other,1944-05-30,"051 Stevens Trace South Emily, NJ 50755",508.401.1809x36516,julie41@example.com
07b81116,Courtney,Williams,Male,1969-05-29,"07017 Compton Tunnel North Ashley, AZ 30133",001-322-264-9426x08438,dayfelicia@example.com
1e661fec,Courtney,Campbell,Other,1938-04-07,"17026 Silva Lodge New Sherry, PR 07614",(934)470-0216x835,kristinacarson@example.org
5b0487ab,Holly,Reese,Male,1956-09-08,"3541 Smith Common Apt. 609 South Beckyport, ME 83263",241-357-6777,vwilkerson@example.com
70ce557e,Angela,Daniels,Male,2006-11-02,"50868 Stephanie Forges Suite 133 Grimesville, ME 57013",806-201-4966,zacharybell@example.com
15ccb37c,Mary,Rodriguez,Other,1941-09-03,"11016 Michelle Wall Port Ronnie, NC 60447",(240)389-4397,kingdavid@example.com
917bc899,Melissa,Bates,Female,1941-09-20,"41884 Smith Rest Suite 740 Melissahaven, IN 81482",+1-986-452-4109,gerald49@example.org
260f7b4d,Susan,Mckenzie,Other,1960-07-02,"164 Mosley Drive Suite 268 Amandamouth, MI 14276",318.524.2319x3717,nicole79@example.com
31cef0a2,Maria,Ray,Female,2004-05-17,"2874 Nathan Spur South Justinhaven, NE 49743",+1-925-833-8436x950,potterjames@example.net
6dca666e,Lori,Williams,Male,1980-06-01,"0064 Russell Center Apt. 659 Lake Matthew, VA 07967",(513)528-8182x15105,jessicaosborne@example.net
ef242181,Christina,Russell,Male,2005-07-12,"5540 Dale Forks Apt. 690 Whitemouth, WI 65572",4567988649,willie71@example.com
1e2b89c8,John,Graham,Other,2006-09-01,"2401 Morgan Divide Port Amy, AS 29684",001-915-239-9005,aimeecampbell@example.net
5aa91a82,Julia,Compton,Male,1941-07-09,"02854 Grant Mill Apt. 526 South James, IA 70557",893.701.9979x3337,sharifernandez@example.org
20b7adc3,Tammy,Miller,Female,2006-10-10,"874 Melissa Turnpike Apt. 996 North Ashleyport, WV 85933",+1-475-976-7928x03413,villalori@example.com
c8de6a36,Susan,Banks,Other,1990-07-31,"68266 Kramer Burg Suite 576 Durhamborough, RI 99132",(489)224-6261x23538,alexisproctor@example.com
bc286b0a,Kyle,Sheppard,Female,1979-05-01,"93999 Todd Forges Suite 461 Torresville, GU 80473",354-592-6748x033,kaylaleblanc@example.org
4b5ad87c,Wyatt,Moore,Male,1939-01-12,"499 Carla Mount Apt. 937 Brookemouth, PR 84625",483-406-9386x2144,davidbrown@example.org
00a0b4f5,Jimmy,Adams,Other,2006-03-06,USCGC Lopez FPO AE 11469,471-489-3757,fletcherrobert@example.com
4238f795,Kyle,Brown,Male,1941-03-15,"37070 Alan Port Sherrychester, MI 04755",(518)941-2360x447,christina88@example.com
c85ed25f,Anthony,Johnson,Female,1940-12-27,"2246 Hopkins Viaduct Suite 057 Chadside, VA 79482",001-287-508-6553,dylan58@example.org
6c4a162b,Katie,Bowman,Other,1989-08-02,"3823 Kevin Lights New Colton, AK 91975",+1-879-959-0209,lfoster@example.org
16251836,Linda,Russell,Female,1938-02-21,"187 Kerri Street South Jeffrey, CO 59078",839-605-8842x4426,pauldavid@example.org
61b40dbc,Kristi,Martin,Other,1970-11-20,"80942 Whitney Freeway Josephmouth, AR 07990",739.487.1263,justin21@example.net
5b9cf0d1,Sarah,Daugherty,Other,1966-10-01,"007 Kirby Valley Suite 475 East Nicoleberg, AZ 75202",(823)277-2717,conraderic@example.org
bfb04265,Dave,Frank,Female,1990-08-03,"9804 Amanda Landing Mitchellbury, NJ 38485",905.483.3731x5757,dmelton@example.org
86945db9,Vickie,Sanchez,Female,1996-02-16,"525 Long Spring Parksshire, VT 86718",001-871-553-9296,tiffanyfoster@example.com
a9328c9c,Deborah,Torres,Other,1975-05-19,"195 Williams Squares Apt. 941 West Penny, DC 46214",+1-912-275-4266x8025,lhess@example.com
e8387efc,Carrie,Norris,Male,1968-07-01,"864 Palmer Keys New Jesse, CT 08169",001-732-787-2164x4384,juan50@example.com
d7a47969,Bobby,Mcclain,Other,1958-07-10,Unit 5580 Box 8927 DPO AP 92790,001-956-903-9974,murraysue@example.org
4a1faeee,Greg,Harris,Other,1964-02-04,"06573 Jerry Divide Apt. 110 Elizabethhaven, WY 93753",001-438-798-0501x00824,jonesrussell@example.org
647da414,Mary,Walker,Male,1943-12-31,"2215 Karen Trail South Angelaton, MP 64075",236-543-5929,lhowell@example.org
a29d3b72,Jennifer,Powell,Male,2004-07-14,"9734 Melinda Spur Gonzaleztown, PR 10237",625.673.0457,evansjesse@example.com
b57a6962,Derrick,Bush,Male,1944-03-20,"04685 Martinez Stravenue Suite 829 East Jillhaven, VA 71393",+1-640-411-6093x021,nicole96@example.com
1cc58c48,Holly,Flores,Other,1942-12-16,"89478 Amy Manors Apt. 853 Shahmouth, CT 45225",001-847-560-5016,fpatterson@example.org
cba4e0f7,Matthew,Huerta,Other,1965-01-15,"8165 Sellers Union East Thomasland, SC 01006",538.957.6671x5468,davislee@example.org
3ca3f5bc,Ellen,Sullivan,Female,1955-09-22,"2774 Benson Burg Suite 829 Port Kristenburgh, SD 51215",261.576.8849x15394,deandavid@example.net
b33d8911,Richard,Baker,Other,2001-05-10,"7468 Ricky Camp Sandersfurt, NJ 64548",(292)833-7038x4817,kathrynlutz@example.com
758fd7a2,Rhonda,Williamson,Female,1979-07-15,"355 Mendoza Plains Apt. 410 Wilsonbury, AZ 40273",(776)223-1312x648,luis18@example.com
a767bd27,Kimberly,Hatfield,Other,1944-07-30,"7376 Diana Knoll Suite 820 Julietown, AZ 74579",386-660-3210x302,tracydavis@example.com
5dec507c,Leslie,Brown,Male,1951-11-15,"4271 Jerry Glen Williamfort, PA 74573",(880)942-3776,margaretmitchell@example.com
79750d32,Michael,Guerra,Male,2000-08-31,Unit 1057 Box 3645 DPO AA 74701,469-516-3920x964,debbie04@example.org
e29078fe,Matthew,Hardy,Female,1975-01-29,"23122 Martinez Pike Jodytown, IN 77109",(507)349-5178,christinaramos@example.net
586b642c,Bobby,Dennis,Male,1962-04-13,"294 Nathan Turnpike Apt. 482 Amandaville, ME 59954",001-327-347-6584x8760,nclarke@example.com
0f109559,Melissa,Beck,Male,1936-03-18,"53965 Gomez Highway Suite 974 Davisport, NH 97198",001-625-612-3813x687,janetphillips@example.org
4b97bb85,Rachel,Leblanc,Male,1950-04-26,"325 Shannon Center Apt. 549 Mcmillanland, TX 46295",806-586-5526,vphelps@example.org
6d8fa26a,Lisa,Taylor,Male,2000-04-22,"0905 Steven Branch Apt. 734 Garzaton, ME 10606",229-412-4560,gpowers@example.net
b9ff5bbe,Patrick,Bates,Other,1982-02-09,"69348 Jack Rue Apt. 657 North John, NY 21967",249.537.3909x7365,jessica52@example.com
9bdd2247,Austin,Rasmussen,Other,1987-09-22,"832 Sarah Summit Port Brandy, TN 13175",+1-621-456-3450x90911,cynthiajohnson@example.org
67f3f228,Michelle,Walker,Other,1939-12-27,"0810 Duran Stravenue Suite 505 New Davidberg, NM 08889",(673)916-0184x3706,richard36@example.net
c2f20bd2,Vanessa,Schwartz,Female,1967-11-08,"727 Serrano Lake Barretttown, TX 63547",+1-839-514-8026x521,williamsroberta@example.org
b93176d6,Thomas,Ballard,Other,1948-07-27,"8631 Thompson Overpass Apt. 536 Bakertown, MP 45780",293-721-8699x16734,richardquinn@example.com
149070da,Steve,Nelson,Female,1949-09-14,"410 Flores Lakes Thomasmouth, ID 25845",001-677-758-3207,chasesanders@example.net
d03f5b9e,Wendy,Kelly,Male,1999-02-03,"077 James Brooks Apt. 917 Port Jacobbury, IN 71870",4465740485,sonya02@example.com
a6df8fb7,Mark,Whitehead,Other,1988-11-10,"645 Robert Meadow Apt. 304 Santiagoside, NM 75030",571-800-6927x7919,gfuller@example.net
8d5645d0,Cassie,Shelton,Male,1951-10-08,"PSC 6103, Box 4473 APO AA 72163",+1-778-697-9443x0560,jenkinslisa@example.com
d4561852,Tyler,Singh,Male,1941-07-08,"44370 Deborah View Hudsonton, OK 80568",945.672.7009,jillianwatson@example.net
9cce3b4c,Steven,Blair,Male,1974-02-16,"42380 Chris Spurs Nancybury, AS 58512",641.642.9792x8761,shannonlloyd@example.net
90f52cf7,Jennifer,Roberts,Other,1976-09-05,"04507 Crosby Haven Apt. 528 Port Ashley, VI 70100",(428)778-4990x059,wheelermatthew@example.net
2a14247e,Gloria,Brown,Other,2006-06-03,"PSC 4758, Box 3166 APO AA 41630",377-252-7409,hillashley@example.org
47997a32,Cory,Wolfe,Male,1968-02-25,"23970 Lopez Rest Victoriaview, VT 87241",+1-248-490-4320x11475,rmartinez@example.com
fefd1c79,Michael,Smith,Female,1944-04-17,"930 Rogers Hill East Janice, OK 24592",469.336.2088,smitchell@example.com
55775a5c,Eric,Price,Other,1998-03-23,"059 Logan Glen Apt. 750 Benjaminmouth, OH 58034",001-271-529-1685,christopher73@example.org
d9774f11,Jeffrey,Fernandez,Male,1963-07-15,"371 Lopez Viaduct Apt. 057 West Melissaton, PR 86304",001-407-607-2659x78544,ptucker@example.org
71da4e80,Stephen,Watson,Other,1949-06-29,"59111 Barrett Terrace Thompsonberg, KS 78525",985.755.9238x298,veronicaherrera@example.org
7fd914be,Angela,Wright,Male,1986-11-03,"363 Garcia Vista Apt. 930 South Juanmouth, AZ 28351",586-741-4948x55095,timothybarnes@example.com
b7ac3414,Catherine,Fitzpatrick,Male,1995-08-16,"87973 Nancy Mountains Apt. 913 East Georgestad, AR 28125",001-649-562-3198x809,charles44@example.net
025409f0,Emily,Hull,Other,1987-07-18,Unit 1348 Box 2990 DPO AP 45321,(970)506-3892x23723,tyler76@example.net
d58daaac,Keith,Welch,Other,1959-02-18,"8691 Timothy Islands Harmonberg, NE 09305",+1-505-369-0147x927,dwaynegarcia@example.org
f4d442be,Angela,Flowers,Male,1951-09-02,"0016 Shane Run Colleenhaven, CT 98738",346-925-2152,agarcia@example.org
77e795d0,Emily,Ortega,Female,1938-03-09,"975 Jennifer Square South John, HI 78566",436.323.1649,evanscarrie@example.org
89f36e69,Blake,Stanton,Female,1986-10-11,"341 Ashley Overpass Apt. 608 East Veronicaport, PW 78098",001-570-233-0799x0596,dwall@example.org
11d61a33,Nicholas,Gonzalez,Female,1985-02-22,Unit 9624 Box 0810 DPO AE 27606,439.398.2599x4537,clementsjustin@example.net
525b46d8,John,Lopez,Female,1945-04-06,"60349 Andrews Club Suite 410 Danielleton, AL 45452",(334)647-6681x94644,qprice@example.net
22dcbd9d,Wendy,Wilson,Male,1981-02-27,"PSC 8441, Box 9042 APO AE 86364",364-789-1095x3165,conniereed@example.org
82da0359,Chelsea,Perry,Female,1938-03-08,"140 Phillips Lakes Suite 812 Jonathanbury, ME 51035",+1-552-232-0070x99368,nancy54@example.com
46ffa8f4,Curtis,Davis,Other,1955-05-16,"622 Rivera Forges Suite 568 Tonychester, NH 01457",+1-276-360-1648x72825,robertanderson@example.com
96905111,Deanna,Brown,Other,1949-01-08,"8186 April Brooks Apt. 481 Mcleanmouth, KY 33815",(884)668-4132,pkey@example.net
c741ab0f,Austin,Atkinson,Other,1980-09-12,"73426 Ryan Rest Apt. 631 West Karenmouth, CA 16314",6375166172,amandasnyder@example.org
02ee5d14,Wayne,Johnson,Female,1964-09-26,"0514 Tiffany Cliffs Apt. 483 West Joan, MD 78646",484.526.3441x5710,seanwilliams@example.org
16758732,Julie,Simpson,Female,1993-08-10,"733 Paul Circles New Patricia, MH 84237",951.944.9320,francisjessica@example.net
a3550533,Daniel,Mercado,Female,1981-06-24,"PSC 5567, Box 9942 APO AA 35174",243-487-6709x61410,felicia53@example.org
0699a31a,Dave,Simon,Male,1960-04-07,"9819 Gross Forges East Christopherbury, OH 64004",443.701.8086,ryanfisher@example.com
7d9886c7,Jennifer,Wright,Male,1963-05-08,"001 Scott Underpass Michaelfurt, FM 00740",+1-373-346-6613x224,williamsjessica@example.net
92cab397,Michael,Riggs,Other,1977-11-20,"310 Walton Drive Lake Michael, CO 55567",001-646-686-5727x3070,shane04@example.com
25139167,Melissa,Macdonald,Female,1984-12-23,"033 Robbins Ridges Garciafort, NJ 59000",(300)659-3554,jasonmiles@example.com
764fb3f7,Jenna,Ayala,Male,1987-09-17,"732 Edwards Prairie Catherinefort, GU 85096",311-891-2035x75390,ymorris@example.net
db21691a,Sandra,Ortiz,Female,1997-12-17,"8622 Shawn Island Apt. 793 West Michael, TN 88382",312.678.6939,qmoore@example.org
15f28060,Brandon,Shelton,Male,1987-05-02,"3718 Karen Vista Apt. 211 Port Debra, MN 41752",001-612-970-5456,gday@example.org
d15e46a2,Aaron,Swanson,Female,1975-08-15,"4376 Garcia Prairie Suite 349 New Megan, HI 48873",001-578-526-0226x60293,tracystevens@example.net
153e9671,Mary,Dalton,Female,1990-02-14,"88575 Wilson Loaf Apt. 759 Gonzaleztown, FM 78111",740-789-4394,lballard@example.org
af0c7684,Lisa,Jordan,Female,1970-10-14,"66667 Holloway Radial Duffyland, FL 02193",(821)608-5281x0347,brentwatts@example.com
2f686053,Stephanie,Anderson,Male,1958-04-07,"84590 Kimberly Courts New Summertown, MH 13864",764-792-9137,lesliefuentes@example.com
1d1c7f51,Larry,Sherman,Female,1953-11-26,"482 Brian Square Jordanfort, PR 99390",001-976-258-0929x742,josephmedina@example.org
3372d01b,Jasmine,Nichols,Female,1979-09-23,"165 Stephenson Pike Greeneside, ID 44344",+1-921-225-2389x341,deborah04@example.com
43c9369f,Tyler,Gonzales,Female,1946-03-11,"70172 Watts Route Nelsonfort, OK 28898",(213)570-7657x2326,garciajessica@example.com
37494837,Eric,Medina,Male,1978-01-08,"73256 Sanders Plains Suite 166 New Heidi, AL 88829",+1-795-431-4450x541,mwilkinson@example.net
70341ff8,Natasha,Moore,Other,1952-11-08,"0117 Pamela Point Suite 775 North Devinberg, KY 23070",529-828-8147x80099,pwilliams@example.com
695ec3f9,Lisa,Velasquez,Female,1970-06-09,"53077 Baldwin Spur Michaelview, CO 05939",200.788.3340x190,anthony01@example.net
99d264a5,Stephanie,Williams,Female,1963-10-07,"659 Amanda Light Potterland, VA 13083",+1-695-329-1539,kingcaitlin@example.com
5caa3ce5,Christy,Bryant,Female,1972-02-18,"14112 Smith Terrace Robertshire, PW 66059",+1-376-510-0641x3038,bbeasley@example.com
762fd826,Andrea,Coffey,Female,1997-10-08,"PSC 3276, Box 6308 APO AA 15111",886-914-3064,penny15@example.org
f03dc05b,Sydney,Oconnor,Other,1984-04-13,"054 Byrd Club Apt. 785 Brandonstad, CO 01800",316-933-5346x480,johnking@example.com
10a69975,Hunter,Wall,Male,1990-04-10,USCGC Hamilton FPO AP 73915,001-761-956-2953x07605,davisjasmine@example.org
e46c29cc,Brandon,Davis,Female,1961-12-18,"7046 Miller Loop Apt. 229 Yatesburgh, PA 93185",610-514-0424x9965,ielliott@example.com
af8e6c7c,Roger,Wallace,Female,1937-04-14,"88773 Todd Glens Apt. 230 Woodton, FM 22415",001-300-293-6554,hollandkimberly@example.org
eede8ed2,Amanda,Hall,Female,1958-09-23,"488 Taylor Forks Martinfurt, FM 74786",816.946.1849,canderson@example.net
7efb2a3d,Julie,Mcclain,Other,1974-08-14,"453 Sean Curve Thomasshire, CO 26137",466.510.7961,mooredaryl@example.com
30812879,Brandy,Davis,Female,1963-12-27,"7525 Stephanie Vista Suite 614 Billyberg, NC 60735",(356)765-1167x24013,fuentesmichele@example.net
2f05b6c7,Louis,Scott,Female,2006-11-03,"59880 Shawn Forest Suite 090 West Leeland, NM 50449",531-943-4509x984,perezdebbie@example.org
5f7db808,Theresa,Colon,Other,1973-07-28,"26737 Munoz Trail Lake Jamestown, OK 55765",001-896-403-3816,ojimenez@example.org
5d3ea51f,Michelle,Hooper,Male,1959-04-02,"199 Angel Dam West Kevinchester, OK 40046",(584)309-9174x454,teresawolfe@example.net
e69fa296,Sarah,Webb,Female,2002-11-30,"87272 Ortiz Stravenue Edwardsview, CO 85004",(863)530-9555,ngilmore@example.com
874302e5,Nicholas,Martinez,Female,2004-07-29,"7878 Kimberly Well Suite 608 Tammyfurt, DE 65571",(972)629-0129,janet20@example.com
13c8eee5,Jonathan,Smith,Other,1943-05-20,"0039 Schmidt Village Suite 944 Lake Ashleystad, AK 24333",(904)417-4477x3403,justinsweeney@example.net
60b73d4e,Jennifer,Michael,Female,1968-08-26,"566 Wong Spur Suite 270 South Justinton, MT 42910",244.301.7679,wsmith@example.com
ef57ebe6,Ebony,Baker,Other,1934-11-29,"PSC 1822, Box 7374 APO AP 79328",001-215-666-3978,nfitzgerald@example.com
ae636131,Maria,Johnson,Other,1978-04-19,"037 Brooke Estate Judymouth, MO 68761",+1-833-634-2751,cassandraburns@example.org
bcf3046d,Dustin,Brown,Female,1967-10-08,"13359 Davis Motorway Gutierrezfort, AR 45251",623-882-6239,bennettjerry@example.net
50eff0e7,James,Freeman,Other,1958-08-06,"392 Debbie Mill Benderland, WA 13200",338.648.1468x42167,kimrebekah@example.net
44d416fc,James,Villarreal,Other,1944-06-14,"90755 Jack Landing Michaelshire, KS 56033",(299)550-4135x206,ljones@example.net
1f15ce61,Gregory,Green,Other,2004-11-24,"43945 Mccann Mountain Wallaceview, NC 47518",272-515-6590,edwardramos@example.org
d77b952e,Richard,Johnson,Female,2006-12-20,"52849 Alyssa Terrace North Lukeburgh, ID 78103",(576)403-5886x9888,miguel91@example.com
47cc0ce2,Jacob,Schwartz,Other,1979-10-28,"225 Higgins Spring Apt. 793 Port Samanthahaven, VA 44824",+1-576-467-8112,sanchezbrittany@example.net
86e4fea9,Joyce,Hendrix,Female,1935-01-10,"961 Mcgrath Motorway West Emilyshire, NV 43375",924.305.1487x17475,kimberly80@example.org
