provider_id,first_name,last_name,specialty,facility_id,contact_number
838261a0,Xavier,Richard,General Medicine,F001,(783)336-0749x2207
fb246ac2,Teresa,Patrick,Radiology,F001,4127880453
9a084ff8,Kevin,Carr,Pharmacy,F003,(330)451-3520x784
739a8b99,Shane,Hernandez,Radiology,F001,001-693-530-6815x4442
3030de14,Jeremy,Smith,Radiology,F002,820.268.3720
91a2ee02,Angela,Bennett,Radiology,F004,(436)898-3593x913
3a41e8af,Jason,Moreno,General Medicine,F001,+1-846-373-1517
5dadcd58,Mike,Martin,Radiology,F003,850-252-1274x91913
8f8b31bf,Joseph,Newman,General Medicine,F001,782.736.9515
8cd622f6,Erin,Reyes,Cardiology,F001,673.504.8239x11056
fe52a80e,Amy,Foster,Radiology,F002,(236)329-8155x762
0bf7fefa,Kimberly,Walsh,Cardiology,F004,708.888.9666x9964
06209b5c,Emily,Ponce,Cardiology,F002,452-871-8585x5863
9bc13b2f,Stephen,White,General Medicine,F001,001-363-217-4290
53d23f4e,Paul,Jackson,Cardiology,F003,001-473-794-5940x147
cbce3aa3,James,Hanson,Radiology,F002,622.258.7367x7582
fa5d2370,Kimberly,Rodriguez,Cardiology,F003,721.935.4113
97c1c6fb,Steven,Ford,Pharmacy,F003,(424)905-1807x99213
bd92a19c,Jamie,Mercer,Pharmacy,F002,(712)638-3492
51f6e53b,Andrew,Burke,General Medicine,F004,202.670.8660x23291
adc7843f,Jennifer,Patel,Pharmacy,F003,001-743-876-9822x701
cfe7e460,Daniel,Benson,General Medicine,F003,(328)807-9542x110
e7228605,Robert,Whitehead,Cardiology,F003,001-624-367-4087
edd66b06,Edward,Stewart,Cardiology,F003,922-224-2599x06869
4f0e33c9,Shari,Mathews,Pharmacy,F003,395.638.3189x6865
60b09f5e,Isaac,Foster,Radiology,F002,001-366-880-6905x40589
ec93b7d3,Philip,Walker,Cardiology,F004,596-652-8004x9996
c0f53519,Rhonda,Palmer,Cardiology,F002,+1-979-461-6941x09962
46cffb73,Derek,Burns,Pharmacy,F001,(520)953-9872
fa477861,Wendy,Nguyen,Cardiology,F004,(395)283-6223x311
2621cd5e,William,Vasquez,Radiology,F003,564-723-8944
c8c464af,Christina,Barnes,General Medicine,F002,252.265.2384x11336
63e3bb20,Christopher,Martin,General Medicine,F004,001-880-337-0075x532
a575f44a,Casey,Hill,General Medicine,F001,001-419-469-6301x41890
2b2c3f29,Jerry,Roberts,Radiology,F001,6905546966
8f3a71a4,Laurie,Vargas,Radiology,F001,283.352.7960
074fb263,Jeremy,Cummings,General Medicine,F003,944-918-3743x28355
3d06be0e,Douglas,Rodriguez,Radiology,F002,966.836.8999x32463
470a066c,Matthew,Gibson,General Medicine,F004,806-838-1902
2f8c36c5,Ann,Williams,Radiology,F002,708.693.5688x213
38ab1a58,James,Good,General Medicine,F003,208-282-7733
8a096a35,Jennifer,Berger,Pharmacy,F003,839-534-1430x662
2966a7ce,Alexis,Hale,General Medicine,F003,+1-661-368-1475x2514
b63db9d7,Heather,Mckenzie,Cardiology,F004,6519324581
7bdc902c,Fernando,Kaiser,General Medicine,F001,(624)459-8017x51628
6616f5f6,Tyler,Williams,Pharmacy,F004,001-825-418-1809x7841
0d7225a4,Jessica,Miller,Pharmacy,F004,739.346.2982
6ee78a78,Nicole,Olsen,Pharmacy,F002,571-895-5872x805
4f1f7444,Kristina,Davis,Radiology,F003,(634)913-5685x3121
82f5ee95,Gregory,Wilson,Cardiology,F003,201.544.4034x6048
b8bd0c8f,Connie,Perez,Radiology,F001,+1-232-492-3608x9634
db1200c4,Jessica,Turner,Radiology,F002,850-912-0887
bf603b91,Christopher,Hurst,Pharmacy,F003,+1-492-642-9429x126
3c8380ba,Ryan,Gilmore,Radiology,F004,730.720.9126x612
77f5906f,Malik,Miller,Cardiology,F002,5846193471
8b10fa8d,Kim,Snyder,Pharmacy,F001,971.749.1331x863
ce90aa32,Stacy,Jackson,General Medicine,F002,001-627-414-5442x54525
07534144,Lori,Jackson,General Medicine,F004,001-205-600-4978x99253
6af29df1,Crystal,Oneill,Pharmacy,F002,797.373.5146
0d4bf07b,John,King,Cardiology,F001,001-244-820-4719x005
2979592c,Rodney,Cervantes,General Medicine,F002,531-758-1622
af9a56f7,Jose,Wang,Radiology,F004,(374)678-1036x6041
9b9ff26c,Renee,Mills,Radiology,F004,001-525-913-6183x3441
4f96bcdd,Charles,Martinez,Pharmacy,F004,001-393-617-1657x5601
d1707c93,Patricia,Bush,Cardiology,F001,749.622.0580x4237
94c6d4d3,Jack,Davis,Radiology,F002,242.393.9745x2909
a089762f,Andrew,Page,Pharmacy,F001,954.352.3196
d2583af8,Lori,Guzman,Radiology,F004,+1-994-858-8391
82a5740b,Max,Rodriguez,Radiology,F002,+1-460-578-2884x59593
b4651004,Samuel,Douglas,Cardiology,F002,679.304.9555x0811
d6189a2a,Mark,Long,General Medicine,F004,001-582-725-0838x7832
278acb5b,Patricia,Marshall,Radiology,F001,(415)499-9920x5167
ad669948,Jennifer,Robinson,Pharmacy,F004,001-996-218-0166x5243
d6f39c39,Keith,Steele,Radiology,F003,(684)367-5349
c7824036,Samantha,Davis,Radiology,F003,001-974-321-8821
064a05b7,Austin,Perez,General Medicine,F001,+1-648-214-2988
b0ec3686,Donna,Humphrey,General Medicine,F003,5484600143
4408dd31,Jared,Cummings,General Medicine,F004,213-337-6375
229bbd5b,Samantha,Bradley,Radiology,F003,001-282-958-8637x7320
5a82bed4,Adam,Johnson,Cardiology,F004,827.518.8062x017
78ac37e7,Evan,Bishop,Radiology,F002,+1-922-580-9791x664
1cc9610f,Christopher,Foster,Pharmacy,F004,686.561.3537x86420
e4877209,Steven,Henderson,General Medicine,F002,4506889877
ef878890,Ronald,Osborn,Pharmacy,F002,001-675-990-9564x627
2082fe99,Mary,Burgess,Radiology,F001,001-247-610-0519
a343be0b,Stephen,Barrera,Radiology,F003,(836)330-9180x383
ac1b244f,Lindsey,Johnson,Radiology,F003,+1-984-929-7286x409
317c27b1,Cassandra,Marshall,Cardiology,F003,(594)535-6099x633
23f46d78,William,Fields,General Medicine,F002,+1-469-627-7916
37bf24c9,Steven,Mitchell,Radiology,F001,(260)527-2566x89080
0b3964f1,Lorraine,Ball,Cardiology,F002,+1-839-653-3523
550e92ab,Robert,Hood,Pharmacy,F004,001-757-791-9409x82545
81781edb,Debra,Fleming,Radiology,F001,+1-981-885-2741x49170
2b9119c8,Heather,Johnson,Radiology,F002,(406)944-5326x25076
717cc01a,Tyler,Lewis,Cardiology,F002,(979)810-8117x38647
51445241,Sandra,Hunt,Radiology,F004,2452745496
d273fa61,David,Ray,Pharmacy,F004,527.318.3613x8383
465d44e5,Randy,Clark,Radiology,F003,+1-857-965-6014x2330
5ef7405d,Cindy,Miller,General Medicine,F004,(345)324-6138x3477
8b1c7c59,Dakota,King,Radiology,F001,(589)887-2375
8b98d7e7,Lauren,Hopkins,Pharmacy,F001,556.333.2600
e5f98bf8,Maurice,Jimenez,General Medicine,F003,+1-544-580-0910x922
1a95b987,Kimberly,Taylor,General Medicine,F004,001-461-546-7105x547
0e097d02,Lisa,White,Radiology,F004,001-221-258-1603
fc6c46f0,Melody,Zimmerman,Pharmacy,F002,+1-373-756-2561
1186253d,Carla,Campbell,Radiology,F001,6597760482
10f8bd0c,Patricia,Garcia,General Medicine,F004,+1-291-894-5797x13461
2675a584,Stephanie,Castillo,Cardiology,F002,+1-598-794-1658x13909
fad20604,Briana,Cross,General Medicine,F003,001-641-777-2337x371
616b3f25,Ashley,Serrano,Radiology,F001,5815947902
540207b8,Joshua,Johnson,General Medicine,F004,9735943719
a8c1ba2f,Linda,Edwards,Pharmacy,F003,721-527-5501x875
77802c3b,Steven,Valdez,Pharmacy,F004,875.487.2343
6f4d4720,Beverly,Heath,Cardiology,F001,+1-292-549-7373
96969be7,Angela,Wright,Radiology,F003,+1-312-634-1417x473
7dd1c31a,Sarah,Wilson,General Medicine,F001,(638)682-6783x5597
a484058f,Melanie,Medina,Radiology,F002,001-557-951-7228x1971
de2a35b9,Brandon,Holmes,Cardiology,F002,222.699.0703x5286
a7717de7,Vanessa,White,Pharmacy,F001,7598047664
30d1cfc9,Brian,Frazier,General Medicine,F002,560.456.4614x3996
b296f59c,Lisa,Martin,General Medicine,F001,507-398-5428x18666
ba9214e6,Tyler,Spencer,Pharmacy,F004,+1-810-366-9160x09633
f19ef8de,Mallory,Alvarado,Radiology,F003,328-858-8687x4931
c97fbc15,Martin,Le,Radiology,F001,840.206.7842x20421
8abb59d1,Clinton,Lambert,General Medicine,F002,580.822.6160x92011
37c5a27c,Elizabeth,Barr,General Medicine,F004,001-275-223-8715
e62a86c3,Chelsea,Thompson,Radiology,F003,747-890-5081x01516
9c70b179,Thomas,Harris,Radiology,F004,855-904-1064x264
06aeca16,John,Turner,General Medicine,F004,+1-301-690-9109x6870
291374f3,Elizabeth,Anderson,Pharmacy,F002,419-237-1152
8d40f5de,Patrick,Rojas,Cardiology,F003,945.716.0920
b4b76e79,Christopher,Jacobs,Cardiology,F004,389.530.3542x138
2491e187,Ashley,Fisher,Pharmacy,F002,770.239.6915x669
4dfbd342,Molly,Jacobs,Radiology,F004,(350)351-6577x318
42d10bb6,James,Carr,General Medicine,F001,+1-760-204-8819
9a01cfce,John,Anderson,Pharmacy,F003,935-449-0834
0f2c2434,William,Garza,Pharmacy,F003,379-981-2820
067c1e56,Robert,Ramirez,Radiology,F002,398-873-5730x7996
528c6f53,Joseph,Dunlap,Cardiology,F001,+1-635-412-8672x3929
2cea2612,Paul,Bradford,Cardiology,F002,(233)572-5114x757
eb8f8c9b,Nathan,Golden,General Medicine,F004,538.990.8278x81286
bfe91b76,Mark,Wiggins,Cardiology,F004,577-462-0460
c9da2e0a,Jennifer,Myers,Cardiology,F002,497-724-4214
b2a935e6,Kimberly,Blake,General Medicine,F004,(221)540-0513
13859e2b,Michael,Allen,Cardiology,F004,884.520.5957x2567
638a52c2,Andrea,Hardy,Pharmacy,F004,001-685-905-7373x820
c5b81ce5,Patricia,Vega,Radiology,F004,(738)355-8711x74759
500cc0ea,Jade,Cooper,Radiology,F002,+1-970-532-5877
e1685c77,Christina,Ramos,General Medicine,F002,(327)938-4644x53118
9e87b0a7,Katherine,Murphy,Pharmacy,F004,(709)645-2307x845
83911d17,Belinda,Ayala,Pharmacy,F002,494.984.0461x47169
e5c1f825,Angela,Moreno,Radiology,F002,937-418-6279
f9e9b9e4,Jerry,Morris,Pharmacy,F002,+1-520-735-4681
f0aaaf29,Sarah,Lane,General Medicine,F001,705-572-1165
011e186f,Brian,Daniel,Radiology,F002,737.440.8914x55313
5095b08e,Douglas,Cortez,Pharmacy,F001,524.968.7828
bc512613,Tiffany,Bates,Cardiology,F001,439.723.0232x93201
26871887,Emily,Stone,Pharmacy,F002,4742577777
d565d7cf,Ashley,Johnson,Radiology,F001,574-358-2879x18401
b0995163,Elizabeth,Miller,General Medicine,F003,415-844-8551
b00e3c08,Susan,James,General Medicine,F004,(653)698-2334
34934958,Frank,Bowen,Radiology,F004,219-615-4486
47861002,Tiffany,Smith,Radiology,F004,+1-388-261-0354x14042
b81d9159,Gerald,Owens,Radiology,F004,001-426-923-5794x29399
e86a7cf5,Kelly,Jacobson,General Medicine,F002,(444)478-6984
3410d721,Tracie,Huffman,Pharmacy,F004,324-680-6554x334
a750fd9f,Johnny,Williams,General Medicine,F003,256.833.0805
38987c43,Danielle,Nelson,Radiology,F004,357.649.7470x55102
56eb7689,Austin,Valencia,Pharmacy,F001,001-248-982-9751x52363
221d3acf,Eric,Douglas,Cardiology,F004,231.810.6328x100
534f9ddc,Michael,Price,General Medicine,F003,565.651.2015x28745
0430706f,Maria,Marshall,Pharmacy,F001,728.644.6295
5d955e93,Robert,Wood,Pharmacy,F004,(322)698-9975x5725
fdd8797d,Robert,Colon,Radiology,F004,7927882070
c685485d,Nathan,Nguyen,General Medicine,F004,7492834188
e4f1b6b6,Mandy,Baker,Cardiology,F004,(944)554-5915
2f07ba67,Crystal,Johnson,Radiology,F001,9988813670
07c3c3b4,Lauren,Allen,Pharmacy,F004,(510)849-0204
6da46a61,Carla,Boyer,Cardiology,F002,(253)284-9287x9376
3f671f42,Stephanie,Sanders,General Medicine,F003,001-334-336-6345x6111
4d1a9efc,Jessica,Short,Radiology,F002,+1-564-414-2373x82979
86a79453,Kaitlyn,Williams,Pharmacy,F004,303-704-2168x373
9169be12,Robert,Pineda,Pharmacy,F001,944-390-6190
1af9a3ab,Jesse,Clayton,Pharmacy,F003,295.611.6129
d56e2c91,Andrew,Fisher,Radiology,F002,545.648.1176x91605
cc1fff4b,Kevin,Drake,Radiology,F001,(918)528-7525
5bf02f28,Austin,Hill,Cardiology,F001,(645)535-2715x696
cb42a235,Brenda,Delgado,Cardiology,F003,331-364-2226
1500541e,Paul,Patterson,Radiology,F001,928.378.8219x15290
d7e791b3,Brandon,Fleming,Cardiology,F002,598-910-6933x5718
2d2ee60f,Elizabeth,Miles,Radiology,F002,001-245-906-5545
a41903eb,Jacqueline,Kramer,Pharmacy,F003,368-756-1980
c2640666,Patricia,Gillespie,Radiology,F001,001-372-546-7980x300
d8631b3e,Thomas,Evans,Radiology,F002,6352520403
5afb172f,John,Chen,Radiology,F002,+1-468-619-4504
c96e586c,Nathan,Davis,Cardiology,F001,4004257827
3893e1d8,Brenda,Leon,Pharmacy,F004,501-917-1986x903
3a70811c,Heather,Rhodes,Radiology,F001,(231)901-7111
425fb3a6,Thomas,Olsen,Pharmacy,F004,499-317-3213x686
aaafd233,Erica,Johnson,Cardiology,F002,001-848-366-5433x7841
a97f111b,Kristina,Bass,Radiology,F002,(361)725-2831x524
61d61078,Antonio,Bender,Radiology,F002,960.290.4270
187eae1b,Sara,Fisher,Pharmacy,F003,575.317.3535x812
b694870c,Wayne,Sanchez,Cardiology,F004,950.405.7421x05339
6e07516b,Jeffrey,Gomez,Radiology,F002,001-274-584-7430x4396
94a9b401,Jane,Burns,Radiology,F004,(301)306-4764
d77774d7,Chris,Thompson,Radiology,F004,001-263-888-7095x51919
0f6064ee,Christopher,Cole,Radiology,F003,001-525-570-8633x147
60adf285,Vanessa,Gomez,Pharmacy,F002,001-659-364-9555x94369
c9aca306,Kyle,Jackson,Cardiology,F001,(715)428-1110x3942
d82cec6e,Matthew,Krause,General Medicine,F003,001-276-478-4120x88504
7db1585b,Veronica,Duarte,Pharmacy,F001,678-240-9207
4268fdb7,Brittany,Johnston,Cardiology,F003,440-640-6587x700
bb4f9d06,Kevin,Butler,General Medicine,F001,845-915-9210x02422
72f65d78,Ryan,Parker,Radiology,F002,215-952-1453x68422
f6a9d0f8,Victoria,Gillespie,Cardiology,F003,+1-856-708-2612
7c1f63d6,David,Diaz,Pharmacy,F004,001-801-958-2081x297
e56166d5,Gail,Perez,Radiology,F001,593-821-9468
5bbc5706,Joshua,Klein,General Medicine,F004,+1-931-426-1480x6507
85065aea,Susan,Hughes,Pharmacy,F004,(253)374-4596x685
3fb73524,Audrey,Stout,Radiology,F002,001-567-432-6781
88e25341,Barbara,Brown,Radiology,F001,752.551.0692x6078
8a5c12ce,Matthew,Marsh,Cardiology,F002,273.911.5012
8adef60a,Amy,Jackson,Radiology,F001,6324136238
8863cb58,Mariah,Le,Radiology,F001,742-391-9674x209
39dbd30b,Kenneth,Nicholson,Radiology,F003,001-209-719-1978
22bee14b,Latoya,Crane,General Medicine,F002,(531)547-9696x046
0f6454fc,Kimberly,Gomez,Radiology,F004,(887)610-8404x9519
be188856,Victor,Hardin,Pharmacy,F001,001-235-620-7682
5e53cc58,Emma,Allen,Pharmacy,F001,(824)875-9515x5117
175c0444,Tracey,Graham,Radiology,F002,+1-583-435-0235
b0f4bbfc,Charles,Miller,Cardiology,F001,001-479-937-1484x417
aa32da60,Diane,Thornton,General Medicine,F001,537-825-4278x196
af0b6f37,Clifford,Tucker,Cardiology,F002,(486)771-2207x4027
ae215d80,Tina,Walker,Pharmacy,F001,+1-381-671-0056
8c8e4de4,Brandon,Arnold,General Medicine,F001,001-642-750-2397x01333
b05b1b41,Jason,Carter,Pharmacy,F003,(310)890-9214x1873
c922e807,George,Harvey,General Medicine,F003,(243)279-6402x99435
9532e085,Michelle,Snyder,General Medicine,F003,001-966-331-1158x274
d551fb6c,David,Ford,Pharmacy,F004,(570)458-7760x46093
f56b26d5,Jamie,Cohen,Cardiology,F004,3858471056
3c2ce6a9,Mallory,Pollard,Cardiology,F001,+1-967-965-1346x40206
0ac57949,Ashley,Sullivan,Cardiology,F003,+1-220-283-4514x8439
71ef42d3,Helen,Saunders,Radiology,F004,931.262.5556x544
87f32d17,Katherine,Moreno,Pharmacy,F004,(970)294-0160x315
b23892a2,Chad,Cisneros,Cardiology,F002,516.686.2164
9fe68e4a,Kayla,Wagner,General Medicine,F001,814-936-7691x321
dc9a17c1,Misty,Willis,Pharmacy,F003,224-771-2527x1100
99b52f65,Nathan,Grant,General Medicine,F002,(942)316-4016
d1b04b99,David,Leon,General Medicine,F002,001-332-960-9071
5dd50f30,Valerie,Brown,Pharmacy,F002,+1-369-647-1693x5805
ea849b48,Cassandra,Cline,General Medicine,F002,001-315-868-1745x003
be9295ed,Matthew,Morris,Radiology,F003,401.431.3031x13196
ba539c09,Laura,Pope,Pharmacy,F001,001-922-274-9862x546
294a8eba,Daniel,Davis,Pharmacy,F004,001-813-798-0762
70230851,Joseph,Williams,Pharmacy,F001,+1-540-868-6431x2072
a204c681,Joseph,Lewis,Cardiology,F001,829-906-6560x0137
ad3d438b,Colleen,Harris,Radiology,F001,(517)938-3591
f0c0681d,Sarah,Glass,Radiology,F002,001-386-482-5174
0b5ec544,Tammy,Rogers,Cardiology,F001,865-963-3952x733
0459db70,Joshua,Bailey,Cardiology,F001,918-813-9402x754
14b09493,Daniel,Jones,Cardiology,F002,827.279.4560x08289
bee1205c,Mark,Hayes,Cardiology,F001,819.733.4334x78219
8b14f658,Casey,Palmer,Pharmacy,F001,8606244243
406aeec4,Scott,Proctor,Cardiology,F003,+1-621-791-3883x44263
3e27c20b,Rhonda,Miller,Radiology,F001,551-980-3876
610536a5,Michelle,Lloyd,Cardiology,F002,(875)374-0469x602
07314fc4,David,Robinson,General Medicine,F003,849-559-2899x879
70aac74c,Grace,Summers,Radiology,F003,453.209.7898x497
b10a04ff,Alexis,Payne,General Medicine,F001,619.363.2548
eb3183b2,Sydney,Gonzalez,General Medicine,F004,491-563-0083
c48c7329,Emily,Richardson,Cardiology,F002,(242)347-7861x2547
aaa0e0a0,Anita,Camacho,Radiology,F004,001-522-384-1947x0608
ed2eda6b,Andrew,Perkins,Radiology,F004,232.860.4262x854
ec8a72cf,Jennifer,Cannon,General Medicine,F003,340.431.2429x114
c5d16cc2,Julie,Ramirez,Pharmacy,F002,583.293.4900
ef397645,Kevin,Rodriguez,Cardiology,F001,(921)468-8338
0832d3cd,Shane,Carlson,Radiology,F004,(822)599-0734
812048de,Joel,Peterson,Radiology,F002,286-987-6725
483bba94,Samantha,Torres,Radiology,F004,(544)201-2288x41634
f9fc88fa,Joseph,Powell,Cardiology,F002,5123285928
5d648538,Katie,Smith,Pharmacy,F002,+1-653-452-0897x496
548f485a,Bruce,Mack,Cardiology,F003,+1-877-390-9255x30127
0faf344d,Ryan,Long,Cardiology,F001,+1-346-802-3531
075dab42,Hannah,Jones,Radiology,F002,(495)244-9962x06124
d4ec81fb,Shawn,Higgins,Cardiology,F003,+1-236-556-2795x4864
949af53b,Stephen,Patterson,Pharmacy,F001,3878734704
ce92fc0f,Felicia,Avery,Cardiology,F002,+1-686-800-0108x0830
27caf036,Alexis,Rodriguez,Radiology,F003,(776)572-2085x3043
d2d740c3,Christian,Campbell,Radiology,F003,+1-717-927-5851x59568
3cdd0a4e,Jennifer,Berry,Pharmacy,F004,905-473-7355x00660
02102b0d,Alan,Robbins,Pharmacy,F001,5712567765
8d741306,Benjamin,Davis,Pharmacy,F002,8636273241
f601f99f,Molly,Garner,Radiology,F001,566-400-2525x380
ce7167c8,Timothy,Whitehead,Cardiology,F003,994-652-6814x84058
ab023320,Traci,Brown,Pharmacy,F004,684-676-2056x6160
6da94c43,Rachel,Maldonado,Pharmacy,F002,5502120013
ea683496,Denise,Dunlap,Radiology,F002,(834)845-3475
44126599,Cody,Hoffman,Cardiology,F003,+1-966-672-3398x0537
048e68cb,David,Ryan,Pharmacy,F003,652.750.0023
fcdd5bed,Lindsey,May,Pharmacy,F002,+1-658-276-0845
c332fa53,Matthew,Burton,General Medicine,F004,+1-809-449-1291x06238
b7dc4c2d,Daniel,Miller,Radiology,F002,733.954.8077x1121
2d804436,Daniel,Carroll,Pharmacy,F001,001-988-431-4502x52347
2c45d579,Andrew,Ellison,Radiology,F004,8574883999
38f5422e,Tiffany,Torres,Cardiology,F003,(440)942-6730x5461
64ce07d4,Jeffrey,Nelson,Cardiology,F004,706.267.3741x67820
979e6fa0,Alexa,Griffith,General Medicine,F002,440.539.8454x164
141c9ca8,Sonya,Johnson,Cardiology,F004,(675)394-1946
83ae4f35,Michelle,Dennis,Pharmacy,F002,7792113901
1f6eb808,Denise,Franklin,General Medicine,F001,+1-766-769-7052x6975
a657688c,Jacqueline,Smith,Cardiology,F001,248-222-1334
2486601e,Matthew,Trujillo,General Medicine,F002,001-404-688-0433x1179
21ee907c,Erin,Jones,Pharmacy,F002,(916)323-5162x0800
084858a3,Maria,Davis,Cardiology,F002,(347)501-8637x55984
20b1cf10,Ryan,Gray,Pharmacy,F003,919-411-5945
d4206172,Lisa,Marsh,Cardiology,F003,(347)285-0984x65790
dec5776c,Leah,Landry,General Medicine,F002,208.949.3984x092
786f217c,Dustin,Robinson,Radiology,F002,001-852-432-1868x5738
efcf87e3,Katherine,Peterson,Cardiology,F003,(717)739-3409
e260f6ac,Danielle,Petty,Pharmacy,F001,001-993-757-7440
23b06770,Monica,Carter,Cardiology,F001,(575)569-7087x88589
fb331e73,Stephanie,Turner,General Medicine,F001,(434)569-3044
7fe1536f,Antonio,Johnson,Radiology,F003,(532)962-6596x5288
32777cbd,Larry,Nichols,Pharmacy,F003,001-454-480-7376x2839
17741fcc,Alyssa,Edwards,Pharmacy,F002,378.446.7676x55755
5f13d847,Kathy,Young,General Medicine,F004,(927)468-5251
835fea6a,Lisa,Decker,Cardiology,F002,477.795.2552
13ef9343,Monique,Higgins,Radiology,F001,773-416-0590x6843
e982f69c,Jerry,Rios,Pharmacy,F001,001-850-203-9893
3cfd094e,Mark,Garcia,Cardiology,F001,421.883.9076
6bf90bca,Rachel,Ramsey,General Medicine,F003,(458)907-6267x15137
530fa6ef,Carol,Ramirez,Cardiology,F004,5737417288
cfd79a8f,Jared,Maddox,General Medicine,F004,8607763090
79da27e0,Andrea,Davis,General Medicine,F001,001-590-992-6395
bc1e4ab2,Dean,Andrade,Radiology,F002,2026668255
39e48857,Steven,Henderson,General Medicine,F004,669.766.8087x5971
175d3bea,Heather,Stephens,General Medicine,F003,357-806-0612x2523
b0acbd21,Mckenzie,Anderson,Pharmacy,F002,802.206.3376x29895
b915d8d1,Penny,Martin,Cardiology,F003,001-212-447-8840x698
c063e05d,Greg,Anderson,Pharmacy,F003,666.896.7437
4f16368d,Kevin,Hawkins,Pharmacy,F002,793.874.2482x120
cb3684ba,Jennifer,Woodard,General Medicine,F002,275-735-1938x71359
427c397a,William,Sanders,Pharmacy,F004,669.327.7190x7265
2af3e4b1,Ryan,Smith,Cardiology,F003,+1-656-236-3367x97471
3568aa10,Cynthia,Elliott,Radiology,F001,230-456-4019x8692
acd32da9,Christopher,Torres,Radiology,F002,001-568-440-3501x56999
db348e1f,Wendy,Fisher,Pharmacy,F001,366.359.7716x3970
1b4e7034,Autumn,Bailey,Cardiology,F001,4929208465
f873be88,Michael,Klein,Cardiology,F003,+1-266-425-1793x4260
c2579566,Brenda,Barnes,Cardiology,F001,9675463335
ad3ba7e4,Kathleen,Thompson,Pharmacy,F001,558-888-4960
af11802c,Alexis,Abbott,Radiology,F004,956-250-8374x75478
c7a67d0d,Michael,Peterson,General Medicine,F002,999.478.9029x3980
24eec49c,Elaine,Edwards,Radiology,F004,+1-653-427-6617
05e88006,Dominic,Duke,Pharmacy,F001,(728)354-3297x63197
8175c6cb,Donna,Klein,Radiology,F001,890-432-5549x089
d55740c1,Patrick,Burns,Radiology,F003,+1-370-814-4988
a6709aea,Stephanie,Smith,General Medicine,F003,001-811-493-8707x033
a9adfe84,Joshua,Nelson,Cardiology,F002,(767)668-6104x2434
ac11ea5d,Diane,Morgan,Radiology,F001,7203261551
3b038355,Brandon,Henson,Pharmacy,F002,+1-875-606-0567x224
c0fcb643,Glenda,Lloyd,Pharmacy,F003,(840)926-6271x281
ec92ac54,Samantha,Weber,Pharmacy,F001,001-714-475-2249x98570
7de9ca0b,Kristine,Costa,Pharmacy,F004,001-473-207-2864x87476
b00cefca,Jessica,Davis,Cardiology,F002,210.384.3417x4649
8cf87802,John,Padilla,Cardiology,F002,614.695.2928
5bd64fa1,Christina,Mason,General Medicine,F001,001-786-826-8798x70575
4040d5f7,Valerie,Holloway,Radiology,F002,843.703.7320x044
80190eb5,Sheila,Harvey,Radiology,F002,914.477.7622x7872
0d29845d,Matthew,Holt,General Medicine,F002,615.817.7257
1ce31296,Peter,Rodriguez,Pharmacy,F004,967-229-6781
3a8dbbf0,Frank,Baker,Cardiology,F004,903-314-5692x1887
6175c6ab,Matthew,Guerrero,Pharmacy,F003,677.551.2947x89771
49692c93,Dawn,Smith,Pharmacy,F004,532-462-9636
fdc6a9f6,Yolanda,Macdonald,Cardiology,F004,001-716-982-6729
be4eef85,Edward,Moreno,General Medicine,F004,242.235.9115x8604
56ba40ea,Elijah,Bailey,Radiology,F002,(657)807-6899x18039
0dcfbe3e,Erin,Turner,Radiology,F004,+1-590-325-7759x796
5ebe7170,Shelby,Lowery,Pharmacy,F004,470.828.5422
5970ee0c,Robert,Williams,Cardiology,F004,(747)804-8951
0985ad59,Belinda,Bradshaw,General Medicine,F002,233.772.4185x99751
03aeec8c,Christopher,Hansen,Cardiology,F001,(627)347-9180x990
6c48ea9d,Jessica,Miller,Pharmacy,F003,001-384-901-8084
75921228,Christy,Carter,General Medicine,F004,(670)311-7846x60431
af311cbd,Shannon,Rodriguez,Cardiology,F003,001-226-667-4938x17571
74457b10,Kimberly,Robinson,Radiology,F002,253.819.4914x9217
35e2b6be,Virginia,Krueger,Pharmacy,F002,955-600-5579
1ee64f05,Barbara,Williams,Cardiology,F003,+1-651-799-0024x46326
3c4b746e,Robert,Kaufman,Radiology,F003,466-399-6601
8c6a147a,Danielle,Garza,Radiology,F004,(284)653-6347x661
390d3299,Christopher,Scott,Radiology,F001,993.402.1905
831b4cc3,Jason,Coleman,Pharmacy,F001,7463099851
9edead4a,John,Lopez,General Medicine,F001,+1-615-321-7506x845
c0ef486d,Sydney,Nelson,Pharmacy,F002,689.267.7537x48036
813b0b81,Anita,White,Radiology,F002,353.474.7016x9402
bfdb84d4,Jason,Salazar,General Medicine,F002,713.992.5294
61ba5f77,Michelle,Gordon,Pharmacy,F004,6574763665
d47552a7,Joseph,George,Pharmacy,F003,001-701-910-0854x8289
1c829f64,Clayton,Perkins,General Medicine,F002,617.339.6739x04160
a4d67758,Carrie,Lewis,Pharmacy,F002,+1-853-917-0934x23225
8f209868,Linda,Johnson,Radiology,F002,001-848-451-5623x607
a537cefc,Jennifer,Johnson,General Medicine,F003,(426)291-9910x2137
0cd0ed29,David,Mcpherson,Radiology,F001,001-659-935-0948
e41f2545,Joel,Madden,Cardiology,F002,570.944.9117x585
5da89a9c,Lindsay,Vance,Cardiology,F004,(908)890-0274
40fd5c24,Christy,Martinez,General Medicine,F003,001-858-218-5192x0896
5191053f,Cheryl,Vega,Cardiology,F004,7552025082
64b37308,Brian,Jones,Pharmacy,F004,(985)853-9659
394b0df9,Howard,Hart,Radiology,F001,+1-449-753-0858
54a49ad7,Ryan,Davis,Radiology,F002,(454)382-8833
737c186a,Albert,Bowman,Cardiology,F004,+1-827-538-8081x985
03e567d9,Katherine,Burton,Pharmacy,F004,753-537-3092
bc68f301,Christina,Wilson,General Medicine,F002,(768)514-1633x6485
f995f022,Amy,Kelly,Radiology,F003,001-923-418-8772x774
e6d75a37,Michael,Oneill,Pharmacy,F002,489-687-1091x7707
6420bd49,Sydney,Sandoval,General Medicine,F004,+1-437-411-2172
d309bb33,Marissa,Baker,Radiology,F002,(528)575-9276x2007
4ca891c2,April,Mcmillan,General Medicine,F002,(422)865-1728x02014
753f8097,Christian,Snow,Pharmacy,F003,321-751-5503
3a1b9523,Tammy,Wells,Pharmacy,F004,001-427-447-0097
5f6d8b65,Brittany,Thornton,Pharmacy,F003,(216)849-8844
8619eeca,Jeffery,Rodriguez,Cardiology,F001,(930)231-2722
842dbc9e,Hailey,Jones,General Medicine,F003,664.897.0652x46498
8c47d3eb,Christopher,Hurst,Pharmacy,F001,001-272-599-5255x149
aece23ee,Adrian,Kirk,General Medicine,F002,(295)395-5938x0259
0f49f79c,Lynn,Flores,Pharmacy,F003,678-466-5903x50787
72d61f91,Victoria,Smith,Pharmacy,F001,(589)296-4360x00042
d006c611,Mark,Massey,Cardiology,F004,(504)734-3803x888
e22aa913,Jennifer,Daniels,General Medicine,F001,263.336.7312
14e5712a,Nicholas,Randall,Pharmacy,F001,001-972-512-7992x36598
c8b849cf,Matthew,Crosby,Pharmacy,F001,741.557.4854x82912
e330396d,Brittany,Hall,Pharmacy,F003,001-409-557-3415
c7e589e0,Dawn,Reynolds,General Medicine,F003,347.428.6990
f79afb02,Denise,Velazquez,Cardiology,F004,379-675-0328x437
037e4ffa,Alfred,Riley,General Medicine,F004,872.231.4795
04d93292,Dillon,Leonard,General Medicine,F001,(963)891-1959
9350cb63,Jonathan,Lopez,Cardiology,F003,(217)655-2601x71592
175d0378,Wendy,Chaney,Pharmacy,F001,001-712-565-2752x266
68fca58a,Dawn,Lucas,Pharmacy,F002,001-577-674-3232
81bffa3e,Melissa,Marshall,General Medicine,F001,225.302.1463x33864
31802750,Lynn,Farmer,Pharmacy,F003,544.492.8085
a775c2f5,Samuel,Wright,General Medicine,F002,882.775.1843
1e7827f4,Cody,Dean,Cardiology,F002,001-771-889-5070x032
25b527f9,Erin,Rice,General Medicine,F002,001-292-291-8158x4110
e69ad073,William,Price,Radiology,F001,486-275-7258
e366930b,Renee,Green,Radiology,F003,(560)716-1507
4aba9b05,Mark,Patel,General Medicine,F002,(475)823-6369
b97e4374,Tamara,Herrera,Cardiology,F003,001-838-480-9739x946
4aa7a097,Angel,Combs,General Medicine,F002,(430)518-9686x5706
716d7d84,Dennis,Lyons,General Medicine,F002,001-617-535-3817x18872
d31d1f71,Scott,Dickerson,Pharmacy,F004,422.629.0717
29b53b59,Jose,Grant,Radiology,F002,001-310-717-2358x009
f9e728e9,Matthew,Howard,Cardiology,F001,+1-481-887-9380x7508
65183689,Karen,Peters,General Medicine,F002,851-994-3112
3504895c,Robert,Edwards,Pharmacy,F003,907-518-7742x3852
7a4d2667,Brian,Barnes,Radiology,F002,7455478744
64ecdaa4,Steven,Garza,Radiology,F002,(925)353-6990
8376bd7d,Elizabeth,Greene,Pharmacy,F004,4176178833
c612ce79,Carlos,Taylor,Radiology,F001,479-783-2661x769
19852a24,Melissa,Carson,Cardiology,F001,+1-431-437-8582x24543
e0b79eb9,Christy,Davis,General Medicine,F002,549.660.1199
939539cb,Christine,Kelly,General Medicine,F002,269.991.4117
23145844,Rebecca,Beasley,General Medicine,F002,934.960.4452x0601
838d8744,Robert,Williams,General Medicine,F002,+1-238-962-1544
9d3765db,Robert,Gardner,Cardiology,F003,967.294.4869
60051771,Jeffrey,Palmer,General Medicine,F002,880-498-4139
c9786e9a,Lawrence,Pacheco,Radiology,F003,714-693-7331x8853
da62aabc,Ashley,Banks,Radiology,F004,726-637-9076x96251
f61e672c,Javier,Hughes,Pharmacy,F002,236.583.9921
29d8d3ca,Alan,Wood,Radiology,F004,+1-771-306-0228x93271
5508cd7e,Hayden,Jones,Radiology,F001,+1-265-580-0750x06603
ea32677b,Jason,Ray,Cardiology,F003,283.918.8472
e64e9e6e,Brent,Ramos,Radiology,F003,+1-443-215-5686
1168220b,Danielle,Rice,Pharmacy,F004,680.960.7307x922
0f609cf5,Ariel,Nelson,Radiology,F002,001-825-755-3287x665
865d28be,Daniel,Perez,General Medicine,F002,001-241-506-7537
3dfd8091,Samantha,Williams,Cardiology,F001,(575)458-1303x7417
cfff8ff7,Elizabeth,Smith,General Medicine,F003,275.494.2234x291
246161a3,Yvonne,Maxwell,Cardiology,F001,438.640.7501x7595
5f9a74ce,Olivia,Smith,Pharmacy,F001,(662)809-0234x452
24053a29,Susan,Smith,Cardiology,F001,(873)720-8889x9996
74690969,Karen,Rivera,Radiology,F002,(936)439-3014
3fc9dac7,Thomas,Ortega,Cardiology,F001,(203)820-0230
a613ac91,Matthew,Olsen,Pharmacy,F003,396.873.6740x6889
c2adba2f,William,Herrera,Pharmacy,F004,422.629.7830
192ab39a,Lori,Taylor,Pharmacy,F004,(285)426-5034x819
13184010,Melissa,Solis,Pharmacy,F002,001-388-602-2132x6303
52a59e9b,Angela,Rice,General Medicine,F001,001-469-595-2222x9831
7bb1a690,Laura,Jones,General Medicine,F004,+1-276-455-8209x3304
23a48c3b,Kara,Peterson,Pharmacy,F003,001-551-419-0829x994
7f8e8051,Michael,Young,Pharmacy,F003,245.816.6995
de80d3c1,Misty,Weaver,Radiology,F001,223.703.7434x1774
3aba6166,Gregory,Mcintosh,General Medicine,F004,800-611-5428x85564
073dbda6,Laura,Hicks,Cardiology,F001,(897)756-6018x717
bae5fdc1,Amanda,Jackson,Pharmacy,F001,865.758.2921x25180
0f466e5c,Cindy,Carpenter,Radiology,F003,001-635-707-4039x65097
04501608,Eric,Jackson,General Medicine,F003,903-223-7447
35432439,Rebecca,Lowe,General Medicine,F002,591-851-9251x99182
b1ee75c7,Jesus,Lyons,Cardiology,F001,445-531-6148
