provider_id,first_name,last_name,specialty,facility_id,contact_number
5b300d70,John,Trevino,Pharmacy,F001,370-561-5953x5645
d770c7f0,Melinda,Taylor,Cardiology,F002,729-914-1932
15721b33,David,Clark,Radiology,F003,001-248-875-0262
ca13ad2e,Tanner,Ross,Cardiology,F004,001-689-429-4508x924
033b4b42,Calvin,Shah,General Medicine,F002,490-392-2241x8856
398c9268,Michelle,Davis,Pharmacy,F004,001-492-606-3153
f7b91650,Linda,Nguyen,Cardiology,F003,+1-717-633-5484x083
36f9fc33,Mark,Moran,Radiology,F001,593.878.7259
c1ac95db,Robert,Pena,Pharmacy,F002,807-985-9520
4ace86cd,Sarah,Nelson,Radiology,F001,001-235-708-5049
110d364c,Scott,Finley,Cardiology,F001,836.864.3610x3883
3173e933,Dillon,Shea,General Medicine,F001,6069583014
e10cf5e3,Karen,Johnson,General Medicine,F003,801-557-7847x851
61eb5500,Michael,Lin,Radiology,F003,+1-518-681-4000
f55936f0,Paula,Owens,Pharmacy,F002,001-214-348-1982
bc365b1d,Nicole,Russo,Cardiology,F004,555.202.2145x0760
4020de95,Kyle,Garcia,Pharmacy,F002,+1-950-379-6187
434d22ee,Melanie,Mitchell,Cardiology,F001,001-247-680-9734
3a463935,Michael,Jackson,General Medicine,F004,(780)902-6547x9349
160faabe,Stephanie,Ward,Radiology,F004,7815927846
03707ab4,Mikayla,Duffy,Cardiology,F002,(831)719-5567
30f56655,John,Thomas,Radiology,F004,6634173296
34cbb5e4,Michael,Wolfe,Cardiology,F003,(345)624-3624
dd01b10b,Tanya,Jensen,Radiology,F004,001-251-936-0601x507
78eac2f3,Krista,Coleman,Radiology,F003,001-340-878-3998x713
a8554c59,Kathy,Jones,Pharmacy,F002,635.390.9570
03d99269,Justin,Fletcher,Cardiology,F001,(450)262-0003x020
bb0a9f76,Joseph,Black,Radiology,F001,+1-631-301-5163x2621
12d71269,Kimberly,Gray,Cardiology,F003,(305)819-1876x207
6edd4bc0,Jennifer,Weber,Radiology,F001,714-767-5003
0fe0797c,Joe,Jackson,Cardiology,F002,(831)307-9892
fdf2d415,Karen,Parker,General Medicine,F002,4272135300
cab0041a,Cassidy,Vasquez,Pharmacy,F003,(999)459-5266x47975
80a04e3c,Tamara,Vincent,General Medicine,F001,2216332141
1f747b87,Sheila,Hanson,General Medicine,F003,(479)720-7703x229
81cc4264,Karen,Smith,Cardiology,F003,833-765-4465
874afea9,Ashley,Jones,Pharmacy,F004,(611)862-3928x964
29eb27d3,Peggy,Nelson,Radiology,F001,001-314-873-3171x330
0fc6f1bd,Brittney,Fox,Radiology,F003,001-632-421-7481x5566
b9ea7c90,Andrew,Curtis,Radiology,F004,330-706-7002x6510
1247d75b,Heather,Jones,Pharmacy,F004,(546)714-7476x08070
9751d825,Matthew,Donovan,General Medicine,F003,+1-496-994-4195x632
edec4497,Emily,Sandoval,Cardiology,F003,222.713.0371x423
3a2913db,Ryan,Woodard,Radiology,F001,001-214-796-2945
4d8f806f,Benjamin,Pope,General Medicine,F001,331.653.9052x53942
a470ce79,Kyle,Davidson,Pharmacy,F001,(391)714-5865x6165
3c540278,Patricia,Williams,Radiology,F002,209.639.3964x5717
a1af492e,Sara,Rosales,Radiology,F003,(390)868-6834x012
3dd3722a,Kristin,Alvarez,Pharmacy,F003,393-366-8456x62541
8498ecfb,John,Cooke,General Medicine,F002,3308419866
6cae7714,Dominic,Davidson,Pharmacy,F003,+1-818-204-2949x58515
4b2c3e0f,John,Hall,General Medicine,F004,2857307191
6dcd59ed,Katherine,Maldonado,Pharmacy,F004,001-253-521-1968
fd0a8e81,Logan,Ward,Radiology,F001,001-951-909-5122x12357
498006b6,Michael,Baker,General Medicine,F003,(630)682-3725
245e8a7f,Ernest,Larson,Cardiology,F001,001-315-822-6765x3650
1da46b2e,Kelly,Hill,Cardiology,F004,358.214.2508x92441
c2779790,Matthew,Underwood,Cardiology,F002,(584)887-7812
45cdf915,Cody,Gray,Cardiology,F004,+1-659-502-6050x21539
018de3bf,John,Harris,Cardiology,F002,861.839.8055x95100
c4b76e59,Timothy,Barber,Pharmacy,F001,959.987.2585
dea18b7e,Adam,Hartman,Cardiology,F003,(394)221-9503
ed229b6f,Madison,Moreno,Cardiology,F002,(750)606-6637
e2fafa2a,Cassandra,Chaney,Cardiology,F001,(905)683-6761x2425
2f7d93d3,Krystal,Tate,Pharmacy,F003,408.412.3498
68990198,Destiny,Santos,Pharmacy,F004,690-761-5712x7843
2d35ae68,Glen,Goodwin,General Medicine,F002,775-923-5302
224e5ff4,Barbara,Tyler,Pharmacy,F004,(806)335-9822x02985
e4a61835,Richard,Powell,Radiology,F003,001-421-211-3377
d05e2af4,April,Benjamin,Cardiology,F003,867.516.2268x68867
b3756f3c,Kelly,Allen,General Medicine,F002,001-999-255-3355x7320
fa080172,Michelle,Lin,General Medicine,F003,+1-948-426-2535
f9f2b741,Brian,Gordon,Pharmacy,F002,922-583-9469x11244
3ac9d5ca,Emily,Skinner,General Medicine,F002,(441)262-4611
45119816,Jennifer,Hester,General Medicine,F003,4718550567
5ccc67f8,Beth,Thomas,General Medicine,F004,+1-748-303-6404x955
e0c72743,Alexandra,Campbell,Cardiology,F004,001-636-284-8123x08317
72695fa6,Scott,Quinn,General Medicine,F004,(534)231-0995x74081
baf2628b,Megan,Reyes,General Medicine,F001,001-734-913-9716x97485
f229e080,Darlene,Gross,Cardiology,F001,(896)615-7736x668
61eedbd5,Justin,Harris,General Medicine,F004,710.274.7999
4d51e807,Dawn,Guerrero,Pharmacy,F002,(270)498-7915x82882
d8b93164,Anna,Fuller,Radiology,F003,694-515-1462x78889
9f8dbe0e,Kathryn,Beard,General Medicine,F002,(219)436-9102
940c670b,Robert,Smith,Cardiology,F001,283-389-1386x088
b2777141,Laura,Guzman,Radiology,F002,+1-972-292-6352x0104
38e51cf0,Cindy,Sims,Radiology,F002,+1-546-644-0742
45b29278,Alejandro,Peters,Cardiology,F003,3393200517
2b3b542e,Jeffrey,Sheppard,Pharmacy,F004,420.343.4829
fdfda690,Jason,Acevedo,Radiology,F002,(788)918-0183x375
55e5c51e,Kelly,Spears,Pharmacy,F003,001-991-732-6588
8a27edb1,Christopher,Tapia,General Medicine,F001,+1-535-929-7034x6774
8fa9eb73,Denise,Mitchell,General Medicine,F002,+1-505-742-8168x51558
9b98912e,Sharon,Lee,Radiology,F002,(801)562-7009x79909
852fc996,Elizabeth,Burns,Pharmacy,F003,(672)662-0007x16749
9e7156e0,Edward,Estrada,Radiology,F003,+1-890-924-0429x4199
06886b1f,Kevin,Smith,Radiology,F002,219-657-9447x566
35fa6160,Julie,Alexander,Cardiology,F002,620-268-9404x930
16ed76a8,Elizabeth,Walker,Cardiology,F003,(896)508-6773
0701f480,Sandra,Boyd,Pharmacy,F003,258.618.6080x1858
39811a51,Eric,White,Radiology,F001,396.294.9603x2220
f5f73bb0,Edward,Coleman,Cardiology,F001,001-945-389-8849
616d40be,Samuel,Morales,Radiology,F002,919-741-8702x4538
e3077924,Bobby,Harris,Radiology,F004,743-683-2064x09410
2a443bfd,Robert,Bryant,Cardiology,F002,625.567.5279x18235
8205c2e0,Jonathan,Jones,General Medicine,F002,+1-318-553-6530x0734
d9815c36,Jamie,Gibson,Cardiology,F004,001-765-963-3837x958
9279a7ed,Andres,Johnson,Pharmacy,F004,818-864-5450x61514
077a362d,Samuel,Williams,Cardiology,F001,889-892-9987x8568
c88f252a,Kenneth,Alvarez,Cardiology,F004,9388796404
40abe434,Christine,Villegas,Pharmacy,F003,420.632.3552
71fb9ec9,Susan,Dennis,General Medicine,F004,257.404.2792x43472
1b0fe6ff,Brittany,Cross,Pharmacy,F002,+1-822-628-9944
375a68cc,Micheal,Blake,Cardiology,F004,001-624-429-6843x48993
69217196,Kevin,Duarte,Pharmacy,F002,001-677-849-8502x0412
d793a51e,Anthony,Vega,Pharmacy,F002,677-247-0597x39882
d4cfb673,Brian,Pierce,Radiology,F002,(219)623-6078
090256a7,Laura,Soto,Radiology,F001,+1-821-341-7203x52688
5b494b3d,Todd,Benson,Pharmacy,F004,667-606-1001
d4935786,Charlotte,Sims,Pharmacy,F002,668-872-5936x59646
33818dfa,Heather,Rodriguez,Radiology,F003,(817)566-9553x350
b11d63c1,Samantha,Adams,Radiology,F003,001-528-452-5322x99152
245e898c,Jeffrey,Rodriguez,Pharmacy,F003,(274)378-9322x078
21db7e30,Wesley,Manning,Cardiology,F002,(817)303-9898
740a8d9a,Michelle,Gonzales,General Medicine,F003,001-419-920-2774x97593
5f409cfe,Joseph,Alvarado,Pharmacy,F001,206.554.8337
ccd5efaf,Heather,Escobar,Radiology,F003,001-583-644-5593x102
c5348591,Christy,Barnett,General Medicine,F001,215-582-0909
e32df381,Michael,Hernandez,Radiology,F004,(737)859-8971
4da62af9,Tasha,Johns,Cardiology,F001,813.262.8191x55468
f287803a,Cassandra,Rodriguez,Radiology,F002,(778)513-2534x295
74caa038,Jonathan,Estes,Pharmacy,F001,(800)884-6721
0188659a,Christopher,White,General Medicine,F003,526-599-5460x8717
ea940e59,Sharon,Lawson,Pharmacy,F001,296.582.2737x9906
4a8f8166,Danny,Smith,Cardiology,F001,449-299-2216x9935
de181e75,William,Johnson,General Medicine,F003,570-442-1450x369
7ecd2f0a,Maria,Gibson,Radiology,F003,347-875-4304
08807bc3,Thomas,Evans,General Medicine,F004,569.625.5745x0185
d26900f5,George,Fields,Pharmacy,F004,001-698-660-8427x4147
87f2bf32,Valerie,Guzman,Pharmacy,F004,+1-323-650-6626x89429
1af518df,Lori,Perez,Pharmacy,F001,338.868.7976x2624
0599d301,Kimberly,Clark,Pharmacy,F001,(376)902-4072x38594
dab2600b,Dominique,York,Pharmacy,F002,(783)452-0747
20c3473a,Allison,Watson,General Medicine,F003,(765)776-1447x10261
3adce216,Brian,Brown,Cardiology,F002,001-313-359-9863x3237
9981e153,Lisa,Thompson,General Medicine,F001,(500)241-9908x4346
d94d2cdd,Sara,Smith,Cardiology,F002,787-229-2037
b255e682,Jennifer,Lambert,Radiology,F003,001-328-821-8261x06949
21cc5c77,Christopher,Jones,General Medicine,F004,+1-956-906-3788x5687
f7af97c3,Denise,Robles,Pharmacy,F003,001-466-248-0724x5329
